new_release,old_release,flavor,module,change_scope,grouping,choice_case_context,path_relative_to_grouping,change,kind_before,kind_after,property,value_before,value_after
26.2.1,26.1.1,Config,Cisco-IOS-XE-aaa.yang,grouping content,config-aaa-grouping,,/group/server/radius/server-private/key/key,property changed,leaf,leaf,type,"[""string""]","[""string {pattern .*}""]"
26.2.1,26.1.1,Config,Cisco-IOS-XE-aaa.yang,grouping content,config-radius-server-grouping,,/key/clear-key,property changed,leaf,leaf,type,"[""string""]","[""string {pattern .*}""]"
26.2.1,26.1.1,Config,Cisco-IOS-XE-aaa.yang,grouping content,config-radius-server-tls-dtls-common,,/cipher,added data node,,leaf,,,
26.2.1,26.1.1,Config,Cisco-IOS-XE-aaa.yang,grouping content,config-radius-server-tls-dtls-common,,/version,added data node,,leaf,,,
26.2.1,26.1.1,Config,Cisco-IOS-XE-aaa.yang,grouping content,config-tacacs-server-grouping,,/key/key,property changed,leaf,leaf,type,"[""string""]","[""string {pattern .*}""]"
26.2.1,26.1.1,Config,Cisco-IOS-XE-aaa.yang,grouping content,tacacsplus-server-private-grouping,,/key/key,property changed,leaf,leaf,type,"[""string""]","[""string {pattern .*}""]"
26.2.1,26.1.1,Config,Cisco-IOS-XE-acl.yang,grouping content,ipv4-acl-dst-addr-port-grouping,choice dst-port-choice > case dst-eq-case,/dst-eq-list,added data node,,leaf-list,,,
26.2.1,26.1.1,Config,Cisco-IOS-XE-acl.yang,grouping content,ipv4-acl-dst-addr-port-grouping,choice dst-port-choice > case dst-neq-case,/dst-neq-list,added data node,,leaf-list,,,
26.2.1,26.1.1,Config,Cisco-IOS-XE-acl.yang,grouping content,ipv4-acl-dst-addr-port-grouping,choice dst-port-choice > case dst-eq-case,/dst-eq,property changed,leaf,leaf,status,[],"[""deprecated""]"
26.2.1,26.1.1,Config,Cisco-IOS-XE-acl.yang,grouping content,ipv4-acl-dst-addr-port-grouping,choice dst-port-choice > case dst-neq-case,/dst-neq,property changed,leaf,leaf,status,[],"[""deprecated""]"
26.2.1,26.1.1,Config,Cisco-IOS-XE-acl.yang,grouping content,ipv4-acl-src-addr-port-grouping,choice src-port-choice > case src-eq-case,/src-eq-list,added data node,,leaf-list,,,
26.2.1,26.1.1,Config,Cisco-IOS-XE-acl.yang,grouping content,ipv4-acl-src-addr-port-grouping,choice src-port-choice > case src-neq-case,/src-neq-list,added data node,,leaf-list,,,
26.2.1,26.1.1,Config,Cisco-IOS-XE-acl.yang,grouping content,ipv4-acl-src-addr-port-grouping,choice src-port-choice > case src-eq-case,/src-eq,property changed,leaf,leaf,status,[],"[""deprecated""]"
26.2.1,26.1.1,Config,Cisco-IOS-XE-acl.yang,grouping content,ipv4-acl-src-addr-port-grouping,choice src-port-choice > case src-neq-case,/src-neq,property changed,leaf,leaf,status,[],"[""deprecated""]"
26.2.1,26.1.1,Oper,Cisco-IOS-XE-app-hosting-oper.yang,grouping content,memory-util,,/app-mem-used,added data node,,leaf,,,
26.2.1,26.1.1,Oper,Cisco-IOS-XE-app-hosting-oper.yang,grouping content,vs-process,,/uptime,property changed,leaf,leaf,units,[],"[""seconds""]"
26.2.1,26.1.1,Oper,Cisco-IOS-XE-bgp-oper.yang,grouping content,address-family-summary,,/total-memory,property changed,leaf,leaf,units,[],"[""bytes""]"
26.2.1,26.1.1,Oper,Cisco-IOS-XE-bgp-oper.yang,grouping content,bgp-transport,,/mss,property changed,leaf,leaf,units,[],"[""bytes""]"
26.2.1,26.1.1,Oper,Cisco-IOS-XE-bgp-oper.yang,grouping content,configured-peer-policy,,/advertisement-interval,property changed,leaf,leaf,units,[],"[""seconds""]"
26.2.1,26.1.1,Oper,Cisco-IOS-XE-bgp-oper.yang,grouping content,configured-peer-policy,,/llgr-stale-time-accept,property changed,leaf,leaf,units,[],"[""seconds""]"
26.2.1,26.1.1,Oper,Cisco-IOS-XE-bgp-oper.yang,grouping content,configured-peer-policy,,/llgr-stale-time-send,property changed,leaf,leaf,units,[],"[""seconds""]"
26.2.1,26.1.1,Oper,Cisco-IOS-XE-bgp-oper.yang,grouping content,configured-peer-policy,,/max-pfx-restart-interval,property changed,leaf,leaf,units,[],"[""seconds""]"
26.2.1,26.1.1,Oper,Cisco-IOS-XE-bgp-oper.yang,grouping content,configured-peer-policy,,/max-prefix-threshold,property changed,leaf,leaf,units,[],"[""percent""]"
26.2.1,26.1.1,Oper,Cisco-IOS-XE-bgp-oper.yang,grouping content,configured-peer-policy,,/sp-detect-thold,property changed,leaf,leaf,units,[],"[""seconds""]"
26.2.1,26.1.1,Oper,Cisco-IOS-XE-bgp-oper.yang,grouping content,entry-stats,,/memory-usage,property changed,leaf,leaf,units,[],"[""bytes""]"
26.2.1,26.1.1,Oper,Cisco-IOS-XE-bgp-oper.yang,grouping content,negotiated-keepalive-timers,,/hold-time,property changed,leaf,leaf,units,[],"[""seconds""]"
26.2.1,26.1.1,Oper,Cisco-IOS-XE-bgp-oper.yang,grouping content,negotiated-keepalive-timers,,/keepalive-interval,property changed,leaf,leaf,units,[],"[""seconds""]"
26.2.1,26.1.1,Oper,Cisco-IOS-XE-bgp-rib-oper.yang,grouping content,bgp-path-unknown-attr,,/len,property changed,leaf,leaf,units,[],"[""bytes""]"
26.2.1,26.1.1,Oper,Cisco-IOS-XE-bgp-rib-oper.yang,grouping content,bgp-path-unknown-attr-key,,/len,property changed,leaf,leaf,units,[],"[""bytes""]"
26.2.1,26.1.1,Oper,Cisco-IOS-XE-bgp-route-oper.yang,grouping content,peer-group,,/min-time,property changed,leaf,leaf,units,[],"[""seconds""]"
26.2.1,26.1.1,Oper,Cisco-IOS-XE-bgp-route-oper.yang,grouping content,peer-group,,/slowpeer-detection-value,property changed,leaf,leaf,units,[],"[""seconds""]"
26.2.1,26.1.1,Config,Cisco-IOS-XE-bgp.yang,grouping content,address-family-no-vrf-obsolete-grouping,,/no-vrf/ipv4/uses::ipv4-unicast-obsolete-grouping,added uses reference,,uses,uses,,ipv4-unicast-obsolete-grouping
26.2.1,26.1.1,Config,Cisco-IOS-XE-bgp.yang,grouping content,address-family-no-vrf-obsolete-grouping,,/no-vrf/ipv6/uses::ipv6-unicast-obsolete-grouping,added uses reference,,uses,uses,,ipv6-unicast-obsolete-grouping
26.2.1,26.1.1,Config,Cisco-IOS-XE-bgp.yang,grouping content,address-family-no-vrf-obsolete-grouping,,/no-vrf/vpnv4/uses::vpnv4-unicast-obsolete-grouping,added uses reference,,uses,uses,,vpnv4-unicast-obsolete-grouping
26.2.1,26.1.1,Config,Cisco-IOS-XE-bgp.yang,grouping content,address-family-no-vrf-obsolete-grouping,,/no-vrf/vpnv6/uses::vpnv6-unicast-obsolete-grouping,added uses reference,,uses,uses,,vpnv6-unicast-obsolete-grouping
26.2.1,26.1.1,Config,Cisco-IOS-XE-bgp.yang,grouping content,address-family-no-vrf-obsolete-grouping,,/no-vrf/ipv4/uses::ipv4-unicast-grouping,removed uses reference,uses,uses,uses,ipv4-unicast-grouping,
26.2.1,26.1.1,Config,Cisco-IOS-XE-bgp.yang,grouping content,address-family-no-vrf-obsolete-grouping,,/no-vrf/ipv6/uses::ipv6-unicast-grouping,removed uses reference,uses,uses,uses,ipv6-unicast-grouping,
26.2.1,26.1.1,Config,Cisco-IOS-XE-bgp.yang,grouping content,address-family-no-vrf-obsolete-grouping,,/no-vrf/vpnv4/uses::vpnv4-unicast-grouping,removed uses reference,uses,uses,uses,vpnv4-unicast-grouping,
26.2.1,26.1.1,Config,Cisco-IOS-XE-bgp.yang,grouping content,address-family-no-vrf-obsolete-grouping,,/no-vrf/vpnv6/uses::vpnv6-unicast-grouping,removed uses reference,uses,uses,uses,vpnv6-unicast-grouping,
26.2.1,26.1.1,Config,Cisco-IOS-XE-bgp.yang,grouping content,address-family-redistribute-grouping,,/redistribute/isis,property changed,container,container,must,"[""/ios:native/ios:router/ios-isis:isis""]",[]
26.2.1,26.1.1,Config,Cisco-IOS-XE-bgp.yang,grouping content,address-family-redistribute-grouping-obsolete,,/redistribute/isis,property changed,container,container,must,"[""/ios:native/ios:router/ios-isis:isis""]",[]
26.2.1,26.1.1,Config,Cisco-IOS-XE-bgp.yang,grouping content,address-family-v6-redistribute-grouping-obsolete,,/redistribute-v6/isis,property changed,container,container,must,"[""/ios:native/ios:router/ios-isis:isis""]",[]
26.2.1,26.1.1,Config,Cisco-IOS-XE-bgp.yang,grouping content,ipv4-unicast-neighbor-obsolete,,/uses::neighbor-activate-grouping,new uses reference,,uses,uses,,neighbor-activate-grouping
26.2.1,26.1.1,Config,Cisco-IOS-XE-bgp.yang,grouping content,ipv4-unicast-neighbor-obsolete,,/uses::neighbor-additional-paths-grouping,new uses reference,,uses,uses,,neighbor-additional-paths-grouping
26.2.1,26.1.1,Config,Cisco-IOS-XE-bgp.yang,grouping content,ipv4-unicast-neighbor-obsolete,,/uses::neighbor-advertise-grouping,new uses reference,,uses,uses,,neighbor-advertise-grouping
26.2.1,26.1.1,Config,Cisco-IOS-XE-bgp.yang,grouping content,ipv4-unicast-neighbor-obsolete,,/uses::neighbor-advertise-map-grouping,new uses reference,,uses,uses,,neighbor-advertise-map-grouping
26.2.1,26.1.1,Config,Cisco-IOS-XE-bgp.yang,grouping content,ipv4-unicast-neighbor-obsolete,,/uses::neighbor-advertisement-interval-ebgp-grouping,new uses reference,,uses,uses,,neighbor-advertisement-interval-ebgp-grouping
26.2.1,26.1.1,Config,Cisco-IOS-XE-bgp.yang,grouping content,ipv4-unicast-neighbor-obsolete,,/uses::neighbor-advertisement-interval-grouping,new uses reference,,uses,uses,,neighbor-advertisement-interval-grouping
26.2.1,26.1.1,Config,Cisco-IOS-XE-bgp.yang,grouping content,ipv4-unicast-neighbor-obsolete,,/uses::neighbor-aigp-grouping,new uses reference,,uses,uses,,neighbor-aigp-grouping
26.2.1,26.1.1,Config,Cisco-IOS-XE-bgp.yang,grouping content,ipv4-unicast-neighbor-obsolete,,/uses::neighbor-allow-policy-grouping,new uses reference,,uses,uses,,neighbor-allow-policy-grouping
26.2.1,26.1.1,Config,Cisco-IOS-XE-bgp.yang,grouping content,ipv4-unicast-neighbor-obsolete,,/uses::neighbor-allowas-in-grouping,new uses reference,,uses,uses,,neighbor-allowas-in-grouping
26.2.1,26.1.1,Config,Cisco-IOS-XE-bgp.yang,grouping content,ipv4-unicast-neighbor-obsolete,,/uses::neighbor-announce-grouping,new uses reference,,uses,uses,,neighbor-announce-grouping
26.2.1,26.1.1,Config,Cisco-IOS-XE-bgp.yang,grouping content,ipv4-unicast-neighbor-obsolete,,/uses::neighbor-as-override-grouping,new uses reference,,uses,uses,,neighbor-as-override-grouping
26.2.1,26.1.1,Config,Cisco-IOS-XE-bgp.yang,grouping content,ipv4-unicast-neighbor-obsolete,,/uses::neighbor-capability-grouping,new uses reference,,uses,uses,,neighbor-capability-grouping
26.2.1,26.1.1,Config,Cisco-IOS-XE-bgp.yang,grouping content,ipv4-unicast-neighbor-obsolete,,/uses::neighbor-default-originate-grouping,new uses reference,,uses,uses,,neighbor-default-originate-grouping
26.2.1,26.1.1,Config,Cisco-IOS-XE-bgp.yang,grouping content,ipv4-unicast-neighbor-obsolete,,/uses::neighbor-distribute-list-grouping,new uses reference,,uses,uses,,neighbor-distribute-list-grouping
26.2.1,26.1.1,Config,Cisco-IOS-XE-bgp.yang,grouping content,ipv4-unicast-neighbor-obsolete,,/uses::neighbor-dmzlink-bw-grouping,new uses reference,,uses,uses,,neighbor-dmzlink-bw-grouping
26.2.1,26.1.1,Config,Cisco-IOS-XE-bgp.yang,grouping content,ipv4-unicast-neighbor-obsolete,,/uses::neighbor-filter-list-grouping,new uses reference,,uses,uses,,neighbor-filter-list-grouping
26.2.1,26.1.1,Config,Cisco-IOS-XE-bgp.yang,grouping content,ipv4-unicast-neighbor-obsolete,,/uses::neighbor-af-inherit-grouping,new uses reference,,uses,uses,,neighbor-af-inherit-grouping
26.2.1,26.1.1,Config,Cisco-IOS-XE-bgp.yang,grouping content,ipv4-unicast-neighbor-obsolete,,/uses::neighbor-maximum-prefix-grouping,new uses reference,,uses,uses,,neighbor-maximum-prefix-grouping
26.2.1,26.1.1,Config,Cisco-IOS-XE-bgp.yang,grouping content,ipv4-unicast-neighbor-obsolete,,/uses::neighbor-next-hop-self-grouping,new uses reference,,uses,uses,,neighbor-next-hop-self-grouping
26.2.1,26.1.1,Config,Cisco-IOS-XE-bgp.yang,grouping content,ipv4-unicast-neighbor-obsolete,,/uses::neighbor-next-hop-unchanged-v2-grouping,new uses reference,,uses,uses,,neighbor-next-hop-unchanged-v2-grouping
26.2.1,26.1.1,Config,Cisco-IOS-XE-bgp.yang,grouping content,ipv4-unicast-neighbor-obsolete,,/uses::neighbor-next-hop-unchanged-grouping,new uses reference,,uses,uses,,neighbor-next-hop-unchanged-grouping
26.2.1,26.1.1,Config,Cisco-IOS-XE-bgp.yang,grouping content,ipv4-unicast-neighbor-obsolete,,/uses::neighbor-prefix-list-grouping,new uses reference,,uses,uses,,neighbor-prefix-list-grouping
26.2.1,26.1.1,Config,Cisco-IOS-XE-bgp.yang,grouping content,ipv4-unicast-neighbor-obsolete,,/uses::neighbor-remove-private-as-grouping,new uses reference,,uses,uses,,neighbor-remove-private-as-grouping
26.2.1,26.1.1,Config,Cisco-IOS-XE-bgp.yang,grouping content,ipv4-unicast-neighbor-obsolete,,/uses::neighbor-route-map-grouping,new uses reference,,uses,uses,,neighbor-route-map-grouping
26.2.1,26.1.1,Config,Cisco-IOS-XE-bgp.yang,grouping content,ipv4-unicast-neighbor-obsolete,,/uses::neighbor-route-reflector-client-grouping,new uses reference,,uses,uses,,neighbor-route-reflector-client-grouping
26.2.1,26.1.1,Config,Cisco-IOS-XE-bgp.yang,grouping content,ipv4-unicast-neighbor-obsolete,,/uses::neighbor-send-community-grouping-v2,new uses reference,,uses,uses,,neighbor-send-community-grouping-v2
26.2.1,26.1.1,Config,Cisco-IOS-XE-bgp.yang,grouping content,ipv4-unicast-neighbor-obsolete,,/uses::neighbor-send-community-obsolete-grouping-v1,new uses reference,,uses,uses,,neighbor-send-community-obsolete-grouping-v1
26.2.1,26.1.1,Config,Cisco-IOS-XE-bgp.yang,grouping content,ipv4-unicast-neighbor-obsolete,,/uses::neighbor-send-label-grouping,new uses reference,,uses,uses,,neighbor-send-label-grouping
26.2.1,26.1.1,Config,Cisco-IOS-XE-bgp.yang,grouping content,ipv4-unicast-neighbor-obsolete,,/uses::neighbor-slow-peer-grouping,new uses reference,,uses,uses,,neighbor-slow-peer-grouping
26.2.1,26.1.1,Config,Cisco-IOS-XE-bgp.yang,grouping content,ipv4-unicast-neighbor-obsolete,,/uses::neighbor-soft-reconfiguration-grouping,new uses reference,,uses,uses,,neighbor-soft-reconfiguration-grouping
26.2.1,26.1.1,Config,Cisco-IOS-XE-bgp.yang,grouping content,ipv4-unicast-neighbor-obsolete,,/uses::neighbor-soo-grouping,new uses reference,,uses,uses,,neighbor-soo-grouping
26.2.1,26.1.1,Config,Cisco-IOS-XE-bgp.yang,grouping content,ipv4-unicast-neighbor-obsolete,,/uses::neighbor-translate-update-grouping,new uses reference,,uses,uses,,neighbor-translate-update-grouping
26.2.1,26.1.1,Config,Cisco-IOS-XE-bgp.yang,grouping content,ipv4-unicast-neighbor-obsolete,,/uses::neighbor-unsuppress-map-grouping,new uses reference,,uses,uses,,neighbor-unsuppress-map-grouping
26.2.1,26.1.1,Config,Cisco-IOS-XE-bgp.yang,grouping content,ipv4-unicast-neighbor-obsolete,,/uses::neighbor-weight-grouping,new uses reference,,uses,uses,,neighbor-weight-grouping
26.2.1,26.1.1,Config,Cisco-IOS-XE-bgp.yang,grouping content,ipv4-unicast-obsolete-grouping,,/ipv4-unicast,new grouping data node,,container,,,
26.2.1,26.1.1,Config,Cisco-IOS-XE-bgp.yang,grouping content,ipv4-unicast-obsolete-grouping,,/ipv4-unicast/uses::address-family-ipv4-aggregate-address-grouping,new uses reference,,uses,uses,,address-family-ipv4-aggregate-address-grouping
26.2.1,26.1.1,Config,Cisco-IOS-XE-bgp.yang,grouping content,ipv4-unicast-obsolete-grouping,,/ipv4-unicast/uses::address-family-auto-summary-grouping,new uses reference,,uses,uses,,address-family-auto-summary-grouping
26.2.1,26.1.1,Config,Cisco-IOS-XE-bgp.yang,grouping content,ipv4-unicast-obsolete-grouping,,/ipv4-unicast/uses::ipv4-unicast-bgp,new uses reference,,uses,uses,,ipv4-unicast-bgp
26.2.1,26.1.1,Config,Cisco-IOS-XE-bgp.yang,grouping content,ipv4-unicast-obsolete-grouping,,/ipv4-unicast/uses::address-family-default-information-grouping,new uses reference,,uses,uses,,address-family-default-information-grouping
26.2.1,26.1.1,Config,Cisco-IOS-XE-bgp.yang,grouping content,ipv4-unicast-obsolete-grouping,,/ipv4-unicast/uses::address-family-default-metric-grouping,new uses reference,,uses,uses,,address-family-default-metric-grouping
26.2.1,26.1.1,Config,Cisco-IOS-XE-bgp.yang,grouping content,ipv4-unicast-obsolete-grouping,,/ipv4-unicast/uses::address-family-distance-grouping,new uses reference,,uses,uses,,address-family-distance-grouping
26.2.1,26.1.1,Config,Cisco-IOS-XE-bgp.yang,grouping content,ipv4-unicast-obsolete-grouping,,/ipv4-unicast/uses::address-family-distribute-list-grouping,new uses reference,,uses,uses,,address-family-distribute-list-grouping
26.2.1,26.1.1,Config,Cisco-IOS-XE-bgp.yang,grouping content,ipv4-unicast-obsolete-grouping,,/ipv4-unicast/uses::address-family-ipv4-maximum-paths-grouping,new uses reference,,uses,uses,,address-family-ipv4-maximum-paths-grouping
26.2.1,26.1.1,Config,Cisco-IOS-XE-bgp.yang,grouping content,ipv4-unicast-obsolete-grouping,,/ipv4-unicast/uses::address-family-maximum-secondary-paths-grouping,new uses reference,,uses,uses,,address-family-maximum-secondary-paths-grouping
26.2.1,26.1.1,Config,Cisco-IOS-XE-bgp.yang,grouping content,ipv4-unicast-obsolete-grouping,,/ipv4-unicast/peer-group,new grouping data node,,container,,,
26.2.1,26.1.1,Config,Cisco-IOS-XE-bgp.yang,grouping content,ipv4-unicast-obsolete-grouping,,/ipv4-unicast/peer-group/neighbor,new grouping data node,,list,,,
26.2.1,26.1.1,Config,Cisco-IOS-XE-bgp.yang,grouping content,ipv4-unicast-obsolete-grouping,,/ipv4-unicast/peer-group/neighbor/id,new grouping data node,,leaf,,,
26.2.1,26.1.1,Config,Cisco-IOS-XE-bgp.yang,grouping content,ipv4-unicast-obsolete-grouping,,/ipv4-unicast/peer-group/neighbor/uses::neighbor-activate-grouping,new uses reference,,uses,uses,,neighbor-activate-grouping
26.2.1,26.1.1,Config,Cisco-IOS-XE-bgp.yang,grouping content,ipv4-unicast-obsolete-grouping,,/ipv4-unicast/peer-group/neighbor/uses::neighbor-additional-paths-grouping,new uses reference,,uses,uses,,neighbor-additional-paths-grouping
26.2.1,26.1.1,Config,Cisco-IOS-XE-bgp.yang,grouping content,ipv4-unicast-obsolete-grouping,,/ipv4-unicast/peer-group/neighbor/uses::neighbor-advertise-grouping,new uses reference,,uses,uses,,neighbor-advertise-grouping
26.2.1,26.1.1,Config,Cisco-IOS-XE-bgp.yang,grouping content,ipv4-unicast-obsolete-grouping,,/ipv4-unicast/peer-group/neighbor/uses::neighbor-advertise-map-grouping,new uses reference,,uses,uses,,neighbor-advertise-map-grouping
26.2.1,26.1.1,Config,Cisco-IOS-XE-bgp.yang,grouping content,ipv4-unicast-obsolete-grouping,,/ipv4-unicast/peer-group/neighbor/uses::neighbor-advertisement-interval-grouping,new uses reference,,uses,uses,,neighbor-advertisement-interval-grouping
26.2.1,26.1.1,Config,Cisco-IOS-XE-bgp.yang,grouping content,ipv4-unicast-obsolete-grouping,,/ipv4-unicast/peer-group/neighbor/uses::neighbor-aigp-grouping,new uses reference,,uses,uses,,neighbor-aigp-grouping
26.2.1,26.1.1,Config,Cisco-IOS-XE-bgp.yang,grouping content,ipv4-unicast-obsolete-grouping,,/ipv4-unicast/peer-group/neighbor/uses::neighbor-allow-policy-grouping,new uses reference,,uses,uses,,neighbor-allow-policy-grouping
26.2.1,26.1.1,Config,Cisco-IOS-XE-bgp.yang,grouping content,ipv4-unicast-obsolete-grouping,,/ipv4-unicast/peer-group/neighbor/uses::neighbor-allowas-in-grouping,new uses reference,,uses,uses,,neighbor-allowas-in-grouping
26.2.1,26.1.1,Config,Cisco-IOS-XE-bgp.yang,grouping content,ipv4-unicast-obsolete-grouping,,/ipv4-unicast/peer-group/neighbor/uses::neighbor-announce-grouping,new uses reference,,uses,uses,,neighbor-announce-grouping
26.2.1,26.1.1,Config,Cisco-IOS-XE-bgp.yang,grouping content,ipv4-unicast-obsolete-grouping,,/ipv4-unicast/peer-group/neighbor/uses::neighbor-as-override-grouping,new uses reference,,uses,uses,,neighbor-as-override-grouping
26.2.1,26.1.1,Config,Cisco-IOS-XE-bgp.yang,grouping content,ipv4-unicast-obsolete-grouping,,/ipv4-unicast/peer-group/neighbor/capability,new grouping data node,,container,,,
26.2.1,26.1.1,Config,Cisco-IOS-XE-bgp.yang,grouping content,ipv4-unicast-obsolete-grouping,,/ipv4-unicast/peer-group/neighbor/capability/orf,new grouping data node,,container,,,
26.2.1,26.1.1,Config,Cisco-IOS-XE-bgp.yang,grouping content,ipv4-unicast-obsolete-grouping,,/ipv4-unicast/peer-group/neighbor/capability/orf/uses::neighbor-capability-peer-group-grouping,new uses reference,,uses,uses,,neighbor-capability-peer-group-grouping
26.2.1,26.1.1,Config,Cisco-IOS-XE-bgp.yang,grouping content,ipv4-unicast-obsolete-grouping,,/ipv4-unicast/peer-group/neighbor/capability/orf/prefix-list,new grouping data node,,leaf-list,,,
26.2.1,26.1.1,Config,Cisco-IOS-XE-bgp.yang,grouping content,ipv4-unicast-obsolete-grouping,,/ipv4-unicast/peer-group/neighbor/uses::neighbor-default-originate-grouping,new uses reference,,uses,uses,,neighbor-default-originate-grouping
26.2.1,26.1.1,Config,Cisco-IOS-XE-bgp.yang,grouping content,ipv4-unicast-obsolete-grouping,,/ipv4-unicast/peer-group/neighbor/uses::neighbor-distribute-list-grouping,new uses reference,,uses,uses,,neighbor-distribute-list-grouping
26.2.1,26.1.1,Config,Cisco-IOS-XE-bgp.yang,grouping content,ipv4-unicast-obsolete-grouping,,/ipv4-unicast/peer-group/neighbor/uses::neighbor-dmzlink-bw-grouping,new uses reference,,uses,uses,,neighbor-dmzlink-bw-grouping
26.2.1,26.1.1,Config,Cisco-IOS-XE-bgp.yang,grouping content,ipv4-unicast-obsolete-grouping,,/ipv4-unicast/peer-group/neighbor/uses::neighbor-filter-list-grouping,new uses reference,,uses,uses,,neighbor-filter-list-grouping
26.2.1,26.1.1,Config,Cisco-IOS-XE-bgp.yang,grouping content,ipv4-unicast-obsolete-grouping,,/ipv4-unicast/peer-group/neighbor/uses::peer-group-inherit-grouping,new uses reference,,uses,uses,,peer-group-inherit-grouping
26.2.1,26.1.1,Config,Cisco-IOS-XE-bgp.yang,grouping content,ipv4-unicast-obsolete-grouping,,/ipv4-unicast/peer-group/neighbor/uses::neighbor-maximum-prefix-grouping,new uses reference,,uses,uses,,neighbor-maximum-prefix-grouping
26.2.1,26.1.1,Config,Cisco-IOS-XE-bgp.yang,grouping content,ipv4-unicast-obsolete-grouping,,/ipv4-unicast/peer-group/neighbor/uses::neighbor-next-hop-self-grouping,new uses reference,,uses,uses,,neighbor-next-hop-self-grouping
26.2.1,26.1.1,Config,Cisco-IOS-XE-bgp.yang,grouping content,ipv4-unicast-obsolete-grouping,,/ipv4-unicast/peer-group/neighbor/uses::neighbor-next-hop-unchanged-v2-grouping,new uses reference,,uses,uses,,neighbor-next-hop-unchanged-v2-grouping
26.2.1,26.1.1,Config,Cisco-IOS-XE-bgp.yang,grouping content,ipv4-unicast-obsolete-grouping,,/ipv4-unicast/peer-group/neighbor/uses::neighbor-next-hop-unchanged-grouping,new uses reference,,uses,uses,,neighbor-next-hop-unchanged-grouping
26.2.1,26.1.1,Config,Cisco-IOS-XE-bgp.yang,grouping content,ipv4-unicast-obsolete-grouping,,/ipv4-unicast/peer-group/neighbor/uses::neighbor-prefix-list-grouping,new uses reference,,uses,uses,,neighbor-prefix-list-grouping
26.2.1,26.1.1,Config,Cisco-IOS-XE-bgp.yang,grouping content,ipv4-unicast-obsolete-grouping,,/ipv4-unicast/peer-group/neighbor/uses::neighbor-remove-private-as-grouping,new uses reference,,uses,uses,,neighbor-remove-private-as-grouping
26.2.1,26.1.1,Config,Cisco-IOS-XE-bgp.yang,grouping content,ipv4-unicast-obsolete-grouping,,/ipv4-unicast/peer-group/neighbor/uses::neighbor-route-map-grouping,new uses reference,,uses,uses,,neighbor-route-map-grouping
26.2.1,26.1.1,Config,Cisco-IOS-XE-bgp.yang,grouping content,ipv4-unicast-obsolete-grouping,,/ipv4-unicast/peer-group/neighbor/uses::neighbor-route-reflector-client-grouping,new uses reference,,uses,uses,,neighbor-route-reflector-client-grouping
26.2.1,26.1.1,Config,Cisco-IOS-XE-bgp.yang,grouping content,ipv4-unicast-obsolete-grouping,,/ipv4-unicast/peer-group/neighbor/uses::neighbor-send-community-grouping-v2,new uses reference,,uses,uses,,neighbor-send-community-grouping-v2
26.2.1,26.1.1,Config,Cisco-IOS-XE-bgp.yang,grouping content,ipv4-unicast-obsolete-grouping,,/ipv4-unicast/peer-group/neighbor/uses::neighbor-send-community-obsolete-grouping-v1,new uses reference,,uses,uses,,neighbor-send-community-obsolete-grouping-v1
26.2.1,26.1.1,Config,Cisco-IOS-XE-bgp.yang,grouping content,ipv4-unicast-obsolete-grouping,,/ipv4-unicast/peer-group/neighbor/uses::neighbor-send-label-grouping,new uses reference,,uses,uses,,neighbor-send-label-grouping
26.2.1,26.1.1,Config,Cisco-IOS-XE-bgp.yang,grouping content,ipv4-unicast-obsolete-grouping,,/ipv4-unicast/peer-group/neighbor/uses::neighbor-slow-peer-grouping,new uses reference,,uses,uses,,neighbor-slow-peer-grouping
26.2.1,26.1.1,Config,Cisco-IOS-XE-bgp.yang,grouping content,ipv4-unicast-obsolete-grouping,,/ipv4-unicast/peer-group/neighbor/uses::neighbor-soft-reconfiguration-grouping,new uses reference,,uses,uses,,neighbor-soft-reconfiguration-grouping
26.2.1,26.1.1,Config,Cisco-IOS-XE-bgp.yang,grouping content,ipv4-unicast-obsolete-grouping,,/ipv4-unicast/peer-group/neighbor/uses::neighbor-soo-grouping,new uses reference,,uses,uses,,neighbor-soo-grouping
26.2.1,26.1.1,Config,Cisco-IOS-XE-bgp.yang,grouping content,ipv4-unicast-obsolete-grouping,,/ipv4-unicast/peer-group/neighbor/uses::neighbor-translate-update-grouping,new uses reference,,uses,uses,,neighbor-translate-update-grouping
26.2.1,26.1.1,Config,Cisco-IOS-XE-bgp.yang,grouping content,ipv4-unicast-obsolete-grouping,,/ipv4-unicast/peer-group/neighbor/uses::neighbor-unsuppress-map-grouping,new uses reference,,uses,uses,,neighbor-unsuppress-map-grouping
26.2.1,26.1.1,Config,Cisco-IOS-XE-bgp.yang,grouping content,ipv4-unicast-obsolete-grouping,,/ipv4-unicast/peer-group/neighbor/uses::neighbor-weight-grouping,new uses reference,,uses,uses,,neighbor-weight-grouping
26.2.1,26.1.1,Config,Cisco-IOS-XE-bgp.yang,grouping content,ipv4-unicast-obsolete-grouping,,/ipv4-unicast/neighbor,new grouping data node,,list,,,
26.2.1,26.1.1,Config,Cisco-IOS-XE-bgp.yang,grouping content,ipv4-unicast-obsolete-grouping,,/ipv4-unicast/neighbor/id,new grouping data node,,leaf,,,
26.2.1,26.1.1,Config,Cisco-IOS-XE-bgp.yang,grouping content,ipv4-unicast-obsolete-grouping,,/ipv4-unicast/neighbor/uses::ipv4-unicast-neighbor-obsolete,new uses reference,,uses,uses,,ipv4-unicast-neighbor-obsolete
26.2.1,26.1.1,Config,Cisco-IOS-XE-bgp.yang,grouping content,ipv4-unicast-obsolete-grouping,,/ipv4-unicast/uses::address-family-ipv4-network-grouping,new uses reference,,uses,uses,,address-family-ipv4-network-grouping
26.2.1,26.1.1,Config,Cisco-IOS-XE-bgp.yang,grouping content,ipv4-unicast-obsolete-grouping,,/ipv4-unicast/uses::address-family-redistribute-grouping,new uses reference,,uses,uses,,address-family-redistribute-grouping
26.2.1,26.1.1,Config,Cisco-IOS-XE-bgp.yang,grouping content,ipv4-unicast-obsolete-grouping,,/ipv4-unicast/uses::address-family-segment-routing-grouping,new uses reference,,uses,uses,,address-family-segment-routing-grouping
26.2.1,26.1.1,Config,Cisco-IOS-XE-bgp.yang,grouping content,ipv4-unicast-obsolete-grouping,,/ipv4-unicast/uses::address-family-snmp-grouping,new uses reference,,uses,uses,,address-family-snmp-grouping
26.2.1,26.1.1,Config,Cisco-IOS-XE-bgp.yang,grouping content,ipv4-unicast-obsolete-grouping,,/ipv4-unicast/uses::address-family-synchronization-grouping,new uses reference,,uses,uses,,address-family-synchronization-grouping
26.2.1,26.1.1,Config,Cisco-IOS-XE-bgp.yang,grouping content,ipv4-unicast-obsolete-grouping,,/ipv4-unicast/uses::address-family-table-map-grouping,new uses reference,,uses,uses,,address-family-table-map-grouping
26.2.1,26.1.1,Config,Cisco-IOS-XE-bgp.yang,grouping content,ipv6-unicast-neighbor-obsolete,,/uses::neighbor-activate-grouping,new uses reference,,uses,uses,,neighbor-activate-grouping
26.2.1,26.1.1,Config,Cisco-IOS-XE-bgp.yang,grouping content,ipv6-unicast-neighbor-obsolete,,/uses::neighbor-additional-paths-grouping,new uses reference,,uses,uses,,neighbor-additional-paths-grouping
26.2.1,26.1.1,Config,Cisco-IOS-XE-bgp.yang,grouping content,ipv6-unicast-neighbor-obsolete,,/uses::neighbor-advertise-grouping,new uses reference,,uses,uses,,neighbor-advertise-grouping
26.2.1,26.1.1,Config,Cisco-IOS-XE-bgp.yang,grouping content,ipv6-unicast-neighbor-obsolete,,/uses::neighbor-advertise-map-grouping,new uses reference,,uses,uses,,neighbor-advertise-map-grouping
26.2.1,26.1.1,Config,Cisco-IOS-XE-bgp.yang,grouping content,ipv6-unicast-neighbor-obsolete,,/uses::neighbor-advertisement-interval-ebgp-grouping,new uses reference,,uses,uses,,neighbor-advertisement-interval-ebgp-grouping
26.2.1,26.1.1,Config,Cisco-IOS-XE-bgp.yang,grouping content,ipv6-unicast-neighbor-obsolete,,/uses::neighbor-advertisement-interval-grouping,new uses reference,,uses,uses,,neighbor-advertisement-interval-grouping
26.2.1,26.1.1,Config,Cisco-IOS-XE-bgp.yang,grouping content,ipv6-unicast-neighbor-obsolete,,/uses::neighbor-aigp-grouping,new uses reference,,uses,uses,,neighbor-aigp-grouping
26.2.1,26.1.1,Config,Cisco-IOS-XE-bgp.yang,grouping content,ipv6-unicast-neighbor-obsolete,,/uses::neighbor-allow-policy-grouping,new uses reference,,uses,uses,,neighbor-allow-policy-grouping
26.2.1,26.1.1,Config,Cisco-IOS-XE-bgp.yang,grouping content,ipv6-unicast-neighbor-obsolete,,/uses::neighbor-allowas-in-grouping,new uses reference,,uses,uses,,neighbor-allowas-in-grouping
26.2.1,26.1.1,Config,Cisco-IOS-XE-bgp.yang,grouping content,ipv6-unicast-neighbor-obsolete,,/uses::neighbor-announce-grouping,new uses reference,,uses,uses,,neighbor-announce-grouping
26.2.1,26.1.1,Config,Cisco-IOS-XE-bgp.yang,grouping content,ipv6-unicast-neighbor-obsolete,,/uses::neighbor-as-override-grouping,new uses reference,,uses,uses,,neighbor-as-override-grouping
26.2.1,26.1.1,Config,Cisco-IOS-XE-bgp.yang,grouping content,ipv6-unicast-neighbor-obsolete,,/uses::neighbor-capability-grouping,new uses reference,,uses,uses,,neighbor-capability-grouping
26.2.1,26.1.1,Config,Cisco-IOS-XE-bgp.yang,grouping content,ipv6-unicast-neighbor-obsolete,,/uses::neighbor-default-originate-grouping,new uses reference,,uses,uses,,neighbor-default-originate-grouping
26.2.1,26.1.1,Config,Cisco-IOS-XE-bgp.yang,grouping content,ipv6-unicast-neighbor-obsolete,,/uses::neighbor-dmzlink-bw-grouping,new uses reference,,uses,uses,,neighbor-dmzlink-bw-grouping
26.2.1,26.1.1,Config,Cisco-IOS-XE-bgp.yang,grouping content,ipv6-unicast-neighbor-obsolete,,/uses::neighbor-filter-list-grouping,new uses reference,,uses,uses,,neighbor-filter-list-grouping
26.2.1,26.1.1,Config,Cisco-IOS-XE-bgp.yang,grouping content,ipv6-unicast-neighbor-obsolete,,/uses::neighbor-af-inherit-grouping,new uses reference,,uses,uses,,neighbor-af-inherit-grouping
26.2.1,26.1.1,Config,Cisco-IOS-XE-bgp.yang,grouping content,ipv6-unicast-neighbor-obsolete,,/uses::neighbor-maximum-prefix-grouping,new uses reference,,uses,uses,,neighbor-maximum-prefix-grouping
26.2.1,26.1.1,Config,Cisco-IOS-XE-bgp.yang,grouping content,ipv6-unicast-neighbor-obsolete,,/uses::neighbor-next-hop-self-grouping,new uses reference,,uses,uses,,neighbor-next-hop-self-grouping
26.2.1,26.1.1,Config,Cisco-IOS-XE-bgp.yang,grouping content,ipv6-unicast-neighbor-obsolete,,/uses::neighbor-next-hop-unchanged-v2-grouping,new uses reference,,uses,uses,,neighbor-next-hop-unchanged-v2-grouping
26.2.1,26.1.1,Config,Cisco-IOS-XE-bgp.yang,grouping content,ipv6-unicast-neighbor-obsolete,,/uses::neighbor-next-hop-unchanged-grouping,new uses reference,,uses,uses,,neighbor-next-hop-unchanged-grouping
26.2.1,26.1.1,Config,Cisco-IOS-XE-bgp.yang,grouping content,ipv6-unicast-neighbor-obsolete,,/uses::neighbor-prefix-list-grouping,new uses reference,,uses,uses,,neighbor-prefix-list-grouping
26.2.1,26.1.1,Config,Cisco-IOS-XE-bgp.yang,grouping content,ipv6-unicast-neighbor-obsolete,,/uses::neighbor-remove-private-as-grouping,new uses reference,,uses,uses,,neighbor-remove-private-as-grouping
26.2.1,26.1.1,Config,Cisco-IOS-XE-bgp.yang,grouping content,ipv6-unicast-neighbor-obsolete,,/uses::neighbor-route-map-grouping,new uses reference,,uses,uses,,neighbor-route-map-grouping
26.2.1,26.1.1,Config,Cisco-IOS-XE-bgp.yang,grouping content,ipv6-unicast-neighbor-obsolete,,/uses::neighbor-route-reflector-client-grouping,new uses reference,,uses,uses,,neighbor-route-reflector-client-grouping
26.2.1,26.1.1,Config,Cisco-IOS-XE-bgp.yang,grouping content,ipv6-unicast-neighbor-obsolete,,/uses::neighbor-send-community-grouping-v2,new uses reference,,uses,uses,,neighbor-send-community-grouping-v2
26.2.1,26.1.1,Config,Cisco-IOS-XE-bgp.yang,grouping content,ipv6-unicast-neighbor-obsolete,,/uses::neighbor-send-community-obsolete-grouping-v1,new uses reference,,uses,uses,,neighbor-send-community-obsolete-grouping-v1
26.2.1,26.1.1,Config,Cisco-IOS-XE-bgp.yang,grouping content,ipv6-unicast-neighbor-obsolete,,/uses::neighbor-send-label-only-grouping,new uses reference,,uses,uses,,neighbor-send-label-only-grouping
26.2.1,26.1.1,Config,Cisco-IOS-XE-bgp.yang,grouping content,ipv6-unicast-neighbor-obsolete,,/uses::neighbor-send-label-obsolete-grouping,new uses reference,,uses,uses,,neighbor-send-label-obsolete-grouping
26.2.1,26.1.1,Config,Cisco-IOS-XE-bgp.yang,grouping content,ipv6-unicast-neighbor-obsolete,,/uses::neighbor-slow-peer-grouping,new uses reference,,uses,uses,,neighbor-slow-peer-grouping
26.2.1,26.1.1,Config,Cisco-IOS-XE-bgp.yang,grouping content,ipv6-unicast-neighbor-obsolete,,/uses::neighbor-soft-reconfiguration-grouping,new uses reference,,uses,uses,,neighbor-soft-reconfiguration-grouping
26.2.1,26.1.1,Config,Cisco-IOS-XE-bgp.yang,grouping content,ipv6-unicast-neighbor-obsolete,,/uses::neighbor-soo-grouping,new uses reference,,uses,uses,,neighbor-soo-grouping
26.2.1,26.1.1,Config,Cisco-IOS-XE-bgp.yang,grouping content,ipv6-unicast-neighbor-obsolete,,/uses::neighbor-translate-update-grouping,new uses reference,,uses,uses,,neighbor-translate-update-grouping
26.2.1,26.1.1,Config,Cisco-IOS-XE-bgp.yang,grouping content,ipv6-unicast-neighbor-obsolete,,/uses::neighbor-unsuppress-map-grouping,new uses reference,,uses,uses,,neighbor-unsuppress-map-grouping
26.2.1,26.1.1,Config,Cisco-IOS-XE-bgp.yang,grouping content,ipv6-unicast-neighbor-obsolete,,/uses::neighbor-weight-grouping,new uses reference,,uses,uses,,neighbor-weight-grouping
26.2.1,26.1.1,Config,Cisco-IOS-XE-bgp.yang,grouping content,ipv6-unicast-obsolete-grouping,,/ipv6-unicast,new grouping data node,,container,,,
26.2.1,26.1.1,Config,Cisco-IOS-XE-bgp.yang,grouping content,ipv6-unicast-obsolete-grouping,,/ipv6-unicast/uses::address-family-ipv6-aggregate-address-grouping,new uses reference,,uses,uses,,address-family-ipv6-aggregate-address-grouping
26.2.1,26.1.1,Config,Cisco-IOS-XE-bgp.yang,grouping content,ipv6-unicast-obsolete-grouping,,/ipv6-unicast/uses::ipv6-unicast-bgp,new uses reference,,uses,uses,,ipv6-unicast-bgp
26.2.1,26.1.1,Config,Cisco-IOS-XE-bgp.yang,grouping content,ipv6-unicast-obsolete-grouping,,/ipv6-unicast/uses::address-family-default-information-grouping,new uses reference,,uses,uses,,address-family-default-information-grouping
26.2.1,26.1.1,Config,Cisco-IOS-XE-bgp.yang,grouping content,ipv6-unicast-obsolete-grouping,,/ipv6-unicast/uses::address-family-default-metric-grouping,new uses reference,,uses,uses,,address-family-default-metric-grouping
26.2.1,26.1.1,Config,Cisco-IOS-XE-bgp.yang,grouping content,ipv6-unicast-obsolete-grouping,,/ipv6-unicast/uses::address-family-ipv6-distance-grouping,new uses reference,,uses,uses,,address-family-ipv6-distance-grouping
26.2.1,26.1.1,Config,Cisco-IOS-XE-bgp.yang,grouping content,ipv6-unicast-obsolete-grouping,,/ipv6-unicast/uses::address-family-ipv4-maximum-paths-grouping,new uses reference,,uses,uses,,address-family-ipv4-maximum-paths-grouping
26.2.1,26.1.1,Config,Cisco-IOS-XE-bgp.yang,grouping content,ipv6-unicast-obsolete-grouping,,/ipv6-unicast/uses::address-family-ipv6-label-mode-grouping,new uses reference,,uses,uses,,address-family-ipv6-label-mode-grouping
26.2.1,26.1.1,Config,Cisco-IOS-XE-bgp.yang,grouping content,ipv6-unicast-obsolete-grouping,,/ipv6-unicast/peer-group,new grouping data node,,container,,,
26.2.1,26.1.1,Config,Cisco-IOS-XE-bgp.yang,grouping content,ipv6-unicast-obsolete-grouping,,/ipv6-unicast/peer-group/neighbor,new grouping data node,,list,,,
26.2.1,26.1.1,Config,Cisco-IOS-XE-bgp.yang,grouping content,ipv6-unicast-obsolete-grouping,,/ipv6-unicast/peer-group/neighbor/id,new grouping data node,,leaf,,,
26.2.1,26.1.1,Config,Cisco-IOS-XE-bgp.yang,grouping content,ipv6-unicast-obsolete-grouping,,/ipv6-unicast/peer-group/neighbor/uses::neighbor-activate-grouping,new uses reference,,uses,uses,,neighbor-activate-grouping
26.2.1,26.1.1,Config,Cisco-IOS-XE-bgp.yang,grouping content,ipv6-unicast-obsolete-grouping,,/ipv6-unicast/peer-group/neighbor/uses::neighbor-additional-paths-grouping,new uses reference,,uses,uses,,neighbor-additional-paths-grouping
26.2.1,26.1.1,Config,Cisco-IOS-XE-bgp.yang,grouping content,ipv6-unicast-obsolete-grouping,,/ipv6-unicast/peer-group/neighbor/uses::neighbor-advertise-grouping,new uses reference,,uses,uses,,neighbor-advertise-grouping
26.2.1,26.1.1,Config,Cisco-IOS-XE-bgp.yang,grouping content,ipv6-unicast-obsolete-grouping,,/ipv6-unicast/peer-group/neighbor/uses::neighbor-advertise-map-grouping,new uses reference,,uses,uses,,neighbor-advertise-map-grouping
26.2.1,26.1.1,Config,Cisco-IOS-XE-bgp.yang,grouping content,ipv6-unicast-obsolete-grouping,,/ipv6-unicast/peer-group/neighbor/uses::neighbor-advertisement-interval-grouping,new uses reference,,uses,uses,,neighbor-advertisement-interval-grouping
26.2.1,26.1.1,Config,Cisco-IOS-XE-bgp.yang,grouping content,ipv6-unicast-obsolete-grouping,,/ipv6-unicast/peer-group/neighbor/uses::neighbor-aigp-grouping,new uses reference,,uses,uses,,neighbor-aigp-grouping
26.2.1,26.1.1,Config,Cisco-IOS-XE-bgp.yang,grouping content,ipv6-unicast-obsolete-grouping,,/ipv6-unicast/peer-group/neighbor/uses::neighbor-allow-policy-grouping,new uses reference,,uses,uses,,neighbor-allow-policy-grouping
26.2.1,26.1.1,Config,Cisco-IOS-XE-bgp.yang,grouping content,ipv6-unicast-obsolete-grouping,,/ipv6-unicast/peer-group/neighbor/uses::neighbor-allowas-in-grouping,new uses reference,,uses,uses,,neighbor-allowas-in-grouping
26.2.1,26.1.1,Config,Cisco-IOS-XE-bgp.yang,grouping content,ipv6-unicast-obsolete-grouping,,/ipv6-unicast/peer-group/neighbor/uses::neighbor-announce-grouping,new uses reference,,uses,uses,,neighbor-announce-grouping
26.2.1,26.1.1,Config,Cisco-IOS-XE-bgp.yang,grouping content,ipv6-unicast-obsolete-grouping,,/ipv6-unicast/peer-group/neighbor/uses::neighbor-as-override-grouping,new uses reference,,uses,uses,,neighbor-as-override-grouping
26.2.1,26.1.1,Config,Cisco-IOS-XE-bgp.yang,grouping content,ipv6-unicast-obsolete-grouping,,/ipv6-unicast/peer-group/neighbor/capability,new grouping data node,,container,,,
26.2.1,26.1.1,Config,Cisco-IOS-XE-bgp.yang,grouping content,ipv6-unicast-obsolete-grouping,,/ipv6-unicast/peer-group/neighbor/capability/orf,new grouping data node,,container,,,
26.2.1,26.1.1,Config,Cisco-IOS-XE-bgp.yang,grouping content,ipv6-unicast-obsolete-grouping,,/ipv6-unicast/peer-group/neighbor/capability/orf/uses::neighbor-capability-peer-group-grouping,new uses reference,,uses,uses,,neighbor-capability-peer-group-grouping
26.2.1,26.1.1,Config,Cisco-IOS-XE-bgp.yang,grouping content,ipv6-unicast-obsolete-grouping,,/ipv6-unicast/peer-group/neighbor/capability/orf/prefix-list,new grouping data node,,leaf-list,,,
26.2.1,26.1.1,Config,Cisco-IOS-XE-bgp.yang,grouping content,ipv6-unicast-obsolete-grouping,,/ipv6-unicast/peer-group/neighbor/uses::neighbor-default-originate-grouping,new uses reference,,uses,uses,,neighbor-default-originate-grouping
26.2.1,26.1.1,Config,Cisco-IOS-XE-bgp.yang,grouping content,ipv6-unicast-obsolete-grouping,,/ipv6-unicast/peer-group/neighbor/uses::neighbor-dmzlink-bw-grouping,new uses reference,,uses,uses,,neighbor-dmzlink-bw-grouping
26.2.1,26.1.1,Config,Cisco-IOS-XE-bgp.yang,grouping content,ipv6-unicast-obsolete-grouping,,/ipv6-unicast/peer-group/neighbor/uses::neighbor-filter-list-grouping,new uses reference,,uses,uses,,neighbor-filter-list-grouping
26.2.1,26.1.1,Config,Cisco-IOS-XE-bgp.yang,grouping content,ipv6-unicast-obsolete-grouping,,/ipv6-unicast/peer-group/neighbor/uses::peer-group-inherit-grouping,new uses reference,,uses,uses,,peer-group-inherit-grouping
26.2.1,26.1.1,Config,Cisco-IOS-XE-bgp.yang,grouping content,ipv6-unicast-obsolete-grouping,,/ipv6-unicast/peer-group/neighbor/uses::neighbor-maximum-prefix-grouping,new uses reference,,uses,uses,,neighbor-maximum-prefix-grouping
26.2.1,26.1.1,Config,Cisco-IOS-XE-bgp.yang,grouping content,ipv6-unicast-obsolete-grouping,,/ipv6-unicast/peer-group/neighbor/uses::neighbor-next-hop-self-grouping,new uses reference,,uses,uses,,neighbor-next-hop-self-grouping
26.2.1,26.1.1,Config,Cisco-IOS-XE-bgp.yang,grouping content,ipv6-unicast-obsolete-grouping,,/ipv6-unicast/peer-group/neighbor/uses::neighbor-next-hop-unchanged-v2-grouping,new uses reference,,uses,uses,,neighbor-next-hop-unchanged-v2-grouping
26.2.1,26.1.1,Config,Cisco-IOS-XE-bgp.yang,grouping content,ipv6-unicast-obsolete-grouping,,/ipv6-unicast/peer-group/neighbor/uses::neighbor-next-hop-unchanged-grouping,new uses reference,,uses,uses,,neighbor-next-hop-unchanged-grouping
26.2.1,26.1.1,Config,Cisco-IOS-XE-bgp.yang,grouping content,ipv6-unicast-obsolete-grouping,,/ipv6-unicast/peer-group/neighbor/uses::neighbor-prefix-list-grouping,new uses reference,,uses,uses,,neighbor-prefix-list-grouping
26.2.1,26.1.1,Config,Cisco-IOS-XE-bgp.yang,grouping content,ipv6-unicast-obsolete-grouping,,/ipv6-unicast/peer-group/neighbor/uses::neighbor-remove-private-as-grouping,new uses reference,,uses,uses,,neighbor-remove-private-as-grouping
26.2.1,26.1.1,Config,Cisco-IOS-XE-bgp.yang,grouping content,ipv6-unicast-obsolete-grouping,,/ipv6-unicast/peer-group/neighbor/uses::neighbor-route-map-grouping,new uses reference,,uses,uses,,neighbor-route-map-grouping
26.2.1,26.1.1,Config,Cisco-IOS-XE-bgp.yang,grouping content,ipv6-unicast-obsolete-grouping,,/ipv6-unicast/peer-group/neighbor/uses::neighbor-route-reflector-client-grouping,new uses reference,,uses,uses,,neighbor-route-reflector-client-grouping
26.2.1,26.1.1,Config,Cisco-IOS-XE-bgp.yang,grouping content,ipv6-unicast-obsolete-grouping,,/ipv6-unicast/peer-group/neighbor/uses::neighbor-send-community-grouping-v2,new uses reference,,uses,uses,,neighbor-send-community-grouping-v2
26.2.1,26.1.1,Config,Cisco-IOS-XE-bgp.yang,grouping content,ipv6-unicast-obsolete-grouping,,/ipv6-unicast/peer-group/neighbor/uses::neighbor-send-community-obsolete-grouping-v1,new uses reference,,uses,uses,,neighbor-send-community-obsolete-grouping-v1
26.2.1,26.1.1,Config,Cisco-IOS-XE-bgp.yang,grouping content,ipv6-unicast-obsolete-grouping,,/ipv6-unicast/peer-group/neighbor/uses::neighbor-send-label-only-grouping,new uses reference,,uses,uses,,neighbor-send-label-only-grouping
26.2.1,26.1.1,Config,Cisco-IOS-XE-bgp.yang,grouping content,ipv6-unicast-obsolete-grouping,,/ipv6-unicast/peer-group/neighbor/uses::neighbor-send-label-obsolete-grouping,new uses reference,,uses,uses,,neighbor-send-label-obsolete-grouping
26.2.1,26.1.1,Config,Cisco-IOS-XE-bgp.yang,grouping content,ipv6-unicast-obsolete-grouping,,/ipv6-unicast/peer-group/neighbor/uses::neighbor-slow-peer-grouping,new uses reference,,uses,uses,,neighbor-slow-peer-grouping
26.2.1,26.1.1,Config,Cisco-IOS-XE-bgp.yang,grouping content,ipv6-unicast-obsolete-grouping,,/ipv6-unicast/peer-group/neighbor/uses::neighbor-soft-reconfiguration-grouping,new uses reference,,uses,uses,,neighbor-soft-reconfiguration-grouping
26.2.1,26.1.1,Config,Cisco-IOS-XE-bgp.yang,grouping content,ipv6-unicast-obsolete-grouping,,/ipv6-unicast/peer-group/neighbor/uses::neighbor-soo-grouping,new uses reference,,uses,uses,,neighbor-soo-grouping
26.2.1,26.1.1,Config,Cisco-IOS-XE-bgp.yang,grouping content,ipv6-unicast-obsolete-grouping,,/ipv6-unicast/peer-group/neighbor/uses::neighbor-translate-update-grouping,new uses reference,,uses,uses,,neighbor-translate-update-grouping
26.2.1,26.1.1,Config,Cisco-IOS-XE-bgp.yang,grouping content,ipv6-unicast-obsolete-grouping,,/ipv6-unicast/peer-group/neighbor/uses::neighbor-unsuppress-map-grouping,new uses reference,,uses,uses,,neighbor-unsuppress-map-grouping
26.2.1,26.1.1,Config,Cisco-IOS-XE-bgp.yang,grouping content,ipv6-unicast-obsolete-grouping,,/ipv6-unicast/peer-group/neighbor/uses::neighbor-weight-grouping,new uses reference,,uses,uses,,neighbor-weight-grouping
26.2.1,26.1.1,Config,Cisco-IOS-XE-bgp.yang,grouping content,ipv6-unicast-obsolete-grouping,,/ipv6-unicast/neighbor,new grouping data node,,list,,,
26.2.1,26.1.1,Config,Cisco-IOS-XE-bgp.yang,grouping content,ipv6-unicast-obsolete-grouping,,/ipv6-unicast/neighbor/id,new grouping data node,,leaf,,,
26.2.1,26.1.1,Config,Cisco-IOS-XE-bgp.yang,grouping content,ipv6-unicast-obsolete-grouping,,/ipv6-unicast/neighbor/uses::ipv6-unicast-neighbor-obsolete,new uses reference,,uses,uses,,ipv6-unicast-neighbor-obsolete
26.2.1,26.1.1,Config,Cisco-IOS-XE-bgp.yang,grouping content,ipv6-unicast-obsolete-grouping,,/ipv6-unicast/uses::address-family-ipv6-network-grouping,new uses reference,,uses,uses,,address-family-ipv6-network-grouping
26.2.1,26.1.1,Config,Cisco-IOS-XE-bgp.yang,grouping content,ipv6-unicast-obsolete-grouping,,/ipv6-unicast/uses::address-family-v6-redistribute-grouping,new uses reference,,uses,uses,,address-family-v6-redistribute-grouping
26.2.1,26.1.1,Config,Cisco-IOS-XE-bgp.yang,grouping content,ipv6-unicast-obsolete-grouping,,/ipv6-unicast/uses::address-family-redistribute-grouping-obsolete,new uses reference,,uses,uses,,address-family-redistribute-grouping-obsolete
26.2.1,26.1.1,Config,Cisco-IOS-XE-bgp.yang,grouping content,ipv6-unicast-obsolete-grouping,,/ipv6-unicast/uses::address-family-snmp-grouping,new uses reference,,uses,uses,,address-family-snmp-grouping
26.2.1,26.1.1,Config,Cisco-IOS-XE-bgp.yang,grouping content,ipv6-unicast-obsolete-grouping,,/ipv6-unicast/uses::address-family-synchronization-grouping,new uses reference,,uses,uses,,address-family-synchronization-grouping
26.2.1,26.1.1,Config,Cisco-IOS-XE-bgp.yang,grouping content,ipv6-unicast-obsolete-grouping,,/ipv6-unicast/uses::address-family-table-map-grouping,new uses reference,,uses,uses,,address-family-table-map-grouping
26.2.1,26.1.1,Config,Cisco-IOS-XE-bgp.yang,grouping content,neighbor-allowas-in-grouping,,/allowas-in/as-number,property changed,leaf,leaf,default,[],"[""3""]"
26.2.1,26.1.1,Config,Cisco-IOS-XE-bgp.yang,grouping content,neighbor-encap-grouping,choice encap-choice,/encap/srv6,added data node,,leaf,,,
26.2.1,26.1.1,Config,Cisco-IOS-XE-bgp.yang,grouping content,neighbor-password-grouping,,/password/text,property changed,leaf,leaf,type,"[""string {pattern .*; length 1..52}""]","[""string {pattern .*; length 1..60}""]"
26.2.1,26.1.1,Config,Cisco-IOS-XE-bgp.yang,grouping content,neighbor-send-community-obsolete-grouping-v1,,/send-community,new grouping data node,,container,,,
26.2.1,26.1.1,Config,Cisco-IOS-XE-bgp.yang,grouping content,neighbor-send-community-obsolete-grouping-v1,,/send-community/send-community-where,new grouping data node,,leaf,,,
26.2.1,26.1.1,Config,Cisco-IOS-XE-bgp.yang,grouping content,redist-isis-grouping,,/isis,property changed,container,container,must,"[""/ios:native/ios:router/ios-isis:isis""]",[]
26.2.1,26.1.1,Config,Cisco-IOS-XE-bgp.yang,grouping content,redistribute-isis-v6-grouping,,/isis,property changed,container,container,must,"[""/ios:native/ios:router/ios-isis:isis""]",[]
26.2.1,26.1.1,Config,Cisco-IOS-XE-bgp.yang,grouping content,vpnv4-unicast-neighbor-obsolete,,/uses::neighbor-activate-grouping,new uses reference,,uses,uses,,neighbor-activate-grouping
26.2.1,26.1.1,Config,Cisco-IOS-XE-bgp.yang,grouping content,vpnv4-unicast-neighbor-obsolete,,/uses::neighbor-accept-route-legacy-rt-grouping,new uses reference,,uses,uses,,neighbor-accept-route-legacy-rt-grouping
26.2.1,26.1.1,Config,Cisco-IOS-XE-bgp.yang,grouping content,vpnv4-unicast-neighbor-obsolete,,/uses::neighbor-vpn-advertise-grouping,new uses reference,,uses,uses,,neighbor-vpn-advertise-grouping
26.2.1,26.1.1,Config,Cisco-IOS-XE-bgp.yang,grouping content,vpnv4-unicast-neighbor-obsolete,,/uses::neighbor-advertisement-interval-ebgp-grouping,new uses reference,,uses,uses,,neighbor-advertisement-interval-ebgp-grouping
26.2.1,26.1.1,Config,Cisco-IOS-XE-bgp.yang,grouping content,vpnv4-unicast-neighbor-obsolete,,/uses::neighbor-advertisement-interval-grouping,new uses reference,,uses,uses,,neighbor-advertisement-interval-grouping
26.2.1,26.1.1,Config,Cisco-IOS-XE-bgp.yang,grouping content,vpnv4-unicast-neighbor-obsolete,,/uses::neighbor-allow-policy-grouping,new uses reference,,uses,uses,,neighbor-allow-policy-grouping
26.2.1,26.1.1,Config,Cisco-IOS-XE-bgp.yang,grouping content,vpnv4-unicast-neighbor-obsolete,,/uses::neighbor-allowas-in-grouping,new uses reference,,uses,uses,,neighbor-allowas-in-grouping
26.2.1,26.1.1,Config,Cisco-IOS-XE-bgp.yang,grouping content,vpnv4-unicast-neighbor-obsolete,,/uses::neighbor-capability-grouping,new uses reference,,uses,uses,,neighbor-capability-grouping
26.2.1,26.1.1,Config,Cisco-IOS-XE-bgp.yang,grouping content,vpnv4-unicast-neighbor-obsolete,,/uses::neighbor-distribute-list-grouping,new uses reference,,uses,uses,,neighbor-distribute-list-grouping
26.2.1,26.1.1,Config,Cisco-IOS-XE-bgp.yang,grouping content,vpnv4-unicast-neighbor-obsolete,,/uses::neighbor-dmzlink-bw-grouping,new uses reference,,uses,uses,,neighbor-dmzlink-bw-grouping
26.2.1,26.1.1,Config,Cisco-IOS-XE-bgp.yang,grouping content,vpnv4-unicast-neighbor-obsolete,,/uses::neighbor-filter-list-grouping,new uses reference,,uses,uses,,neighbor-filter-list-grouping
26.2.1,26.1.1,Config,Cisco-IOS-XE-bgp.yang,grouping content,vpnv4-unicast-neighbor-obsolete,,/uses::neighbor-af-inherit-grouping,new uses reference,,uses,uses,,neighbor-af-inherit-grouping
26.2.1,26.1.1,Config,Cisco-IOS-XE-bgp.yang,grouping content,vpnv4-unicast-neighbor-obsolete,,/uses::neighbor-inter-as-hybrid-grouping,new uses reference,,uses,uses,,neighbor-inter-as-hybrid-grouping
26.2.1,26.1.1,Config,Cisco-IOS-XE-bgp.yang,grouping content,vpnv4-unicast-neighbor-obsolete,,/uses::neighbor-long-lived-grouping,new uses reference,,uses,uses,,neighbor-long-lived-grouping
26.2.1,26.1.1,Config,Cisco-IOS-XE-bgp.yang,grouping content,vpnv4-unicast-neighbor-obsolete,,/uses::neighbor-maximum-prefix-grouping,new uses reference,,uses,uses,,neighbor-maximum-prefix-grouping
26.2.1,26.1.1,Config,Cisco-IOS-XE-bgp.yang,grouping content,vpnv4-unicast-neighbor-obsolete,,/uses::neighbor-next-hop-self-grouping,new uses reference,,uses,uses,,neighbor-next-hop-self-grouping
26.2.1,26.1.1,Config,Cisco-IOS-XE-bgp.yang,grouping content,vpnv4-unicast-neighbor-obsolete,,/uses::neighbor-next-hop-unchanged-v2-grouping,new uses reference,,uses,uses,,neighbor-next-hop-unchanged-v2-grouping
26.2.1,26.1.1,Config,Cisco-IOS-XE-bgp.yang,grouping content,vpnv4-unicast-neighbor-obsolete,,/uses::neighbor-next-hop-unchanged-grouping,new uses reference,,uses,uses,,neighbor-next-hop-unchanged-grouping
26.2.1,26.1.1,Config,Cisco-IOS-XE-bgp.yang,grouping content,vpnv4-unicast-neighbor-obsolete,,/uses::neighbor-prefix-list-grouping,new uses reference,,uses,uses,,neighbor-prefix-list-grouping
26.2.1,26.1.1,Config,Cisco-IOS-XE-bgp.yang,grouping content,vpnv4-unicast-neighbor-obsolete,,/uses::neighbor-remove-private-as-grouping,new uses reference,,uses,uses,,neighbor-remove-private-as-grouping
26.2.1,26.1.1,Config,Cisco-IOS-XE-bgp.yang,grouping content,vpnv4-unicast-neighbor-obsolete,,/uses::neighbor-route-map-grouping,new uses reference,,uses,uses,,neighbor-route-map-grouping
26.2.1,26.1.1,Config,Cisco-IOS-XE-bgp.yang,grouping content,vpnv4-unicast-neighbor-obsolete,,/uses::neighbor-route-reflector-client-grouping,new uses reference,,uses,uses,,neighbor-route-reflector-client-grouping
26.2.1,26.1.1,Config,Cisco-IOS-XE-bgp.yang,grouping content,vpnv4-unicast-neighbor-obsolete,,/uses::neighbor-send-community-grouping-v2,new uses reference,,uses,uses,,neighbor-send-community-grouping-v2
26.2.1,26.1.1,Config,Cisco-IOS-XE-bgp.yang,grouping content,vpnv4-unicast-neighbor-obsolete,,/uses::neighbor-send-community-obsolete-grouping-v1,new uses reference,,uses,uses,,neighbor-send-community-obsolete-grouping-v1
26.2.1,26.1.1,Config,Cisco-IOS-XE-bgp.yang,grouping content,vpnv4-unicast-neighbor-obsolete,,/uses::neighbor-send-label-obsolete-grouping,new uses reference,,uses,uses,,neighbor-send-label-obsolete-grouping
26.2.1,26.1.1,Config,Cisco-IOS-XE-bgp.yang,grouping content,vpnv4-unicast-neighbor-obsolete,,/uses::neighbor-slow-peer-grouping,new uses reference,,uses,uses,,neighbor-slow-peer-grouping
26.2.1,26.1.1,Config,Cisco-IOS-XE-bgp.yang,grouping content,vpnv4-unicast-neighbor-obsolete,,/uses::neighbor-soft-reconfiguration-obsolete-grouping,new uses reference,,uses,uses,,neighbor-soft-reconfiguration-obsolete-grouping
26.2.1,26.1.1,Config,Cisco-IOS-XE-bgp.yang,grouping content,vpnv4-unicast-neighbor-obsolete,,/uses::neighbor-soo-grouping,new uses reference,,uses,uses,,neighbor-soo-grouping
26.2.1,26.1.1,Config,Cisco-IOS-XE-bgp.yang,grouping content,vpnv4-unicast-neighbor-obsolete,,/uses::neighbor-srv6-encap-grouping,new uses reference,,uses,uses,,neighbor-srv6-encap-grouping
26.2.1,26.1.1,Config,Cisco-IOS-XE-bgp.yang,grouping content,vpnv4-unicast-neighbor-obsolete,,/uses::neighbor-unsuppress-map-grouping,new uses reference,,uses,uses,,neighbor-unsuppress-map-grouping
26.2.1,26.1.1,Config,Cisco-IOS-XE-bgp.yang,grouping content,vpnv4-unicast-neighbor-obsolete,,/uses::neighbor-weight-grouping,new uses reference,,uses,uses,,neighbor-weight-grouping
26.2.1,26.1.1,Config,Cisco-IOS-XE-bgp.yang,grouping content,vpnv4-unicast-obsolete-grouping,,/vpnv4-unicast,new grouping data node,,container,,,
26.2.1,26.1.1,Config,Cisco-IOS-XE-bgp.yang,grouping content,vpnv4-unicast-obsolete-grouping,,/vpnv4-unicast/uses::vpnv4-unicast-bgp,new uses reference,,uses,uses,,vpnv4-unicast-bgp
26.2.1,26.1.1,Config,Cisco-IOS-XE-bgp.yang,grouping content,vpnv4-unicast-obsolete-grouping,,/vpnv4-unicast/uses::address-family-vpnv4-import-grouping,new uses reference,,uses,uses,,address-family-vpnv4-import-grouping
26.2.1,26.1.1,Config,Cisco-IOS-XE-bgp.yang,grouping content,vpnv4-unicast-obsolete-grouping,,/vpnv4-unicast/uses::address-family-vpnv4-maximum-paths-grouping,new uses reference,,uses,uses,,address-family-vpnv4-maximum-paths-grouping
26.2.1,26.1.1,Config,Cisco-IOS-XE-bgp.yang,grouping content,vpnv4-unicast-obsolete-grouping,,/vpnv4-unicast/peer-group,new grouping data node,,container,,,
26.2.1,26.1.1,Config,Cisco-IOS-XE-bgp.yang,grouping content,vpnv4-unicast-obsolete-grouping,,/vpnv4-unicast/peer-group/neighbor,new grouping data node,,list,,,
26.2.1,26.1.1,Config,Cisco-IOS-XE-bgp.yang,grouping content,vpnv4-unicast-obsolete-grouping,,/vpnv4-unicast/peer-group/neighbor/id,new grouping data node,,leaf,,,
26.2.1,26.1.1,Config,Cisco-IOS-XE-bgp.yang,grouping content,vpnv4-unicast-obsolete-grouping,,/vpnv4-unicast/peer-group/neighbor/uses::neighbor-accept-route-legacy-rt-grouping,new uses reference,,uses,uses,,neighbor-accept-route-legacy-rt-grouping
26.2.1,26.1.1,Config,Cisco-IOS-XE-bgp.yang,grouping content,vpnv4-unicast-obsolete-grouping,,/vpnv4-unicast/peer-group/neighbor/uses::neighbor-activate-grouping,new uses reference,,uses,uses,,neighbor-activate-grouping
26.2.1,26.1.1,Config,Cisco-IOS-XE-bgp.yang,grouping content,vpnv4-unicast-obsolete-grouping,,/vpnv4-unicast/peer-group/neighbor/uses::neighbor-vpn-advertise-grouping,new uses reference,,uses,uses,,neighbor-vpn-advertise-grouping
26.2.1,26.1.1,Config,Cisco-IOS-XE-bgp.yang,grouping content,vpnv4-unicast-obsolete-grouping,,/vpnv4-unicast/peer-group/neighbor/uses::neighbor-advertisement-interval-grouping,new uses reference,,uses,uses,,neighbor-advertisement-interval-grouping
26.2.1,26.1.1,Config,Cisco-IOS-XE-bgp.yang,grouping content,vpnv4-unicast-obsolete-grouping,,/vpnv4-unicast/peer-group/neighbor/uses::neighbor-allow-policy-grouping,new uses reference,,uses,uses,,neighbor-allow-policy-grouping
26.2.1,26.1.1,Config,Cisco-IOS-XE-bgp.yang,grouping content,vpnv4-unicast-obsolete-grouping,,/vpnv4-unicast/peer-group/neighbor/uses::neighbor-allowas-in-grouping,new uses reference,,uses,uses,,neighbor-allowas-in-grouping
26.2.1,26.1.1,Config,Cisco-IOS-XE-bgp.yang,grouping content,vpnv4-unicast-obsolete-grouping,,/vpnv4-unicast/peer-group/neighbor/capability,new grouping data node,,container,,,
26.2.1,26.1.1,Config,Cisco-IOS-XE-bgp.yang,grouping content,vpnv4-unicast-obsolete-grouping,,/vpnv4-unicast/peer-group/neighbor/capability/orf,new grouping data node,,container,,,
26.2.1,26.1.1,Config,Cisco-IOS-XE-bgp.yang,grouping content,vpnv4-unicast-obsolete-grouping,,/vpnv4-unicast/peer-group/neighbor/capability/orf/uses::neighbor-capability-peer-group-grouping,new uses reference,,uses,uses,,neighbor-capability-peer-group-grouping
26.2.1,26.1.1,Config,Cisco-IOS-XE-bgp.yang,grouping content,vpnv4-unicast-obsolete-grouping,,/vpnv4-unicast/peer-group/neighbor/capability/orf/prefix-list,new grouping data node,,leaf-list,,,
26.2.1,26.1.1,Config,Cisco-IOS-XE-bgp.yang,grouping content,vpnv4-unicast-obsolete-grouping,,/vpnv4-unicast/peer-group/neighbor/uses::neighbor-distribute-list-grouping,new uses reference,,uses,uses,,neighbor-distribute-list-grouping
26.2.1,26.1.1,Config,Cisco-IOS-XE-bgp.yang,grouping content,vpnv4-unicast-obsolete-grouping,,/vpnv4-unicast/peer-group/neighbor/uses::neighbor-dmzlink-bw-grouping,new uses reference,,uses,uses,,neighbor-dmzlink-bw-grouping
26.2.1,26.1.1,Config,Cisco-IOS-XE-bgp.yang,grouping content,vpnv4-unicast-obsolete-grouping,,/vpnv4-unicast/peer-group/neighbor/uses::neighbor-filter-list-grouping,new uses reference,,uses,uses,,neighbor-filter-list-grouping
26.2.1,26.1.1,Config,Cisco-IOS-XE-bgp.yang,grouping content,vpnv4-unicast-obsolete-grouping,,/vpnv4-unicast/peer-group/neighbor/uses::peer-group-inherit-grouping,new uses reference,,uses,uses,,peer-group-inherit-grouping
26.2.1,26.1.1,Config,Cisco-IOS-XE-bgp.yang,grouping content,vpnv4-unicast-obsolete-grouping,,/vpnv4-unicast/peer-group/neighbor/uses::neighbor-inter-as-hybrid-grouping,new uses reference,,uses,uses,,neighbor-inter-as-hybrid-grouping
26.2.1,26.1.1,Config,Cisco-IOS-XE-bgp.yang,grouping content,vpnv4-unicast-obsolete-grouping,,/vpnv4-unicast/peer-group/neighbor/uses::neighbor-long-lived-grouping,new uses reference,,uses,uses,,neighbor-long-lived-grouping
26.2.1,26.1.1,Config,Cisco-IOS-XE-bgp.yang,grouping content,vpnv4-unicast-obsolete-grouping,,/vpnv4-unicast/peer-group/neighbor/uses::neighbor-maximum-prefix-grouping,new uses reference,,uses,uses,,neighbor-maximum-prefix-grouping
26.2.1,26.1.1,Config,Cisco-IOS-XE-bgp.yang,grouping content,vpnv4-unicast-obsolete-grouping,,/vpnv4-unicast/peer-group/neighbor/uses::neighbor-next-hop-self-grouping,new uses reference,,uses,uses,,neighbor-next-hop-self-grouping
26.2.1,26.1.1,Config,Cisco-IOS-XE-bgp.yang,grouping content,vpnv4-unicast-obsolete-grouping,,/vpnv4-unicast/peer-group/neighbor/uses::neighbor-next-hop-unchanged-v2-grouping,new uses reference,,uses,uses,,neighbor-next-hop-unchanged-v2-grouping
26.2.1,26.1.1,Config,Cisco-IOS-XE-bgp.yang,grouping content,vpnv4-unicast-obsolete-grouping,,/vpnv4-unicast/peer-group/neighbor/uses::neighbor-next-hop-unchanged-grouping,new uses reference,,uses,uses,,neighbor-next-hop-unchanged-grouping
26.2.1,26.1.1,Config,Cisco-IOS-XE-bgp.yang,grouping content,vpnv4-unicast-obsolete-grouping,,/vpnv4-unicast/peer-group/neighbor/uses::neighbor-prefix-list-grouping,new uses reference,,uses,uses,,neighbor-prefix-list-grouping
26.2.1,26.1.1,Config,Cisco-IOS-XE-bgp.yang,grouping content,vpnv4-unicast-obsolete-grouping,,/vpnv4-unicast/peer-group/neighbor/uses::neighbor-remove-private-as-grouping,new uses reference,,uses,uses,,neighbor-remove-private-as-grouping
26.2.1,26.1.1,Config,Cisco-IOS-XE-bgp.yang,grouping content,vpnv4-unicast-obsolete-grouping,,/vpnv4-unicast/peer-group/neighbor/uses::neighbor-route-map-grouping,new uses reference,,uses,uses,,neighbor-route-map-grouping
26.2.1,26.1.1,Config,Cisco-IOS-XE-bgp.yang,grouping content,vpnv4-unicast-obsolete-grouping,,/vpnv4-unicast/peer-group/neighbor/uses::neighbor-route-reflector-client-grouping,new uses reference,,uses,uses,,neighbor-route-reflector-client-grouping
26.2.1,26.1.1,Config,Cisco-IOS-XE-bgp.yang,grouping content,vpnv4-unicast-obsolete-grouping,,/vpnv4-unicast/peer-group/neighbor/uses::neighbor-send-community-grouping-v2,new uses reference,,uses,uses,,neighbor-send-community-grouping-v2
26.2.1,26.1.1,Config,Cisco-IOS-XE-bgp.yang,grouping content,vpnv4-unicast-obsolete-grouping,,/vpnv4-unicast/peer-group/neighbor/uses::neighbor-send-community-obsolete-grouping-v1,new uses reference,,uses,uses,,neighbor-send-community-obsolete-grouping-v1
26.2.1,26.1.1,Config,Cisco-IOS-XE-bgp.yang,grouping content,vpnv4-unicast-obsolete-grouping,,/vpnv4-unicast/peer-group/neighbor/uses::neighbor-send-label-obsolete-grouping,new uses reference,,uses,uses,,neighbor-send-label-obsolete-grouping
26.2.1,26.1.1,Config,Cisco-IOS-XE-bgp.yang,grouping content,vpnv4-unicast-obsolete-grouping,,/vpnv4-unicast/peer-group/neighbor/uses::neighbor-slow-peer-grouping,new uses reference,,uses,uses,,neighbor-slow-peer-grouping
26.2.1,26.1.1,Config,Cisco-IOS-XE-bgp.yang,grouping content,vpnv4-unicast-obsolete-grouping,,/vpnv4-unicast/peer-group/neighbor/uses::neighbor-soft-reconfiguration-obsolete-grouping,new uses reference,,uses,uses,,neighbor-soft-reconfiguration-obsolete-grouping
26.2.1,26.1.1,Config,Cisco-IOS-XE-bgp.yang,grouping content,vpnv4-unicast-obsolete-grouping,,/vpnv4-unicast/peer-group/neighbor/uses::neighbor-soo-grouping,new uses reference,,uses,uses,,neighbor-soo-grouping
26.2.1,26.1.1,Config,Cisco-IOS-XE-bgp.yang,grouping content,vpnv4-unicast-obsolete-grouping,,/vpnv4-unicast/peer-group/neighbor/uses::neighbor-srv6-encap-grouping,new uses reference,,uses,uses,,neighbor-srv6-encap-grouping
26.2.1,26.1.1,Config,Cisco-IOS-XE-bgp.yang,grouping content,vpnv4-unicast-obsolete-grouping,,/vpnv4-unicast/peer-group/neighbor/uses::neighbor-unsuppress-map-grouping,new uses reference,,uses,uses,,neighbor-unsuppress-map-grouping
26.2.1,26.1.1,Config,Cisco-IOS-XE-bgp.yang,grouping content,vpnv4-unicast-obsolete-grouping,,/vpnv4-unicast/peer-group/neighbor/uses::neighbor-weight-grouping,new uses reference,,uses,uses,,neighbor-weight-grouping
26.2.1,26.1.1,Config,Cisco-IOS-XE-bgp.yang,grouping content,vpnv4-unicast-obsolete-grouping,,/vpnv4-unicast/neighbor,new grouping data node,,list,,,
26.2.1,26.1.1,Config,Cisco-IOS-XE-bgp.yang,grouping content,vpnv4-unicast-obsolete-grouping,,/vpnv4-unicast/neighbor/id,new grouping data node,,leaf,,,
26.2.1,26.1.1,Config,Cisco-IOS-XE-bgp.yang,grouping content,vpnv4-unicast-obsolete-grouping,,/vpnv4-unicast/neighbor/uses::vpnv4-unicast-neighbor-obsolete,new uses reference,,uses,uses,,vpnv4-unicast-neighbor-obsolete
26.2.1,26.1.1,Config,Cisco-IOS-XE-bgp.yang,grouping content,vpnv4-unicast-obsolete-grouping,,/vpnv4-unicast/uses::address-family-ipv4-network-obsolete-grouping,new uses reference,,uses,uses,,address-family-ipv4-network-obsolete-grouping
26.2.1,26.1.1,Config,Cisco-IOS-XE-bgp.yang,grouping content,vpnv4-unicast-obsolete-grouping,,/vpnv4-unicast/uses::address-family-segment-routing-srv6-vpn-grouping,new uses reference,,uses,uses,,address-family-segment-routing-srv6-vpn-grouping
26.2.1,26.1.1,Config,Cisco-IOS-XE-bgp.yang,grouping content,vpnv4-unicast-obsolete-grouping,,/vpnv4-unicast/uses::address-family-snmp-grouping,new uses reference,,uses,uses,,address-family-snmp-grouping
26.2.1,26.1.1,Config,Cisco-IOS-XE-bgp.yang,grouping content,vpnv6-unicast-neighbor-obsolete,,/uses::neighbor-activate-grouping,new uses reference,,uses,uses,,neighbor-activate-grouping
26.2.1,26.1.1,Config,Cisco-IOS-XE-bgp.yang,grouping content,vpnv6-unicast-neighbor-obsolete,,/uses::neighbor-accept-route-legacy-rt-grouping,new uses reference,,uses,uses,,neighbor-accept-route-legacy-rt-grouping
26.2.1,26.1.1,Config,Cisco-IOS-XE-bgp.yang,grouping content,vpnv6-unicast-neighbor-obsolete,,/uses::neighbor-vpn-advertise-grouping,new uses reference,,uses,uses,,neighbor-vpn-advertise-grouping
26.2.1,26.1.1,Config,Cisco-IOS-XE-bgp.yang,grouping content,vpnv6-unicast-neighbor-obsolete,,/uses::neighbor-advertisement-interval-ebgp-grouping,new uses reference,,uses,uses,,neighbor-advertisement-interval-ebgp-grouping
26.2.1,26.1.1,Config,Cisco-IOS-XE-bgp.yang,grouping content,vpnv6-unicast-neighbor-obsolete,,/uses::neighbor-advertisement-interval-grouping,new uses reference,,uses,uses,,neighbor-advertisement-interval-grouping
26.2.1,26.1.1,Config,Cisco-IOS-XE-bgp.yang,grouping content,vpnv6-unicast-neighbor-obsolete,,/uses::neighbor-allow-policy-grouping,new uses reference,,uses,uses,,neighbor-allow-policy-grouping
26.2.1,26.1.1,Config,Cisco-IOS-XE-bgp.yang,grouping content,vpnv6-unicast-neighbor-obsolete,,/uses::neighbor-allowas-in-grouping,new uses reference,,uses,uses,,neighbor-allowas-in-grouping
26.2.1,26.1.1,Config,Cisco-IOS-XE-bgp.yang,grouping content,vpnv6-unicast-neighbor-obsolete,,/uses::neighbor-capability-grouping,new uses reference,,uses,uses,,neighbor-capability-grouping
26.2.1,26.1.1,Config,Cisco-IOS-XE-bgp.yang,grouping content,vpnv6-unicast-neighbor-obsolete,,/uses::neighbor-distribute-list-grouping,new uses reference,,uses,uses,,neighbor-distribute-list-grouping
26.2.1,26.1.1,Config,Cisco-IOS-XE-bgp.yang,grouping content,vpnv6-unicast-neighbor-obsolete,,/uses::neighbor-dmzlink-bw-grouping,new uses reference,,uses,uses,,neighbor-dmzlink-bw-grouping
26.2.1,26.1.1,Config,Cisco-IOS-XE-bgp.yang,grouping content,vpnv6-unicast-neighbor-obsolete,,/uses::neighbor-filter-list-grouping,new uses reference,,uses,uses,,neighbor-filter-list-grouping
26.2.1,26.1.1,Config,Cisco-IOS-XE-bgp.yang,grouping content,vpnv6-unicast-neighbor-obsolete,,/uses::neighbor-af-inherit-grouping,new uses reference,,uses,uses,,neighbor-af-inherit-grouping
26.2.1,26.1.1,Config,Cisco-IOS-XE-bgp.yang,grouping content,vpnv6-unicast-neighbor-obsolete,,/uses::neighbor-long-lived-grouping,new uses reference,,uses,uses,,neighbor-long-lived-grouping
26.2.1,26.1.1,Config,Cisco-IOS-XE-bgp.yang,grouping content,vpnv6-unicast-neighbor-obsolete,,/uses::neighbor-maximum-prefix-grouping,new uses reference,,uses,uses,,neighbor-maximum-prefix-grouping
26.2.1,26.1.1,Config,Cisco-IOS-XE-bgp.yang,grouping content,vpnv6-unicast-neighbor-obsolete,,/uses::neighbor-next-hop-self-grouping,new uses reference,,uses,uses,,neighbor-next-hop-self-grouping
26.2.1,26.1.1,Config,Cisco-IOS-XE-bgp.yang,grouping content,vpnv6-unicast-neighbor-obsolete,,/uses::neighbor-next-hop-unchanged-v2-grouping,new uses reference,,uses,uses,,neighbor-next-hop-unchanged-v2-grouping
26.2.1,26.1.1,Config,Cisco-IOS-XE-bgp.yang,grouping content,vpnv6-unicast-neighbor-obsolete,,/uses::neighbor-next-hop-unchanged-grouping,new uses reference,,uses,uses,,neighbor-next-hop-unchanged-grouping
26.2.1,26.1.1,Config,Cisco-IOS-XE-bgp.yang,grouping content,vpnv6-unicast-neighbor-obsolete,,/uses::neighbor-prefix-list-grouping,new uses reference,,uses,uses,,neighbor-prefix-list-grouping
26.2.1,26.1.1,Config,Cisco-IOS-XE-bgp.yang,grouping content,vpnv6-unicast-neighbor-obsolete,,/uses::neighbor-remove-private-as-grouping,new uses reference,,uses,uses,,neighbor-remove-private-as-grouping
26.2.1,26.1.1,Config,Cisco-IOS-XE-bgp.yang,grouping content,vpnv6-unicast-neighbor-obsolete,,/uses::neighbor-route-map-grouping,new uses reference,,uses,uses,,neighbor-route-map-grouping
26.2.1,26.1.1,Config,Cisco-IOS-XE-bgp.yang,grouping content,vpnv6-unicast-neighbor-obsolete,,/uses::neighbor-route-reflector-client-grouping,new uses reference,,uses,uses,,neighbor-route-reflector-client-grouping
26.2.1,26.1.1,Config,Cisco-IOS-XE-bgp.yang,grouping content,vpnv6-unicast-neighbor-obsolete,,/uses::neighbor-send-community-grouping-v2,new uses reference,,uses,uses,,neighbor-send-community-grouping-v2
26.2.1,26.1.1,Config,Cisco-IOS-XE-bgp.yang,grouping content,vpnv6-unicast-neighbor-obsolete,,/uses::neighbor-send-community-obsolete-grouping-v1,new uses reference,,uses,uses,,neighbor-send-community-obsolete-grouping-v1
26.2.1,26.1.1,Config,Cisco-IOS-XE-bgp.yang,grouping content,vpnv6-unicast-neighbor-obsolete,,/uses::neighbor-slow-peer-grouping,new uses reference,,uses,uses,,neighbor-slow-peer-grouping
26.2.1,26.1.1,Config,Cisco-IOS-XE-bgp.yang,grouping content,vpnv6-unicast-neighbor-obsolete,,/uses::neighbor-soft-reconfiguration-obsolete-grouping,new uses reference,,uses,uses,,neighbor-soft-reconfiguration-obsolete-grouping
26.2.1,26.1.1,Config,Cisco-IOS-XE-bgp.yang,grouping content,vpnv6-unicast-neighbor-obsolete,,/uses::neighbor-soo-grouping,new uses reference,,uses,uses,,neighbor-soo-grouping
26.2.1,26.1.1,Config,Cisco-IOS-XE-bgp.yang,grouping content,vpnv6-unicast-neighbor-obsolete,,/uses::neighbor-srv6-encap-grouping,new uses reference,,uses,uses,,neighbor-srv6-encap-grouping
26.2.1,26.1.1,Config,Cisco-IOS-XE-bgp.yang,grouping content,vpnv6-unicast-neighbor-obsolete,,/uses::neighbor-unsuppress-map-grouping,new uses reference,,uses,uses,,neighbor-unsuppress-map-grouping
26.2.1,26.1.1,Config,Cisco-IOS-XE-bgp.yang,grouping content,vpnv6-unicast-neighbor-obsolete,,/uses::neighbor-weight-grouping,new uses reference,,uses,uses,,neighbor-weight-grouping
26.2.1,26.1.1,Config,Cisco-IOS-XE-bgp.yang,grouping content,vpnv6-unicast-obsolete-grouping,,/vpnv6-unicast,new grouping data node,,container,,,
26.2.1,26.1.1,Config,Cisco-IOS-XE-bgp.yang,grouping content,vpnv6-unicast-obsolete-grouping,,/vpnv6-unicast/uses::vpnv6-unicast-bgp,new uses reference,,uses,uses,,vpnv6-unicast-bgp
26.2.1,26.1.1,Config,Cisco-IOS-XE-bgp.yang,grouping content,vpnv6-unicast-obsolete-grouping,,/vpnv6-unicast/uses::address-family-vpnv6-import-grouping,new uses reference,,uses,uses,,address-family-vpnv6-import-grouping
26.2.1,26.1.1,Config,Cisco-IOS-XE-bgp.yang,grouping content,vpnv6-unicast-obsolete-grouping,,/vpnv6-unicast/peer-group,new grouping data node,,container,,,
26.2.1,26.1.1,Config,Cisco-IOS-XE-bgp.yang,grouping content,vpnv6-unicast-obsolete-grouping,,/vpnv6-unicast/peer-group/neighbor,new grouping data node,,list,,,
26.2.1,26.1.1,Config,Cisco-IOS-XE-bgp.yang,grouping content,vpnv6-unicast-obsolete-grouping,,/vpnv6-unicast/peer-group/neighbor/id,new grouping data node,,leaf,,,
26.2.1,26.1.1,Config,Cisco-IOS-XE-bgp.yang,grouping content,vpnv6-unicast-obsolete-grouping,,/vpnv6-unicast/peer-group/neighbor/uses::neighbor-accept-route-legacy-rt-grouping,new uses reference,,uses,uses,,neighbor-accept-route-legacy-rt-grouping
26.2.1,26.1.1,Config,Cisco-IOS-XE-bgp.yang,grouping content,vpnv6-unicast-obsolete-grouping,,/vpnv6-unicast/peer-group/neighbor/uses::neighbor-activate-grouping,new uses reference,,uses,uses,,neighbor-activate-grouping
26.2.1,26.1.1,Config,Cisco-IOS-XE-bgp.yang,grouping content,vpnv6-unicast-obsolete-grouping,,/vpnv6-unicast/peer-group/neighbor/uses::neighbor-vpn-advertise-grouping,new uses reference,,uses,uses,,neighbor-vpn-advertise-grouping
26.2.1,26.1.1,Config,Cisco-IOS-XE-bgp.yang,grouping content,vpnv6-unicast-obsolete-grouping,,/vpnv6-unicast/peer-group/neighbor/uses::neighbor-advertisement-interval-grouping,new uses reference,,uses,uses,,neighbor-advertisement-interval-grouping
26.2.1,26.1.1,Config,Cisco-IOS-XE-bgp.yang,grouping content,vpnv6-unicast-obsolete-grouping,,/vpnv6-unicast/peer-group/neighbor/uses::neighbor-allow-policy-grouping,new uses reference,,uses,uses,,neighbor-allow-policy-grouping
26.2.1,26.1.1,Config,Cisco-IOS-XE-bgp.yang,grouping content,vpnv6-unicast-obsolete-grouping,,/vpnv6-unicast/peer-group/neighbor/uses::neighbor-allowas-in-grouping,new uses reference,,uses,uses,,neighbor-allowas-in-grouping
26.2.1,26.1.1,Config,Cisco-IOS-XE-bgp.yang,grouping content,vpnv6-unicast-obsolete-grouping,,/vpnv6-unicast/peer-group/neighbor/capability,new grouping data node,,container,,,
26.2.1,26.1.1,Config,Cisco-IOS-XE-bgp.yang,grouping content,vpnv6-unicast-obsolete-grouping,,/vpnv6-unicast/peer-group/neighbor/capability/orf,new grouping data node,,container,,,
26.2.1,26.1.1,Config,Cisco-IOS-XE-bgp.yang,grouping content,vpnv6-unicast-obsolete-grouping,,/vpnv6-unicast/peer-group/neighbor/capability/orf/uses::neighbor-capability-peer-group-grouping,new uses reference,,uses,uses,,neighbor-capability-peer-group-grouping
26.2.1,26.1.1,Config,Cisco-IOS-XE-bgp.yang,grouping content,vpnv6-unicast-obsolete-grouping,,/vpnv6-unicast/peer-group/neighbor/capability/orf/prefix-list,new grouping data node,,leaf-list,,,
26.2.1,26.1.1,Config,Cisco-IOS-XE-bgp.yang,grouping content,vpnv6-unicast-obsolete-grouping,,/vpnv6-unicast/peer-group/neighbor/uses::neighbor-distribute-list-grouping,new uses reference,,uses,uses,,neighbor-distribute-list-grouping
26.2.1,26.1.1,Config,Cisco-IOS-XE-bgp.yang,grouping content,vpnv6-unicast-obsolete-grouping,,/vpnv6-unicast/peer-group/neighbor/uses::neighbor-dmzlink-bw-grouping,new uses reference,,uses,uses,,neighbor-dmzlink-bw-grouping
26.2.1,26.1.1,Config,Cisco-IOS-XE-bgp.yang,grouping content,vpnv6-unicast-obsolete-grouping,,/vpnv6-unicast/peer-group/neighbor/uses::neighbor-filter-list-grouping,new uses reference,,uses,uses,,neighbor-filter-list-grouping
26.2.1,26.1.1,Config,Cisco-IOS-XE-bgp.yang,grouping content,vpnv6-unicast-obsolete-grouping,,/vpnv6-unicast/peer-group/neighbor/uses::peer-group-inherit-grouping,new uses reference,,uses,uses,,peer-group-inherit-grouping
26.2.1,26.1.1,Config,Cisco-IOS-XE-bgp.yang,grouping content,vpnv6-unicast-obsolete-grouping,,/vpnv6-unicast/peer-group/neighbor/uses::neighbor-long-lived-grouping,new uses reference,,uses,uses,,neighbor-long-lived-grouping
26.2.1,26.1.1,Config,Cisco-IOS-XE-bgp.yang,grouping content,vpnv6-unicast-obsolete-grouping,,/vpnv6-unicast/peer-group/neighbor/uses::neighbor-maximum-prefix-grouping,new uses reference,,uses,uses,,neighbor-maximum-prefix-grouping
26.2.1,26.1.1,Config,Cisco-IOS-XE-bgp.yang,grouping content,vpnv6-unicast-obsolete-grouping,,/vpnv6-unicast/peer-group/neighbor/uses::neighbor-next-hop-self-grouping,new uses reference,,uses,uses,,neighbor-next-hop-self-grouping
26.2.1,26.1.1,Config,Cisco-IOS-XE-bgp.yang,grouping content,vpnv6-unicast-obsolete-grouping,,/vpnv6-unicast/peer-group/neighbor/uses::neighbor-next-hop-unchanged-v2-grouping,new uses reference,,uses,uses,,neighbor-next-hop-unchanged-v2-grouping
26.2.1,26.1.1,Config,Cisco-IOS-XE-bgp.yang,grouping content,vpnv6-unicast-obsolete-grouping,,/vpnv6-unicast/peer-group/neighbor/uses::neighbor-next-hop-unchanged-grouping,new uses reference,,uses,uses,,neighbor-next-hop-unchanged-grouping
26.2.1,26.1.1,Config,Cisco-IOS-XE-bgp.yang,grouping content,vpnv6-unicast-obsolete-grouping,,/vpnv6-unicast/peer-group/neighbor/uses::neighbor-prefix-list-grouping,new uses reference,,uses,uses,,neighbor-prefix-list-grouping
26.2.1,26.1.1,Config,Cisco-IOS-XE-bgp.yang,grouping content,vpnv6-unicast-obsolete-grouping,,/vpnv6-unicast/peer-group/neighbor/uses::neighbor-remove-private-as-grouping,new uses reference,,uses,uses,,neighbor-remove-private-as-grouping
26.2.1,26.1.1,Config,Cisco-IOS-XE-bgp.yang,grouping content,vpnv6-unicast-obsolete-grouping,,/vpnv6-unicast/peer-group/neighbor/uses::neighbor-route-map-grouping,new uses reference,,uses,uses,,neighbor-route-map-grouping
26.2.1,26.1.1,Config,Cisco-IOS-XE-bgp.yang,grouping content,vpnv6-unicast-obsolete-grouping,,/vpnv6-unicast/peer-group/neighbor/uses::neighbor-route-reflector-client-grouping,new uses reference,,uses,uses,,neighbor-route-reflector-client-grouping
26.2.1,26.1.1,Config,Cisco-IOS-XE-bgp.yang,grouping content,vpnv6-unicast-obsolete-grouping,,/vpnv6-unicast/peer-group/neighbor/uses::neighbor-send-community-grouping-v2,new uses reference,,uses,uses,,neighbor-send-community-grouping-v2
26.2.1,26.1.1,Config,Cisco-IOS-XE-bgp.yang,grouping content,vpnv6-unicast-obsolete-grouping,,/vpnv6-unicast/peer-group/neighbor/uses::neighbor-send-community-obsolete-grouping-v1,new uses reference,,uses,uses,,neighbor-send-community-obsolete-grouping-v1
26.2.1,26.1.1,Config,Cisco-IOS-XE-bgp.yang,grouping content,vpnv6-unicast-obsolete-grouping,,/vpnv6-unicast/peer-group/neighbor/uses::neighbor-slow-peer-grouping,new uses reference,,uses,uses,,neighbor-slow-peer-grouping
26.2.1,26.1.1,Config,Cisco-IOS-XE-bgp.yang,grouping content,vpnv6-unicast-obsolete-grouping,,/vpnv6-unicast/peer-group/neighbor/uses::neighbor-soft-reconfiguration-obsolete-grouping,new uses reference,,uses,uses,,neighbor-soft-reconfiguration-obsolete-grouping
26.2.1,26.1.1,Config,Cisco-IOS-XE-bgp.yang,grouping content,vpnv6-unicast-obsolete-grouping,,/vpnv6-unicast/peer-group/neighbor/uses::neighbor-soo-grouping,new uses reference,,uses,uses,,neighbor-soo-grouping
26.2.1,26.1.1,Config,Cisco-IOS-XE-bgp.yang,grouping content,vpnv6-unicast-obsolete-grouping,,/vpnv6-unicast/peer-group/neighbor/uses::neighbor-srv6-encap-grouping,new uses reference,,uses,uses,,neighbor-srv6-encap-grouping
26.2.1,26.1.1,Config,Cisco-IOS-XE-bgp.yang,grouping content,vpnv6-unicast-obsolete-grouping,,/vpnv6-unicast/peer-group/neighbor/uses::neighbor-unsuppress-map-grouping,new uses reference,,uses,uses,,neighbor-unsuppress-map-grouping
26.2.1,26.1.1,Config,Cisco-IOS-XE-bgp.yang,grouping content,vpnv6-unicast-obsolete-grouping,,/vpnv6-unicast/peer-group/neighbor/uses::neighbor-weight-grouping,new uses reference,,uses,uses,,neighbor-weight-grouping
26.2.1,26.1.1,Config,Cisco-IOS-XE-bgp.yang,grouping content,vpnv6-unicast-obsolete-grouping,,/vpnv6-unicast/neighbor,new grouping data node,,list,,,
26.2.1,26.1.1,Config,Cisco-IOS-XE-bgp.yang,grouping content,vpnv6-unicast-obsolete-grouping,,/vpnv6-unicast/neighbor/id,new grouping data node,,leaf,,,
26.2.1,26.1.1,Config,Cisco-IOS-XE-bgp.yang,grouping content,vpnv6-unicast-obsolete-grouping,,/vpnv6-unicast/neighbor/uses::vpnv6-unicast-neighbor-obsolete,new uses reference,,uses,uses,,vpnv6-unicast-neighbor-obsolete
26.2.1,26.1.1,Config,Cisco-IOS-XE-bgp.yang,grouping content,vpnv6-unicast-obsolete-grouping,,/vpnv6-unicast/uses::address-family-segment-routing-srv6-vpn-grouping,new uses reference,,uses,uses,,address-family-segment-routing-srv6-vpn-grouping
26.2.1,26.1.1,Config,Cisco-IOS-XE-bgp.yang,grouping content,vpnv6-unicast-obsolete-grouping,,/vpnv6-unicast/uses::address-family-snmp-grouping,new uses reference,,uses,uses,,address-family-snmp-grouping
26.2.1,26.1.1,Oper,Cisco-IOS-XE-bridge-oper.yang,grouping content,bridge-entry,,/age-time,property changed,leaf,leaf,units,[],"[""seconds""]"
26.2.1,26.1.1,Oper,Cisco-IOS-XE-bridge-oper.yang,grouping content,bridge-intf-entry,,/mtu,property changed,leaf,leaf,units,[],"[""bytes""]"
26.2.1,26.1.1,Oper,Cisco-IOS-XE-cdp-oper.yang,grouping content,cdp-power-avail,,/power-man-level,property changed,leaf,leaf,units,[],"[""milliwatts""]"
26.2.1,26.1.1,Oper,Cisco-IOS-XE-cdp-oper.yang,grouping content,cdp-protocol-hello,,/payload-len,property changed,leaf,leaf,units,[],"[""bytes""]"
26.2.1,26.1.1,Config,Cisco-IOS-XE-cdp.yang,grouping content,config-cdp-grouping,,/tlv-list/address,added data node,,leaf,,,
26.2.1,26.1.1,Config,Cisco-IOS-XE-cdp.yang,grouping content,config-cdp-grouping,,/tlv-list/capability,added data node,,leaf,,,
26.2.1,26.1.1,Config,Cisco-IOS-XE-cdp.yang,grouping content,config-cdp-grouping,,/tlv-list/ext-port-id,added data node,,leaf,,,
26.2.1,26.1.1,Config,Cisco-IOS-XE-cdp.yang,grouping content,config-cdp-grouping,,/tlv-list/hello-protocol,added data node,,leaf,,,
26.2.1,26.1.1,Config,Cisco-IOS-XE-cdp.yang,grouping content,config-cdp-grouping,,/tlv-list/ip-prefix,added data node,,leaf,,,
26.2.1,26.1.1,Config,Cisco-IOS-XE-cdp.yang,grouping content,config-cdp-grouping,,/tlv-list/location,added data node,,leaf,,,
26.2.1,26.1.1,Config,Cisco-IOS-XE-cdp.yang,grouping content,config-cdp-grouping,,/tlv-list/location-server,added data node,,leaf,,,
26.2.1,26.1.1,Config,Cisco-IOS-XE-cdp.yang,grouping content,config-cdp-grouping,,/tlv-list/mgmt-address,added data node,,leaf,,,
26.2.1,26.1.1,Config,Cisco-IOS-XE-cdp.yang,grouping content,config-cdp-grouping,,/tlv-list/native-vlan,added data node,,leaf,,,
26.2.1,26.1.1,Config,Cisco-IOS-XE-cdp.yang,grouping content,config-cdp-grouping,,/tlv-list/platform,added data node,,leaf,,,
26.2.1,26.1.1,Config,Cisco-IOS-XE-cdp.yang,grouping content,config-cdp-grouping,,/tlv-list/port-id,added data node,,leaf,,,
26.2.1,26.1.1,Config,Cisco-IOS-XE-cdp.yang,grouping content,config-cdp-grouping,,/tlv-list/power-available,added data node,,leaf,,,
26.2.1,26.1.1,Config,Cisco-IOS-XE-cdp.yang,grouping content,config-cdp-grouping,,/tlv-list/powernet,added data node,,leaf,,,
26.2.1,26.1.1,Config,Cisco-IOS-XE-cdp.yang,grouping content,config-cdp-grouping,,/tlv-list/spare-pair-poe,added data node,,leaf,,,
26.2.1,26.1.1,Config,Cisco-IOS-XE-cdp.yang,grouping content,config-cdp-grouping,,/tlv-list/unidirectional-mode,added data node,,leaf,,,
26.2.1,26.1.1,Config,Cisco-IOS-XE-cdp.yang,grouping content,config-cdp-grouping,,/tlv-list/vvid,added data node,,leaf,,,
26.2.1,26.1.1,Config,Cisco-IOS-XE-cdp.yang,grouping content,config-cdp-grouping,,/uses::config-cdp-log-mismatch-duplex-grouping,added uses reference,,uses,uses,,config-cdp-log-mismatch-duplex-grouping
26.2.1,26.1.1,Config,Cisco-IOS-XE-cdp.yang,grouping content,config-cdp-log-mismatch-duplex-grouping,,/log,new grouping data node,,container,,,
26.2.1,26.1.1,Config,Cisco-IOS-XE-cdp.yang,grouping content,config-cdp-log-mismatch-duplex-grouping,,/log/mismatch,new grouping data node,,container,,,
26.2.1,26.1.1,Config,Cisco-IOS-XE-cdp.yang,grouping content,config-cdp-log-mismatch-duplex-grouping,,/log/mismatch/duplex,new grouping data node,,leaf,,,
26.2.1,26.1.1,Oper,Cisco-IOS-XE-cellwan-oper.yang,grouping content,cellwan-dg-entry,,/cell-if-name,new grouping data node,,leaf,,,
26.2.1,26.1.1,Oper,Cisco-IOS-XE-cellwan-oper.yang,grouping content,cellwan-dg-entry,,/detach-status,new grouping data node,,leaf,,,
26.2.1,26.1.1,Oper,Cisco-IOS-XE-cellwan-oper.yang,grouping content,cellwan-dg-entry,,/sms-status,new grouping data node,,leaf,,,
26.2.1,26.1.1,Oper,Cisco-IOS-XE-cellwan-oper.yang,grouping content,cellwan-dg-entry,,/phone-num,new grouping data node,,leaf,,,
26.2.1,26.1.1,Oper,Cisco-IOS-XE-cellwan-oper.yang,grouping content,cellwan-dg-entry,,/sms-msg,new grouping data node,,leaf,,,
26.2.1,26.1.1,Config,Cisco-IOS-XE-cip.yang,grouping content,config-global-cip-grouping,,/cip/security/password-config,added data node,,container,,,
26.2.1,26.1.1,Config,Cisco-IOS-XE-cip.yang,grouping content,config-global-cip-grouping,,/cip/security/password-config/encryption-type,added data node,,leaf,,,
26.2.1,26.1.1,Config,Cisco-IOS-XE-cip.yang,grouping content,config-global-cip-grouping,,/cip/security/password-config/password,added data node,,leaf,,,
26.2.1,26.1.1,Config,Cisco-IOS-XE-cip.yang,grouping content,config-global-cip-grouping,,/cip/security/password,property changed,leaf,leaf,status,[],"[""deprecated""]"
26.2.1,26.1.1,Other,Cisco-IOS-XE-controller-shdsl-common.yang,grouping content,dsl-stats,,/fe-power-back-off,property changed,leaf,leaf,units,[],"[""dB""]"
26.2.1,26.1.1,Other,Cisco-IOS-XE-controller-shdsl-common.yang,grouping content,dsl-stats,,/loop-attenuation,property changed,leaf,leaf,units,[],"[""dB""]"
26.2.1,26.1.1,Other,Cisco-IOS-XE-controller-shdsl-common.yang,grouping content,dsl-stats,,/power-back-off,property changed,leaf,leaf,units,[],"[""dB""]"
26.2.1,26.1.1,Config,Cisco-IOS-XE-controller.yang,grouping content,config-controller-grouping,,/Cellular/lte/gps/nmea/ip/udp-stream,added data node,,list,,,
26.2.1,26.1.1,Config,Cisco-IOS-XE-controller.yang,grouping content,config-controller-grouping,,/Cellular/lte/gps/nmea/ip/udp-stream/destination-address,added data node,,leaf,,,
26.2.1,26.1.1,Config,Cisco-IOS-XE-controller.yang,grouping content,config-controller-grouping,,/Cellular/lte/gps/nmea/ip/udp-stream/destination-port,added data node,,leaf,,,
26.2.1,26.1.1,Config,Cisco-IOS-XE-controller.yang,grouping content,config-controller-grouping,,/Cellular/lte/gps/nmea/ip/udp-stream/source-address,added data node,,leaf,,,
26.2.1,26.1.1,Config,Cisco-IOS-XE-controller.yang,grouping content,config-controller-grouping,,/Cellular/lte/gps/nmea/ip/udp-stream/stream,added data node,,leaf,,,
26.2.1,26.1.1,Config,Cisco-IOS-XE-controller.yang,grouping content,config-controller-grouping,,/Cellular/lte/gps/nmea/ip/udp,property changed,container,container,status,[],"[""deprecated""]"
26.2.1,26.1.1,Config,Cisco-IOS-XE-controller.yang,grouping content,config-controller-grouping,,/Cellular/lte/gps/nmea/ip/udp/destination-address,property changed,leaf,leaf,status,[],"[""deprecated""]"
26.2.1,26.1.1,Config,Cisco-IOS-XE-controller.yang,grouping content,config-controller-grouping,,/Cellular/lte/gps/nmea/ip/udp/destination-port,property changed,leaf,leaf,status,[],"[""deprecated""]"
26.2.1,26.1.1,Config,Cisco-IOS-XE-controller.yang,grouping content,config-controller-grouping,,/Cellular/lte/gps/nmea/ip/udp/source-address,property changed,leaf,leaf,status,[],"[""deprecated""]"
26.2.1,26.1.1,Config,Cisco-IOS-XE-controller.yang,grouping content,config-controller-grouping,,/Cellular/lte/sim/data-profile-list/attach-profile,property changed,leaf,leaf,type,"[""leafref {path ../../../../profile/id}""]","[""leafref {path ../../../../profile/id; require-instance false}""]"
26.2.1,26.1.1,Config,Cisco-IOS-XE-controller.yang,grouping content,config-controller-grouping,,/Cellular/lte/sim/data-profile-list/data-profile,property changed,leaf,leaf,type,"[""leafref {path ../../../../profile/id}""]","[""leafref {path ../../../../profile/id; require-instance false}""]"
26.2.1,26.1.1,Oper,Cisco-IOS-XE-crypto-oper.yang,grouping content,crypto-ike-sa-data,,/pqc-group,added data node,,leaf,,,
26.2.1,26.1.1,Oper,Cisco-IOS-XE-crypto-oper.yang,grouping content,crypto-ipsec-ident-data,,/pqc-group,added data node,,leaf,,,
26.2.1,26.1.1,RPC,Cisco-IOS-XE-crypto-rpc.yang,grouping content,crypto-input-grouping,,/key/generate/mldsa,added data node,,container,,,
26.2.1,26.1.1,RPC,Cisco-IOS-XE-crypto-rpc.yang,grouping content,crypto-input-grouping,,/key/generate/mldsa/exportable,added data node,,leaf,,,
26.2.1,26.1.1,RPC,Cisco-IOS-XE-crypto-rpc.yang,grouping content,crypto-input-grouping,,/key/generate/mldsa/label,added data node,,leaf,,,
26.2.1,26.1.1,RPC,Cisco-IOS-XE-crypto-rpc.yang,grouping content,crypto-input-grouping,,/key/generate/mldsa/param,added data node,,leaf,,,
26.2.1,26.1.1,Config,Cisco-IOS-XE-crypto.yang,grouping content,config-crypto-grouping,,/pki/certificate/hidehex,added data node,,leaf,,,
26.2.1,26.1.1,Config,Cisco-IOS-XE-crypto.yang,grouping content,config-key-grouping,,/chain/key/id,property changed,leaf,leaf,must,[],"[""not(../../macsec) or\n                (string-length(.) >= 2 and\n                 string-length(.) <= 64 and\n                 (string-length(.) mod 2) = 0 and\n                 translate(., '0123456789abcdefABCDEF', '') = '' and\n                 translate(., '0', '') != '')""]"
26.2.1,26.1.1,Config,Cisco-IOS-XE-crypto.yang,grouping content,config-key-grouping,,/chain/key/key-string/key,property changed,leaf,leaf,must,"[""((not(../encryption) or ../encryption = 0) and string-length(.) <= 80) or (../encryption = 6 and string-length(.) <= 141) or (../encryption = 7)""]","[""((not(../encryption) or ../encryption = 0) and string-length(.) <= 80) or (../encryption = 6 and string-length(.) <= 141) or (../encryption = 7)"", ""not(../../../macsec) or\n                  (../encryption = 6) or\n                  (../encryption = 7) or\n                  translate(., '0123456789abcdefABCDEF', '') = ''"", ""not(../../../macsec) or\n                  (../encryption = 6) or\n                  (../encryption = 7) or\n                  ((../../cryptographic-algorithm-choice/macsec = 'aes-128-cmac' and string-length(.) = 32) or\n                   (../../cryptographic-algorithm-choice/macsec = 'aes-256-cmac' and string-length(.) = 64))""]"
26.2.1,26.1.1,Config,Cisco-IOS-XE-crypto.yang,grouping content,crypto-ikev2-profile-authentication-grouping-deprecated,,/username,new grouping data node,,leaf,,,
26.2.1,26.1.1,Config,Cisco-IOS-XE-crypto.yang,grouping content,crypto-ikev2-profile-authentication-grouping-deprecated,,/password,new grouping data node,,container,,,
26.2.1,26.1.1,Config,Cisco-IOS-XE-crypto.yang,grouping content,crypto-ikev2-profile-authentication-grouping-deprecated,,/password/encryption,new grouping data node,,leaf,,,
26.2.1,26.1.1,Config,Cisco-IOS-XE-crypto.yang,grouping content,crypto-ikev2-profile-authentication-grouping-deprecated,,/password/key,new grouping data node,,leaf,,,
26.2.1,26.1.1,Config,Cisco-IOS-XE-crypto.yang,grouping content,crypto-ikev2-profile-authentication-key-grouping-deprecated,,/key,new grouping data node,,container,,,
26.2.1,26.1.1,Config,Cisco-IOS-XE-crypto.yang,grouping content,crypto-ikev2-profile-authentication-key-grouping-deprecated,,/key/encryption,new grouping data node,,leaf,,,
26.2.1,26.1.1,Config,Cisco-IOS-XE-crypto.yang,grouping content,crypto-ikev2-profile-authentication-key-grouping-deprecated,,/key/key,new grouping data node,,leaf,,,
26.2.1,26.1.1,Config,Cisco-IOS-XE-crypto.yang,grouping content,crypto-ikev2-profile-grouping,choice local-authentication-choice > case dynamic-case,/authentication/local/dynamic-case,added data node,,leaf,,,
26.2.1,26.1.1,Config,Cisco-IOS-XE-crypto.yang,grouping content,crypto-ikev2-profile-grouping,choice local-authentication-choice > case eap-case,/authentication/local/eap-case,added data node,,container,,,
26.2.1,26.1.1,Config,Cisco-IOS-XE-crypto.yang,grouping content,crypto-ikev2-profile-grouping,choice local-authentication-choice > case eap-case,/authentication/local/eap-case/gtc,added data node,,container,,,
26.2.1,26.1.1,Config,Cisco-IOS-XE-crypto.yang,grouping content,crypto-ikev2-profile-grouping,choice local-authentication-choice > case eap-case,/authentication/local/eap-case/gtc/uses::crypto-ikev2-profile-authentication-grouping,added uses reference,,uses,uses,,crypto-ikev2-profile-authentication-grouping
26.2.1,26.1.1,Config,Cisco-IOS-XE-crypto.yang,grouping content,crypto-ikev2-profile-grouping,choice local-authentication-choice > case eap-case,/authentication/local/eap-case/md5,added data node,,container,,,
26.2.1,26.1.1,Config,Cisco-IOS-XE-crypto.yang,grouping content,crypto-ikev2-profile-grouping,choice local-authentication-choice > case eap-case,/authentication/local/eap-case/md5/uses::crypto-ikev2-profile-authentication-grouping,added uses reference,,uses,uses,,crypto-ikev2-profile-authentication-grouping
26.2.1,26.1.1,Config,Cisco-IOS-XE-crypto.yang,grouping content,crypto-ikev2-profile-grouping,choice local-authentication-choice > case eap-case,/authentication/local/eap-case/mschapv2,added data node,,container,,,
26.2.1,26.1.1,Config,Cisco-IOS-XE-crypto.yang,grouping content,crypto-ikev2-profile-grouping,choice local-authentication-choice > case eap-case,/authentication/local/eap-case/mschapv2/uses::crypto-ikev2-profile-authentication-grouping,added uses reference,,uses,uses,,crypto-ikev2-profile-authentication-grouping
26.2.1,26.1.1,Config,Cisco-IOS-XE-crypto.yang,grouping content,crypto-ikev2-profile-grouping,,/authentication/local/eap/gtc/uses::crypto-ikev2-profile-authentication-grouping-deprecated,added uses reference,,uses,uses,,crypto-ikev2-profile-authentication-grouping-deprecated
26.2.1,26.1.1,Config,Cisco-IOS-XE-crypto.yang,grouping content,crypto-ikev2-profile-grouping,,/authentication/local/eap/md5/uses::crypto-ikev2-profile-authentication-grouping-deprecated,added uses reference,,uses,uses,,crypto-ikev2-profile-authentication-grouping-deprecated
26.2.1,26.1.1,Config,Cisco-IOS-XE-crypto.yang,grouping content,crypto-ikev2-profile-grouping,,/authentication/local/eap/mschapv2/uses::crypto-ikev2-profile-authentication-grouping-deprecated,added uses reference,,uses,uses,,crypto-ikev2-profile-authentication-grouping-deprecated
26.2.1,26.1.1,Config,Cisco-IOS-XE-crypto.yang,grouping content,crypto-ikev2-profile-grouping,choice local-authentication-choice > case ecdsa-sig-case,/authentication/local/ecdsa-sig-case,added data node,,leaf,,,
26.2.1,26.1.1,Config,Cisco-IOS-XE-crypto.yang,grouping content,crypto-ikev2-profile-grouping,choice local-authentication-choice > case mldsa-sig-case,/authentication/local/mldsa-sig,added data node,,leaf,,,
26.2.1,26.1.1,Config,Cisco-IOS-XE-crypto.yang,grouping content,crypto-ikev2-profile-grouping,choice local-authentication-choice > case pre-share-case,/authentication/local/pre-share-case,added data node,,container,,,
26.2.1,26.1.1,Config,Cisco-IOS-XE-crypto.yang,grouping content,crypto-ikev2-profile-grouping,choice local-authentication-choice > case pre-share-case,/authentication/local/pre-share-case/uses::crypto-ikev2-profile-authentication-key-grouping,added uses reference,,uses,uses,,crypto-ikev2-profile-authentication-key-grouping
26.2.1,26.1.1,Config,Cisco-IOS-XE-crypto.yang,grouping content,crypto-ikev2-profile-grouping,,/authentication/local/pre-share/uses::crypto-ikev2-profile-authentication-key-grouping-deprecated,added uses reference,,uses,uses,,crypto-ikev2-profile-authentication-key-grouping-deprecated
26.2.1,26.1.1,Config,Cisco-IOS-XE-crypto.yang,grouping content,crypto-ikev2-profile-grouping,choice local-authentication-choice > case rsa-sig-case,/authentication/local/rsa-sig-case,added data node,,leaf,,,
26.2.1,26.1.1,Config,Cisco-IOS-XE-crypto.yang,grouping content,crypto-ikev2-profile-grouping,,/authentication/remote/mldsa-sig,added data node,,leaf,,,
26.2.1,26.1.1,Config,Cisco-IOS-XE-crypto.yang,grouping content,crypto-ikev2-profile-grouping,,/authentication/local/eap/gtc/uses::crypto-ikev2-profile-authentication-grouping,removed uses reference,uses,uses,uses,crypto-ikev2-profile-authentication-grouping,
26.2.1,26.1.1,Config,Cisco-IOS-XE-crypto.yang,grouping content,crypto-ikev2-profile-grouping,,/authentication/local/eap/md5/uses::crypto-ikev2-profile-authentication-grouping,removed uses reference,uses,uses,uses,crypto-ikev2-profile-authentication-grouping,
26.2.1,26.1.1,Config,Cisco-IOS-XE-crypto.yang,grouping content,crypto-ikev2-profile-grouping,,/authentication/local/eap/mschapv2/uses::crypto-ikev2-profile-authentication-grouping,removed uses reference,uses,uses,uses,crypto-ikev2-profile-authentication-grouping,
26.2.1,26.1.1,Config,Cisco-IOS-XE-crypto.yang,grouping content,crypto-ikev2-profile-grouping,,/authentication/local/pre-share/uses::crypto-ikev2-profile-authentication-key-grouping,removed uses reference,uses,uses,uses,crypto-ikev2-profile-authentication-key-grouping,
26.2.1,26.1.1,Config,Cisco-IOS-XE-crypto.yang,grouping content,crypto-ikev2-profile-grouping,,/authentication/local/dynamic,property changed,leaf,leaf,status,[],"[""deprecated""]"
26.2.1,26.1.1,Config,Cisco-IOS-XE-crypto.yang,grouping content,crypto-ikev2-profile-grouping,,/authentication/local/eap,property changed,container,container,status,[],"[""deprecated""]"
26.2.1,26.1.1,Config,Cisco-IOS-XE-crypto.yang,grouping content,crypto-ikev2-profile-grouping,,/authentication/local/eap/gtc,property changed,container,container,status,[],"[""deprecated""]"
26.2.1,26.1.1,Config,Cisco-IOS-XE-crypto.yang,grouping content,crypto-ikev2-profile-grouping,,/authentication/local/eap/md5,property changed,container,container,status,[],"[""deprecated""]"
26.2.1,26.1.1,Config,Cisco-IOS-XE-crypto.yang,grouping content,crypto-ikev2-profile-grouping,,/authentication/local/eap/mschapv2,property changed,container,container,status,[],"[""deprecated""]"
26.2.1,26.1.1,Config,Cisco-IOS-XE-crypto.yang,grouping content,crypto-ikev2-profile-grouping,,/authentication/local/ecdsa-sig,property changed,leaf,leaf,status,[],"[""deprecated""]"
26.2.1,26.1.1,Config,Cisco-IOS-XE-crypto.yang,grouping content,crypto-ikev2-profile-grouping,,/authentication/local/pre-share,property changed,container,container,status,[],"[""deprecated""]"
26.2.1,26.1.1,Config,Cisco-IOS-XE-crypto.yang,grouping content,crypto-ikev2-profile-grouping,,/authentication/local/rsa-sig,property changed,leaf,leaf,status,[],"[""deprecated""]"
26.2.1,26.1.1,Config,Cisco-IOS-XE-crypto.yang,grouping content,crypto-pki-trustpoint-grouping,,/mldsakeypair,added data node,,container,,,
26.2.1,26.1.1,Config,Cisco-IOS-XE-crypto.yang,grouping content,crypto-pki-trustpoint-grouping,,/mldsakeypair/key-label,added data node,,leaf,,,
26.2.1,26.1.1,Config,Cisco-IOS-XE-crypto.yang,grouping content,crypto-pki-trustpoint-grouping,,/mldsakeypair/parameter-set,added data node,,leaf,,,
26.2.1,26.1.1,Config,Cisco-IOS-XE-ctrl-mng-cfg.yang,grouping content,ctrl-mng-config,,/sys-tunnel-mtu,property changed,leaf,leaf,units,[],"[""bytes""]"
26.2.1,26.1.1,Config,Cisco-IOS-XE-cts.yang,grouping content,config-cts-grouping,,/sxp/listener/delete-hold-down,added data node,,leaf,,,
26.2.1,26.1.1,Oper,Cisco-IOS-XE-device-hardware-oper.yang,grouping content,xfsu-history-entry,,/entry-id,new grouping data node,,leaf,,,
26.2.1,26.1.1,Oper,Cisco-IOS-XE-device-hardware-oper.yang,grouping content,xfsu-history-entry,,/time,new grouping data node,,leaf,,,
26.2.1,26.1.1,Oper,Cisco-IOS-XE-device-hardware-oper.yang,grouping content,xfsu-history-entry,,/state,new grouping data node,,leaf,,,
26.2.1,26.1.1,Oper,Cisco-IOS-XE-device-hardware-oper.yang,grouping content,xfsu-info,,/xfsu-supp,new grouping data node,,leaf,,,
26.2.1,26.1.1,Oper,Cisco-IOS-XE-device-hardware-oper.yang,grouping content,xfsu-info,,/status,new grouping data node,,leaf,,,
26.2.1,26.1.1,Oper,Cisco-IOS-XE-device-hardware-oper.yang,grouping content,xfsu-info,,/upgrd-dur,new grouping data node,,leaf,,,
26.2.1,26.1.1,Oper,Cisco-IOS-XE-device-hardware-oper.yang,grouping content,xfsu-info,,/infra-status,new grouping data node,,leaf,,,
26.2.1,26.1.1,Oper,Cisco-IOS-XE-device-hardware-oper.yang,grouping content,xfsu-info,,/client,new grouping data node,,list,,,
26.2.1,26.1.1,Oper,Cisco-IOS-XE-device-hardware-oper.yang,grouping content,xfsu-info,,/client/uses::device-hardware-xe-oper:xlt,new uses reference,,uses,uses,,device-hardware-xe-oper:xlt
26.2.1,26.1.1,Oper,Cisco-IOS-XE-device-hardware-oper.yang,grouping content,xfsu-info,,/xfsu-elig,new grouping data node,,leaf,,,
26.2.1,26.1.1,Oper,Cisco-IOS-XE-device-hardware-oper.yang,grouping content,xfsu-info,,/stack-mbr-ready,new grouping data node,,leaf,,,
26.2.1,26.1.1,Oper,Cisco-IOS-XE-device-hardware-oper.yang,grouping content,xfsu-info,,/auto-boot,new grouping data node,,leaf,,,
26.2.1,26.1.1,Oper,Cisco-IOS-XE-device-hardware-oper.yang,grouping content,xfsu-info,,/install-mode,new grouping data node,,leaf,,,
26.2.1,26.1.1,Oper,Cisco-IOS-XE-device-hardware-oper.yang,grouping content,xfsu-info,,/net-adv-lic,new grouping data node,,leaf,,,
26.2.1,26.1.1,Oper,Cisco-IOS-XE-device-hardware-oper.yang,grouping content,xfsu-info,,/full-ring,new grouping data node,,leaf,,,
26.2.1,26.1.1,Oper,Cisco-IOS-XE-device-hardware-oper.yang,grouping content,xfsu-info,,/supp-fpga,new grouping data node,,leaf,,,
26.2.1,26.1.1,Oper,Cisco-IOS-XE-device-hardware-oper.yang,grouping content,xfsu-info,,/macsec-not-cfg,new grouping data node,,leaf,,,
26.2.1,26.1.1,Oper,Cisco-IOS-XE-device-hardware-oper.yang,grouping content,xfsu-info,,/stp-elig,new grouping data node,,leaf,,,
26.2.1,26.1.1,Oper,Cisco-IOS-XE-device-hardware-oper.yang,grouping content,xfsu-info,,/sso-mode,new grouping data node,,leaf,,,
26.2.1,26.1.1,Oper,Cisco-IOS-XE-device-hardware-oper.yang,grouping content,xfsu-info,,/history,new grouping data node,,list,,,
26.2.1,26.1.1,Oper,Cisco-IOS-XE-device-hardware-oper.yang,grouping content,xfsu-info,,/history/uses::device-hardware-xe-oper:xfsu-history-entry,new uses reference,,uses,uses,,device-hardware-xe-oper:xfsu-history-entry
26.2.1,26.1.1,Oper,Cisco-IOS-XE-device-hardware-oper.yang,grouping content,xfsu-info,,/proto-inelig,new grouping data node,,leaf,,,
26.2.1,26.1.1,Oper,Cisco-IOS-XE-device-hardware-oper.yang,grouping content,xlt,,/id,new grouping data node,,leaf,,,
26.2.1,26.1.1,Oper,Cisco-IOS-XE-device-hardware-oper.yang,grouping content,xlt,,/name,new grouping data node,,leaf,,,
26.2.1,26.1.1,Oper,Cisco-IOS-XE-device-hardware-oper.yang,grouping content,xlt,,/status,new grouping data node,,leaf,,,
26.2.1,26.1.1,Config,Cisco-IOS-XE-device-sensor.yang,grouping content,cdp-filter-list-grouping,,/tlv/number/tlv-number/tlv-number,property changed,leaf,leaf,must,[],"[""not(((current() = 1) and (../../../name-list = 'device-name')) or\n                      ((current() = 2) and (../../../name-list = 'address-type')) or\n                      ((current() = 3) and (../../../name-list = 'port-id-type')) or\n                      ((current() = 4) and (../../../name-list = 'capabilities-type')) or\n                      ((current() = 5) and (../../../name-list = 'version-type')) or\n                      ((current() = 6) and (../../../name-list = 'platform-type')) or\n                      ((current() = 7) and (../../../name-list = 'ipprefix-type')) or\n                      ((current() = 8) and (../../../name-list = 'protocol-hello-type')) or\n                      ((current() = 9) and (../../../name-list = 'vtp-mgmt-domain-type')) or\n                      ((current() = 10) and (../../../name-list = 'native-vlan-type')) or\n                      ((current() = 11) and (../../../name-list = 'duplex-type')) or\n                      ((current() = 12) and (../../../name-list = 'twoway-connectivity-type')) or\n                      ((current() = 14) and (../../../name-list = 'vvid-type')) or\n                      ((current() = 15) and (../../../name-list = 'trigger-type')) or\n                      ((current() = 16) and (../../../name-list = 'power-type')) or\n                      ((current() = 17) and (../../../name-list = 'mtu-type')) or\n                      ((current() = 18) and (../../../name-list = 'trust-type')) or\n                      ((current() = 19) and (../../../name-list = 'cos-type')) or\n                      ((current() = 22) and (../../../name-list = 'mgmt-address-type')) or\n                      ((current() = 24) and (../../../name-list = 'external-port-id-type')) or\n                      ((current() = 25) and (../../../name-list = 'power-request-type')) or\n                      ((current() = 26) and (../../../name-list = 'power-available-type')) or\n                      ((current() = 27) and (../../../name-list = 'unidirectional-mode-type')))""]"
26.2.1,26.1.1,Config,Cisco-IOS-XE-device-sensor.yang,grouping content,dhcp-filter-list-grouping,,/option/name-list,property changed,leaf-list,leaf-list,type,"[""enumeration {enum all-subnets-local [value 1]; enum arp-cache-timeout [value 2]; enum authentication [value 3]; enum auto-configure [value 4]; enum bcmcs-servers-a [value 5]; enum bcmcs-servers-d [value 6]; enum boot-file [value 7]; enum boot-size [value 8]; enum broadcast-address [value 9]; enum cablelabs-client-configuration [value 10]; enum cisco-auto-configure [value 11]; enum cisco-client-last-transaction-time [value 12]; enum cisco-client-requested-host-name [value 13]; enum cisco-leased-ip [value 14]; enum cisco-vpn-id [value 15]; enum class-identifier [value 16]; enum classless-static-route [value 17]; enum client-fqdn [value 18]; enum client-identifier [value 19]; enum cookie-servers [value 20]; enum default-ip-ttl [value 21]; enum default-tcp-ttl [value 22]; enum domain-name [value 23]; enum domain-name-servers [value 24]; enum domain-search [value 25]; enum ethernet-encapsulation [value 26]; enum extensions-path [value 27]; enum finger-servers [value 28]; enum font-servers [value 29]; enum geo-conf [value 30]; enum geo-conf-civic [value 31]; enum host-name [value 32]; enum i-sns [value 33]; enum impress-servers [value 34]; enum initial-url [value 35]; enum interface-mtu [value 36]; enum ip-forwarding [value 37]; enum irc-servers [value 38]; enum ldap-url [value 39]; enum lease-time [value 40]; enum log-servers [value 41]; enum lpr-servers [value 42]; enum lq-associated-ip [value 43]; enum lq-client-last-transaction-time [value 44]; enum mask-supplier [value 45]; enum max-dgram-reassembly [value 46]; enum max-message-size [value 47]; enum mcns-security-server [value 48]; enum merit-dump [value 49]; enum message [value 50]; enum mobile-ip-home-agents [value 51]; enum name-servers [value 52]; enum name-service-search [value 53]; enum nds-context [value 54]; enum nds-servers [value 55]; enum nds-tree [value 56]; enum netbios-dd-servers [value 57]; enum netbios-name-servers [value 58]; enum netbios-node-type [value 59]; enum netbios-scope [value 60]; enum netinfo-parent-server-address [value 61]; enum netinfo-parent-server-tag [value 62]; enum netware-ip-domain [value 63]; enum netware-ip-information [value 64]; enum nis-domain [value 65]; enum nis-plus-domain [value 66]; enum nis-plus-servers [value 67]; enum nis-servers [value 68]; enum nntp-servers [value 69]; enum non-local-source-routing [value 70]; enum ntp-servers [value 71]; enum option-overload [value 72]; enum parameter-request-list [value 73]; enum path-mtu-aging-timeout [value 74]; enum path-mtu-plateau-tables [value 75]; enum perform-mask-discovery [value 76]; enum policy-filters [value 77]; enum pop3-servers [value 78]; enum pxe-client-arch [value 79]; enum pxe-client-machine-id [value 80]; enum pxe-client-network-id [value 81]; enum rapid-commit [value 82]; enum rebinding-time [value 83]; enum relay-agent-info [value 84]; enum renewal-time [value 85]; enum requested-address [value 86]; enum resource-location-servers [value 87]; enum root-path [value 88]; enum router-discovery [value 89]; enum router-solicitation-address [value 90]; enum routers [value 91]; enum server-identifier [value 92]; enum sip-servers [value 93]; enum slp-directory-agent [value 94]; enum slp-service-scope [value 95]; enum smtp-servers [value 96]; enum static-routes [value 97]; enum streettalk-directory-assistance-servers [value 98]; enum streettalk-servers [value 99]; enum subnet-alloc [value 100]; enum subnet-mask [value 101]; enum subnet-selection [value 102]; enum swap-server [value 103]; enum tcp-keepalive-garbage [value 104]; enum tcp-keepalive-interval [value 105]; enum tftp-server [value 106]; enum time-offset [value 107]; enum time-servers [value 108]; enum trailer-encapsulation [value 109]; enum user-auth [value 110]; enum user-class-id [value 111]; enum v-i-vendor-class [value 112]; enum v-i-vendor-opts [value 113]; enum vendor-encapsulated-options [value 114]; enum vpn-id [value 115]; enum www-servers [value 116]; enum x-display-managers [value 117]}""]","[""enumeration {enum all-subnets-local [value 1]; enum arp-cache-timeout [value 2]; enum authentication [value 3]; enum auto-configure [value 4]; enum bcmcs-servers-a [value 5]; enum bcmcs-servers-d [value 6]; enum boot-file [value 7]; enum boot-size [value 8]; enum broadcast-address [value 9]; enum cablelabs-client-configuration [value 10]; enum cisco-auto-configure [value 11]; enum cisco-client-last-transaction-time [value 12]; enum cisco-client-requested-host-name [value 13]; enum cisco-leased-ip [value 14]; enum cisco-vpn-id [value 15]; enum class-identifier [value 16]; enum classless-static-route [value 17]; enum client-fqdn [value 18]; enum client-identifier [value 19]; enum cookie-servers [value 20]; enum default-ip-ttl [value 21]; enum default-tcp-ttl [value 22]; enum domain-name [value 23]; enum domain-name-servers [value 24]; enum domain-search [value 25]; enum ethernet-encapsulation [value 26]; enum extensions-path [value 27]; enum finger-servers [value 28]; enum font-servers [value 29]; enum geo-conf [value 30]; enum geo-conf-civic [value 31]; enum host-name [value 32]; enum i-sns [value 33]; enum impress-servers [value 34]; enum initial-url [value 35]; enum interface-mtu [value 36]; enum ip-forwarding [value 37]; enum irc-servers [value 38]; enum ldap-url [value 39]; enum lease-time [value 40]; enum log-servers [value 41]; enum lpr-servers [value 42]; enum lq-associated-ip [value 43]; enum lq-client-last-transaction-time [value 44]; enum mask-supplier [value 45]; enum max-dgram-reassembly [value 46]; enum max-message-size [value 47]; enum mcns-security-server [value 48]; enum merit-dump [value 49]; enum message [value 50]; enum mobile-ip-home-agents [value 51]; enum name-servers [value 52]; enum name-service-search [value 53]; enum nds-context [value 54]; enum nds-servers [value 55]; enum nds-tree [value 56]; enum netbios-dd-servers [value 57]; enum netbios-name-servers [value 58]; enum netbios-node-type [value 59]; enum netbios-scope [value 60]; enum netinfo-parent-server-address [value 61]; enum netinfo-parent-server-tag [value 62]; enum netware-ip-domain [value 63]; enum netware-ip-information [value 64]; enum nis-domain [value 65]; enum nis-plus-domain [value 66]; enum nis-plus-servers [value 67]; enum nis-servers [value 68]; enum nntp-servers [value 69]; enum non-local-source-routing [value 70]; enum ntp-servers [value 71]; enum option-overload [value 72]; enum parameter-request-list [value 73]; enum path-mtu-aging-timeout [value 74]; enum path-mtu-plateau-tables [value 75]; enum perform-mask-discovery [value 76]; enum policy-filters [value 77]; enum pop3-servers [value 78]; enum pxe-client-arch [value 79]; enum pxe-client-machine-id [value 80]; enum pxe-client-network-id [value 81]; enum rapid-commit [value 82]; enum rebinding-time [value 83]; enum relay-agent-info [value 84]; enum renewal-time [value 85]; enum requested-address [value 86]; enum resource-location-servers [value 87]; enum root-path [value 88]; enum router-discovery [value 89]; enum router-solicitation-address [value 90]; enum routers [value 91]; enum server-identifier [value 92]; enum sip-servers [value 93]; enum slp-directory-agent [value 94]; enum slp-service-scope [value 95]; enum smtp-servers [value 96]; enum static-routes [value 97]; enum streettalk-directory-assistance-servers [value 98]; enum streettalk-servers [value 99]; enum subnet-alloc [value 100]; enum subnet-mask [value 101]; enum subnet-selection [value 102]; enum swap-server [value 103]; enum tcp-keepalive-garbage [value 104]; enum tcp-keepalive-interval [value 105]; enum tftp-server [value 106, status deprecated]; enum time-offset [value 107]; enum time-servers [value 108]; enum trailer-encapsulation [value 109]; enum user-auth [value 110]; enum user-class-id [value 111]; enum v-i-vendor-class [value 112]; enum v-i-vendor-opts [value 113]; enum vendor-encapsulated-options [value 114]; enum vpn-id [value 115]; enum www-servers [value 116]; enum x-display-managers [value 117]}""]"
26.2.1,26.1.1,Config,Cisco-IOS-XE-device-sensor.yang,grouping content,dhcp-filter-list-grouping,,/option/number/option-number/option-number,property changed,leaf,leaf,must,[],"[""not(((current() = 1) and (../../../name-list = 'subnet-mask')) or\n                      ((current() = 2) and (../../../name-list = 'time-offset')) or\n                      ((current() = 3) and (../../../name-list = 'routers')) or\n                      ((current() = 4) and (../../../name-list = 'time-servers')) or\n                      ((current() = 5) and (../../../name-list = 'name-servers')) or\n                      ((current() = 6) and (../../../name-list = 'domain-name-servers')) or\n                      ((current() = 7) and (../../../name-list = 'log-servers')) or\n                      ((current() = 8) and (../../../name-list = 'cookie-servers')) or\n                      ((current() = 9) and (../../../name-list = 'lpr-servers')) or\n                      ((current() = 10) and (../../../name-list = 'impress-servers')) or\n                      ((current() = 12) and (../../../name-list = 'host-name')) or\n                      ((current() = 13) and (../../../name-list = 'boot-size')) or\n                      ((current() = 14) and (../../../name-list = 'merit-dump')) or\n                      ((current() = 15) and (../../../name-list = 'domain-name')) or\n                      ((current() = 16) and (../../../name-list = 'swap-server')) or\n                      ((current() = 18) and (../../../name-list = 'extensions-path')) or\n                      ((current() = 19) and (../../../name-list = 'ip-forwarding')) or\n                      ((current() = 11) and (../../../name-list = 'resource-location-servers')) or\n                      ((current() = 17) and (../../../name-list = 'root-path')) or\n                      ((current() = 20) and (../../../name-list = 'non-local-source-routing')) or\n                      ((current() = 21) and (../../../name-list = 'policy-filters')) or\n                      ((current() = 22) and (../../../name-list = 'max-dgram-reassembly')) or\n                      ((current() = 23) and (../../../name-list = 'default-ip-ttl')) or\n                      ((current() = 24) and (../../../name-list = 'path-mtu-aging-timeout')) or\n                      ((current() = 25) and (../../../name-list = 'path-mtu-plateau-tables')) or\n                      ((current() = 26) and (../../../name-list = 'interface-mtu')) or\n                      ((current() = 27) and (../../../name-list = 'all-subnets-local')) or\n                      ((current() = 28) and (../../../name-list = 'broadcast-address')) or\n                      ((current() = 29) and (../../../name-list = 'perform-mask-discovery')) or\n                      ((current() = 30) and (../../../name-list = 'mask-supplier')) or\n                      ((current() = 31) and (../../../name-list = 'router-discovery')) or\n                      ((current() = 32) and (../../../name-list = 'router-solicitation-address')) or\n                      ((current() = 33) and (../../../name-list = 'static-routes')) or\n                      ((current() = 34) and (../../../name-list = 'trailer-encapsulation')) or\n                      ((current() = 35) and (../../../name-list = 'arp-cache-timeout')) or\n                      ((current() = 36) and (../../../name-list = 'ethernet-encapsulation')) or\n                      ((current() = 37) and (../../../name-list = 'default-tcp-ttl')) or\n                      ((current() = 38) and (../../../name-list = 'tcp-keepalive-interval')) or\n                      ((current() = 39) and (../../../name-list = 'tcp-keepalive-garbage')) or\n                      ((current() = 40) and (../../../name-list = 'nis-domain')) or\n                      ((current() = 41) and (../../../name-list = 'nis-servers')) or\n                      ((current() = 42) and (../../../name-list = 'ntp-servers')) or\n                      ((current() = 43) and (../../../name-list = 'vendor-encapsulated-options')) or\n                      ((current() = 44) and (../../../name-list = 'netbios-name-servers')) or\n                      ((current() = 45) and (../../../name-list = 'netbios-dd-servers')) or\n                      ((current() = 46) and (../../../name-list = 'netbios-node-type')) or\n                      ((current() = 47) and (../../../name-list = 'netbios-scope')) or\n                      ((current() = 48) and (../../../name-list = 'font-servers')) or\n                      ((current() = 49) and (../../../name-list = 'x-display-managers')) or\n                      ((current() = 50) and (../../../name-list = 'requested-address')) or\n                      ((current() = 51) and (../../../name-list = 'lease-time')) or\n                      ((current() = 52) and (../../../name-list = 'option-overload')) or\n                      ((current() = 54) and (../../../name-list = 'server-identifier')) or\n                      ((current() = 55) and (../../../name-list = 'parameter-request-list')) or\n                      ((current() = 56) and (../../../name-list = 'message')) or\n                      ((current() = 57) and (../../../name-list = 'max-message-size')) or\n                      ((current() = 58) and (../../../name-list = 'renewal-time')) or\n                      ((current() = 59) and (../../../name-list = 'rebinding-time')) or\n                      ((current() = 60) and (../../../name-list = 'class-identifier')) or\n                      ((current() = 61) and (../../../name-list = 'client-identifier')) or\n                      ((current() = 62) and (../../../name-list = 'netware-ip-domain')) or\n                      ((current() = 63) and (../../../name-list = 'netware-ip-information')) or\n                      ((current() = 64) and (../../../name-list = 'nis-plus-domain')) or\n                      ((current() = 65) and (../../../name-list = 'nis-plus-servers')) or\n                      ((current() = 66) and (../../../name-list = 'tftp-server')) or\n                      ((current() = 67) and (../../../name-list = 'boot-file')) or\n                      ((current() = 68) and (../../../name-list = 'mobile-ip-home-agents')) or\n                      ((current() = 69) and (../../../name-list = 'smtp-servers')) or\n                      ((current() = 70) and (../../../name-list = 'pop3-servers')) or\n                      ((current() = 71) and (../../../name-list = 'nntp-servers')) or\n                      ((current() = 72) and (../../../name-list = 'www-servers')) or\n                      ((current() = 73) and (../../../name-list = 'finger-servers')) or\n                      ((current() = 74) and (../../../name-list = 'irc-servers ')) or\n                      ((current() = 75) and (../../../name-list = 'streettalk-servers')) or\n                      ((current() = 76) and (../../../name-list = 'streettalk-directory-assistance-servers')) or\n                      ((current() = 77) and (../../../name-list = 'user-class-id')) or\n                      ((current() = 78) and (../../../name-list = 'slp-directory-agent')) or\n                      ((current() = 79) and (../../../name-list = 'slp-service-scope')) or\n                      ((current() = 80) and (../../../name-list = 'rapid-commit')) or\n                      ((current() = 81) and (../../../name-list = 'client-fqdn')) or\n                      ((current() = 82) and (../../../name-list = 'relay-agent-info')) or\n                      ((current() = 83) and (../../../name-list = 'i-sns')) or\n                      ((current() = 85) and (../../../name-list = 'nds-servers')) or\n                      ((current() = 86) and (../../../name-list = 'nds-tree')) or\n                      ((current() = 87) and (../../../name-list = 'nds-context')) or\n                      ((current() = 88) and (../../../name-list = 'bcmcs-servers-d')) or\n                      ((current() = 89) and (../../../name-list = 'bcmcs-servers-a')) or\n                      ((current() = 90) and (../../../name-list = 'authentication')) or\n                      ((current() = 91) and (../../../name-list = 'lq-client-last-transaction-time')) or\n                      ((current() = 92) and (../../../name-list = 'lq-associated-ip')) or\n                      ((current() = 93) and (../../../name-list = 'pxe-client-arch')) or\n                      ((current() = 94) and (../../../name-list = 'pxe-client-network-id')) or\n                      ((current() = 95) and (../../../name-list = 'ldap-url')) or\n                      ((current() = 97) and (../../../name-list = 'pxe-client-machine-id')) or\n                      ((current() = 98) and (../../../name-list = 'user-auth')) or\n                      ((current() = 99) and (../../../name-list = 'geo-conf-civic')) or\n                      ((current() = 112) and (../../../name-list = 'netinfo-parent-server-address')) or\n                      ((current() = 113) and (../../../name-list = 'netinfo-parent-server-tag')) or\n                      ((current() = 114) and (../../../name-list = 'initial-url')) or\n                      ((current() = 116) and (../../../name-list = 'auto-configure')) or\n                      ((current() = 117) and (../../../name-list = 'name-service-search')) or\n                      ((current() = 118) and (../../../name-list = 'subnet-selection')) or\n                      ((current() = 119) and (../../../name-list = 'domain-search')) or\n                      ((current() = 120) and (../../../name-list = 'sip-servers')) or\n                      ((current() = 121) and (../../../name-list = 'classless-static-route')) or\n                      ((current() = 122) and (../../../name-list = 'cablelabs-client-configuration')) or\n                      ((current() = 123) and (../../../name-list = 'geo-conf')) or\n                      ((current() = 124) and (../../../name-list = 'v-i-vendor-class')) or\n                      ((current() = 125) and (../../../name-list = 'v-i-vendor-opts')) or\n                      ((current() = 128) and (../../../name-list = 'mcns-security-server')) or\n                      ((current() = 161) and (../../../name-list = 'cisco-leased-ip')) or\n                      ((current() = 162) and (../../../name-list = 'cisco-client-requested-host-name')) or\n                      ((current() = 163) and (../../../name-list = 'cisco-client-last-transaction-time')) or\n                      ((current() = 185) and (../../../name-list = 'vpn-id')) or\n                      ((current() = 220) and (../../../name-list = 'subnet-alloc')) or\n                      ((current() = 221) and (../../../name-list = 'cisco-vpn-id ')) or\n                      ((current() = 251) and (../../../name-list = 'cisco-auto-configure')))""]"
26.2.1,26.1.1,Config,Cisco-IOS-XE-device-sensor.yang,grouping content,dhcpv6-filter-list-grouping,,/option/number/option-number/option-number,property changed,leaf,leaf,must,[],"[""not(((current() = 1) and (../../../name-list = 'client-id')) or\n                      ((current() = 2) and (../../../name-list = 'server-id')) or\n                      ((current() = 3) and (../../../name-list = 'ia-na')) or\n                      ((current() = 4) and (../../../name-list = 'ia-ta')) or\n                      ((current() = 5) and (../../../name-list = 'ia-addr')) or\n                      ((current() = 6) and (../../../name-list = 'oro')) or\n                      ((current() = 7) and (../../../name-list = 'reference')) or\n                      ((current() = 8) and (../../../name-list = 'elapsed-time')) or\n                      ((current() = 9) and (../../../name-list = 'relay-msg')) or\n                      ((current() = 10) and (../../../name-list = 'auth')) or\n                      ((current() = 11) and (../../../name-list = 'unicast')) or\n                      ((current() = 12) and (../../../name-list = 'status-code')) or\n                      ((current() = 13) and (../../../name-list = 'rapid-commit')) or\n                      ((current() = 14) and (../../../name-list = 'user-class')) or\n                      ((current() = 15) and (../../../name-list = 'vendor-class')) or\n                      ((current() = 16) and (../../../name-list = 'vendor-options')) or\n                      ((current() = 17) and (../../../name-list = 'interface-id')) or\n                      ((current() = 18) and (../../../name-list = 're-configure-msg')) or\n                      ((current() = 19) and (../../../name-list = 're-configure-accept')) or\n                      ((current() = 20) and (../../../name-list = 'sip-domain')) or\n                      ((current() = 21) and (../../../name-list = 'sip-address')) or\n                      ((current() = 22) and (../../../name-list = 'dns-servers')) or\n                      ((current() = 23) and (../../../name-list = 'domain-list')) or\n                      ((current() = 24) and (../../../name-list = 'ia-pd')) or\n                      ((current() = 25) and (../../../name-list = 'ia-prefix')) or\n                      ((current() = 26) and (../../../name-list = 'nis-address')) or\n                      ((current() = 27) and (../../../name-list = 'nisp-address')) or\n                      ((current() = 28) and (../../../name-list = 'nis-domain')) or\n                      ((current() = 29) and (../../../name-list = 'nisp-domain')) or\n                      ((current() = 30) and (../../../name-list = 'sntp-address')) or\n                      ((current() = 31) and (../../../name-list = 'info-refresh-time')) or\n                      ((current() = 32) and (../../../name-list = 'vendor-opts-boot-file')) or\n                      ((current() = 37) and (../../../name-list = 'remote-id')) or\n                      ((current() = 44) and (../../../name-list = 'lease-query-query')) or\n                      ((current() = 45) and (../../../name-list = 'lease-query-client-data')) or\n                      ((current() = 46) and (../../../name-list = 'lease-query-client-time')) or\n                      ((current() = 47) and (../../../name-list = 'lease-query-relay-data')) or\n                      ((current() = 48) and (../../../name-list = 'lease-query-client-link')) or\n                      ((current() = 112) and (../../../name-list = 'mud-uri')))""]"
26.2.1,26.1.1,Config,Cisco-IOS-XE-device-sensor.yang,grouping content,lldp-filter-list-grouping,,/tlv/number/tlv-nnumber/tlv-number,property changed,leaf,leaf,must,[],"[""not(((current() = 0) and (../../../name-list = 'end-of-lldpdu')) or\n                      ((current() = 1) and (../../../name-list = 'chassis-id')) or\n                      ((current() = 2) and (../../../name-list = 'port-id')) or\n                      ((current() = 3) and (../../../name-list = 'time-to-live')) or\n                      ((current() = 4) and (../../../name-list = 'port-description')) or\n                      ((current() = 5) and (../../../name-list = 'system-name')) or\n                      ((current() = 6) and (../../../name-list = 'system-description')) or\n                      ((current() = 7) and (../../../name-list = 'system-capabilities')) or\n                      ((current() = 8) and (../../../name-list = 'management-address')))""]"
26.2.1,26.1.1,Oper,Cisco-IOS-XE-dhcp-oper.yang,grouping content,dhcpv6-binding-vrf-oper,,/preferred-lifetime,property changed,leaf,leaf,units,[],"[""seconds""]"
26.2.1,26.1.1,Oper,Cisco-IOS-XE-dhcp-oper.yang,grouping content,dhcpv6-binding-vrf-oper,,/t1,property changed,leaf,leaf,units,[],"[""seconds""]"
26.2.1,26.1.1,Oper,Cisco-IOS-XE-dhcp-oper.yang,grouping content,dhcpv6-binding-vrf-oper,,/t2,property changed,leaf,leaf,units,[],"[""seconds""]"
26.2.1,26.1.1,Oper,Cisco-IOS-XE-dhcp-oper.yang,grouping content,dhcpv6-binding-vrf-oper,,/valid-lifetime,property changed,leaf,leaf,units,[],"[""seconds""]"
26.2.1,26.1.1,Oper,Cisco-IOS-XE-dhcp-oper.yang,grouping content,dhcpv6-intf-at-client-oper,,/rebind-time,property changed,leaf,leaf,units,[],"[""seconds""]"
26.2.1,26.1.1,Oper,Cisco-IOS-XE-dhcp-oper.yang,grouping content,dhcpv6-intf-at-client-oper,,/refersh-time,property changed,leaf,leaf,units,[],"[""seconds""]"
26.2.1,26.1.1,Oper,Cisco-IOS-XE-dhcp-oper.yang,grouping content,dhcpv6-intf-at-client-oper,,/renew-time,property changed,leaf,leaf,units,[],"[""seconds""]"
26.2.1,26.1.1,Oper,Cisco-IOS-XE-dhcp-oper.yang,grouping content,dhcpv6-intf-at-client-oper,,/retransmission-time,property changed,leaf,leaf,units,[],"[""seconds""]"
26.2.1,26.1.1,Oper,Cisco-IOS-XE-dhcp-oper.yang,grouping content,dhcpv6-intf-at-srv-oper,,/prefix-len,property changed,leaf,leaf,units,[],"[""bits""]"
26.2.1,26.1.1,Oper,Cisco-IOS-XE-dhcp-oper.yang,grouping content,dhcpv6-relay-binding-oper,,/lifetime,property changed,leaf,leaf,units,[],"[""seconds""]"
26.2.1,26.1.1,Config,Cisco-IOS-XE-dhcp.yang,grouping content,ip-dhcp-grouping,,/dhcp-snoop-conf,added data node,,container,,,
26.2.1,26.1.1,Config,Cisco-IOS-XE-dhcp.yang,grouping content,ip-dhcp-grouping,,/dhcp-snoop-conf/snooping,added data node,,leaf,,,
26.2.1,26.1.1,Config,Cisco-IOS-XE-dhcp.yang,grouping content,ip-dhcp-grouping,,/snooping,property changed,leaf,leaf,status,[],"[""deprecated""]"
26.2.1,26.1.1,Config,Cisco-IOS-XE-dhcp.yang,grouping content,ip-dhcp-server-grouping,,/address,added data node,,list,,,
26.2.1,26.1.1,Config,Cisco-IOS-XE-dhcp.yang,grouping content,ip-dhcp-server-grouping,,/address/address,added data node,,leaf,,,
26.2.1,26.1.1,Config,Cisco-IOS-XE-dhcp.yang,grouping content,ip-dhcp-server-grouping,,/vrf,added data node,,container,,,
26.2.1,26.1.1,Config,Cisco-IOS-XE-dhcp.yang,grouping content,ip-dhcp-server-grouping,,/vrf/server,added data node,,list,,,
26.2.1,26.1.1,Config,Cisco-IOS-XE-dhcp.yang,grouping content,ip-dhcp-server-grouping,,/vrf/server/address,added data node,,leaf,,,
26.2.1,26.1.1,Config,Cisco-IOS-XE-dhcp.yang,grouping content,ip-dhcp-server-grouping,,/vrf/server/vrf-name,added data node,,leaf,,,
26.2.1,26.1.1,Config,Cisco-IOS-XE-dhcp.yang,grouping content,ipv6-dhcp-grouping,,/guard/policy/match/server/mac,added data node,,container,,,
26.2.1,26.1.1,Config,Cisco-IOS-XE-dhcp.yang,grouping content,ipv6-dhcp-grouping,,/guard/policy/match/server/mac/access-list,added data node,,leaf,,,
26.2.1,26.1.1,Oper,Cisco-IOS-XE-eigrp-oper.yang,grouping content,eigrp-ios-oper-metric,,/bandwidth,property changed,leaf,leaf,units,[],"[""Kbps""]"
26.2.1,26.1.1,Oper,Cisco-IOS-XE-eigrp-oper.yang,grouping content,eigrp-ios-oper-metric,,/delay,property changed,leaf,leaf,units,[],"[""tens of microseconds""]"
26.2.1,26.1.1,Oper,Cisco-IOS-XE-eigrp-oper.yang,grouping content,eigrp-ios-oper-metric,,/mtu,property changed,leaf,leaf,units,[],"[""bytes""]"
26.2.1,26.1.1,Oper,Cisco-IOS-XE-environment-oper.yang,grouping content,sensor-params,,/reading,added data node,,leaf,,,
26.2.1,26.1.1,Oper,Cisco-IOS-XE-environment-oper.yang,grouping content,sensor-params,,/current-reading,property changed,leaf,leaf,status,[],"[""deprecated""]"
26.2.1,26.1.1,Config,Cisco-IOS-XE-ethernet.yang,grouping content,config-interface-ethernet-member-link-pagp-grouping,,/pagp,new grouping data node,,container,,,
26.2.1,26.1.1,Config,Cisco-IOS-XE-ethernet.yang,grouping content,config-interface-ethernet-member-link-pagp-grouping,,/pagp/learn-method,new grouping data node,,container,,,
26.2.1,26.1.1,Config,Cisco-IOS-XE-ethernet.yang,grouping content,config-interface-ethernet-member-link-pagp-grouping,,/pagp/learn-method/physical-port,new grouping data node,,leaf,,,
26.2.1,26.1.1,Config,Cisco-IOS-XE-ethernet.yang,grouping content,config-interface-ethernet-member-link-pagp-grouping,,/pagp/port-priority,new grouping data node,,leaf,,,
26.2.1,26.1.1,Config,Cisco-IOS-XE-ethernet.yang,grouping content,config-interface-ethernet-member-link-pagp-grouping,,/pagp/timer,new grouping data node,,leaf,,,
26.2.1,26.1.1,Config,Cisco-IOS-XE-ethernet.yang,grouping content,config-interface-ethernet-member-link-pagp-grouping,,/pagp/rate,new grouping data node,,container,,,
26.2.1,26.1.1,Config,Cisco-IOS-XE-ethernet.yang,grouping content,config-interface-ethernet-member-link-pagp-grouping,,/pagp/rate/fast,new grouping data node,,leaf,,,
26.2.1,26.1.1,Oper,Cisco-IOS-XE-evpn-oper.yang,grouping content,evpn-rt-cnt,,/ead-evi-cnt,new grouping data node,,leaf,,,
26.2.1,26.1.1,Oper,Cisco-IOS-XE-evpn-oper.yang,grouping content,evpn-rt-cnt,,/ead-es-cnt,new grouping data node,,leaf,,,
26.2.1,26.1.1,Oper,Cisco-IOS-XE-evpn-oper.yang,grouping content,evpn-rt-cnt,,/mac-cnt,new grouping data node,,leaf,,,
26.2.1,26.1.1,Oper,Cisco-IOS-XE-evpn-oper.yang,grouping content,evpn-rt-cnt,,/mac-ip-cnt,new grouping data node,,leaf,,,
26.2.1,26.1.1,Oper,Cisco-IOS-XE-evpn-oper.yang,grouping content,evpn-rt-cnt,,/imet-cnt,new grouping data node,,leaf,,,
26.2.1,26.1.1,Oper,Cisco-IOS-XE-evpn-oper.yang,grouping content,evpn-rt-cnt,,/es-cnt,new grouping data node,,leaf,,,
26.2.1,26.1.1,Oper,Cisco-IOS-XE-evpn-oper.yang,grouping content,evpn-rt-cnt,,/ip-prefix-cnt,new grouping data node,,leaf,,,
26.2.1,26.1.1,Oper,Cisco-IOS-XE-evpn-oper.yang,grouping content,evpn-stats,,/evpn-stats-id,new grouping data node,,leaf,,,
26.2.1,26.1.1,Oper,Cisco-IOS-XE-evpn-oper.yang,grouping content,evpn-stats,,/evpn-vni-rt-cnt,new grouping data node,,list,,,
26.2.1,26.1.1,Oper,Cisco-IOS-XE-evpn-oper.yang,grouping content,evpn-stats,,/evpn-vni-rt-cnt/uses::evpn-ios-xe-oper:evpn-vni-rt-cnt,new uses reference,,uses,uses,,evpn-ios-xe-oper:evpn-vni-rt-cnt
26.2.1,26.1.1,Oper,Cisco-IOS-XE-evpn-oper.yang,grouping content,evpn-stats,,/evpn-vni-rt-cnt/uses::evpn-ios-xe-oper:evpn-vni-rt-cnt-table-key,new uses reference,,uses,uses,,evpn-ios-xe-oper:evpn-vni-rt-cnt-table-key
26.2.1,26.1.1,Oper,Cisco-IOS-XE-evpn-oper.yang,grouping content,evpn-vni-rt-cnt,,/local-add,new grouping data node,,container,,,
26.2.1,26.1.1,Oper,Cisco-IOS-XE-evpn-oper.yang,grouping content,evpn-vni-rt-cnt,,/local-add/uses::evpn-ios-xe-oper:evpn-rt-cnt,new uses reference,,uses,uses,,evpn-ios-xe-oper:evpn-rt-cnt
26.2.1,26.1.1,Oper,Cisco-IOS-XE-evpn-oper.yang,grouping content,evpn-vni-rt-cnt,,/local-del,new grouping data node,,container,,,
26.2.1,26.1.1,Oper,Cisco-IOS-XE-evpn-oper.yang,grouping content,evpn-vni-rt-cnt,,/local-del/uses::evpn-ios-xe-oper:evpn-rt-cnt,new uses reference,,uses,uses,,evpn-ios-xe-oper:evpn-rt-cnt
26.2.1,26.1.1,Oper,Cisco-IOS-XE-evpn-oper.yang,grouping content,evpn-vni-rt-cnt,,/remote-add,new grouping data node,,container,,,
26.2.1,26.1.1,Oper,Cisco-IOS-XE-evpn-oper.yang,grouping content,evpn-vni-rt-cnt,,/remote-add/uses::evpn-ios-xe-oper:evpn-rt-cnt,new uses reference,,uses,uses,,evpn-ios-xe-oper:evpn-rt-cnt
26.2.1,26.1.1,Oper,Cisco-IOS-XE-evpn-oper.yang,grouping content,evpn-vni-rt-cnt,,/remote-del,new grouping data node,,container,,,
26.2.1,26.1.1,Oper,Cisco-IOS-XE-evpn-oper.yang,grouping content,evpn-vni-rt-cnt,,/remote-del/uses::evpn-ios-xe-oper:evpn-rt-cnt,new uses reference,,uses,uses,,evpn-ios-xe-oper:evpn-rt-cnt
26.2.1,26.1.1,Oper,Cisco-IOS-XE-evpn-oper.yang,grouping content,evpn-vni-rt-cnt,,/last-update,new grouping data node,,leaf,,,
26.2.1,26.1.1,Oper,Cisco-IOS-XE-evpn-oper.yang,grouping content,evpn-vni-rt-cnt-table-key,,/vni,new grouping data node,,leaf,,,
26.2.1,26.1.1,Oper,Cisco-IOS-XE-fib-oper.yang,grouping content,cef-interface,,/ip-mtu,property changed,leaf,leaf,units,[],"[""bytes""]"
26.2.1,26.1.1,Oper,Cisco-IOS-XE-flow-monitor-oper.yang,grouping content,flow-export-protocol-stats,,/bytes-dropped,property changed,leaf,leaf,units,[],"[""bytes""]"
26.2.1,26.1.1,Config,Cisco-IOS-XE-flow.yang,grouping content,flow-default-exporter-grouping,,/option/eve-policy-table,added data node,,leaf,,,
26.2.1,26.1.1,Config,Cisco-IOS-XE-flow.yang,grouping content,flow-default-exporter-grouping,,/option/eve-process-table,added data node,,leaf,,,
26.2.1,26.1.1,Config,Cisco-IOS-XE-flow.yang,grouping content,flow-exporter-grouping,,/option/eve-policy-table,added data node,,container,,,
26.2.1,26.1.1,Config,Cisco-IOS-XE-flow.yang,grouping content,flow-exporter-grouping,,/option/eve-policy-table/uses::flow-exporter-option-timeout-grouping,added uses reference,,uses,uses,,flow-exporter-option-timeout-grouping
26.2.1,26.1.1,Config,Cisco-IOS-XE-flow.yang,grouping content,flow-exporter-grouping,,/option/eve-process-table,added data node,,container,,,
26.2.1,26.1.1,Config,Cisco-IOS-XE-flow.yang,grouping content,flow-exporter-grouping,,/option/eve-process-table/uses::flow-exporter-option-timeout-grouping,added uses reference,,uses,uses,,flow-exporter-option-timeout-grouping
26.2.1,26.1.1,Config,Cisco-IOS-XE-flow.yang,grouping content,flow-exporter-option-timeout-grouping,,/timeout,property changed,leaf,leaf,default,[],"[""600""]"
26.2.1,26.1.1,Config,Cisco-IOS-XE-flow.yang,grouping content,flow-record-collect-grouping,,/collect/flow/flags,added data node,,leaf,,,
26.2.1,26.1.1,Config,Cisco-IOS-XE-flow.yang,grouping content,flow-record-collect-grouping,,/collect/ulogging/eve-action-id,added data node,,leaf,,,
26.2.1,26.1.1,Config,Cisco-IOS-XE-flow.yang,grouping content,flow-record-collect-grouping,,/collect/ulogging/eve-policy-id,added data node,,leaf,,,
26.2.1,26.1.1,Config,Cisco-IOS-XE-flow.yang,grouping content,flow-record-collect-grouping,,/collect/ulogging/eve-process-confidence,added data node,,leaf,,,
26.2.1,26.1.1,Config,Cisco-IOS-XE-flow.yang,grouping content,flow-record-collect-grouping,,/collect/ulogging/eve-process-id,added data node,,leaf,,,
26.2.1,26.1.1,Config,Cisco-IOS-XE-flow.yang,grouping content,flow-record-collect-grouping,,/collect/ulogging/eve-reason-id,added data node,,leaf,,,
26.2.1,26.1.1,Config,Cisco-IOS-XE-flow.yang,grouping content,flow-record-collect-grouping,,/collect/ulogging/eve-threat-confidence,added data node,,leaf,,,
26.2.1,26.1.1,Config,Cisco-IOS-XE-flow.yang,grouping content,flow-record-collect-grouping,,/collect/ulogging/eve-threat-confidence-level,added data node,,leaf,,,
26.2.1,26.1.1,Config,Cisco-IOS-XE-flow.yang,grouping content,interface-ip-monitor-grouping,,/monitor-new/intf-role,added data node,,leaf,,,
26.2.1,26.1.1,Oper,Cisco-IOS-XE-fw-oper.yang,grouping content,fw-drop-stats,,/l4-icmp-internal-err-alloc-fail,property changed,leaf,leaf,units,[],"[""packets""]"
26.2.1,26.1.1,Oper,Cisco-IOS-XE-fw-oper.yang,grouping content,fw-drop-stats,,/zone-mismatch,property changed,leaf,leaf,units,[],"[""packets""]"
26.2.1,26.1.1,Oper,Cisco-IOS-XE-fw-oper.yang,grouping content,fw-l7-traffic-class-list-entry,,/bytes-counter,property changed,leaf,leaf,units,[],"[""bytes""]"
26.2.1,26.1.1,Oper,Cisco-IOS-XE-fw-oper.yang,grouping content,fw-l7-traffic-class-list-entry,,/pkts-counter,property changed,leaf,leaf,units,[],"[""packets""]"
26.2.1,26.1.1,Oper,Cisco-IOS-XE-fw-oper.yang,grouping content,fw-l7-traffic-class-list-entry,,/time-since-last-session-create,property changed,leaf,leaf,units,[],"[""seconds""]"
26.2.1,26.1.1,Oper,Cisco-IOS-XE-fw-oper.yang,grouping content,fw-traffic-class-list-entry,,/bytes-counter,property changed,leaf,leaf,units,[],"[""bytes""]"
26.2.1,26.1.1,Oper,Cisco-IOS-XE-fw-oper.yang,grouping content,fw-traffic-class-list-entry,,/pkts-counter,property changed,leaf,leaf,units,[],"[""packets""]"
26.2.1,26.1.1,Oper,Cisco-IOS-XE-fwd-oper.yang,grouping content,aft-eth-entry,,/mac,new grouping data node,,leaf,,,
26.2.1,26.1.1,Oper,Cisco-IOS-XE-fwd-oper.yang,grouping content,aft-eth-entry,,/nhg-id,new grouping data node,,leaf,,,
26.2.1,26.1.1,Oper,Cisco-IOS-XE-fwd-oper.yang,grouping content,aft-eth-ni-entry,,/ni-name,new grouping data node,,leaf,,,
26.2.1,26.1.1,Oper,Cisco-IOS-XE-fwd-oper.yang,grouping content,aft-eth-ni-entry,,/aft-eth-entry,new grouping data node,,list,,,
26.2.1,26.1.1,Oper,Cisco-IOS-XE-fwd-oper.yang,grouping content,aft-eth-ni-entry,,/aft-eth-entry/uses::fwd-ios-xe-oper:aft-eth-entry,new uses reference,,uses,uses,,fwd-ios-xe-oper:aft-eth-entry
26.2.1,26.1.1,Oper,Cisco-IOS-XE-fwd-oper.yang,grouping content,fib-ipv4-entry,,/octets-fwd,property changed,leaf,leaf,units,[],"[""bytes""]"
26.2.1,26.1.1,Oper,Cisco-IOS-XE-fwd-oper.yang,grouping content,fib-ipv6-entry,,/octets-fwd,property changed,leaf,leaf,units,[],"[""bytes""]"
26.2.1,26.1.1,Oper,Cisco-IOS-XE-fwd-oper.yang,grouping content,nh-entry,choice port-type-choice > case port-drop,/drop,added data node,,leaf,,,
26.2.1,26.1.1,Oper,Cisco-IOS-XE-fwd-oper.yang,grouping content,nh-entry,choice port-type-choice > case port-phys,/phys-ports,added data node,,container,,,
26.2.1,26.1.1,Oper,Cisco-IOS-XE-fwd-oper.yang,grouping content,nh-entry,choice port-type-choice > case port-phys,/phys-ports/uses::fwd-ios-xe-oper:nh-port-list,added uses reference,,uses,uses,,fwd-ios-xe-oper:nh-port-list
26.2.1,26.1.1,Oper,Cisco-IOS-XE-fwd-oper.yang,grouping content,nh-entry,choice port-type-choice > case port-svi,/svi-port,added data node,,leaf,,,
26.2.1,26.1.1,Oper,Cisco-IOS-XE-fwd-oper.yang,grouping content,nh-entry,,/oct-fwd,property changed,leaf,leaf,units,[],"[""bytes""]"
26.2.1,26.1.1,Oper,Cisco-IOS-XE-fwd-oper.yang,grouping content,nh-port-list,,/port-name,new grouping data node,,leaf-list,,,
26.2.1,26.1.1,Config,Cisco-IOS-XE-gnmi-cfg.yang,grouping content,gnmi-config,,/enable,property changed,leaf,leaf,status,[],"[""deprecated""]"
26.2.1,26.1.1,Config,Cisco-IOS-XE-gnmi-cfg.yang,grouping content,gnmi-config,,/port,property changed,leaf,leaf,status,[],"[""deprecated""]"
26.2.1,26.1.1,Config,Cisco-IOS-XE-gnmi-cfg.yang,grouping content,gnmi-config,,/secure-port,property changed,leaf,leaf,must,"[""(../port != ../secure-port)""]",[]
26.2.1,26.1.1,Oper,Cisco-IOS-XE-gnss-oper.yang,grouping content,gnss-data,,/cable-delay,added data node,,leaf,,,
26.2.1,26.1.1,Oper,Cisco-IOS-XE-gnss-oper.yang,grouping content,gnss-data,,/const-type,added data node,,leaf,,,
26.2.1,26.1.1,Oper,Cisco-IOS-XE-gnss-oper.yang,grouping content,gnss-data,,/device,added data node,,container,,,
26.2.1,26.1.1,Oper,Cisco-IOS-XE-gnss-oper.yang,grouping content,gnss-data,,/device/uses::gnss-ios-xe-oper:gnss-device,added uses reference,,uses,uses,,gnss-ios-xe-oper:gnss-device
26.2.1,26.1.1,Oper,Cisco-IOS-XE-gnss-oper.yang,grouping content,gnss-data,,/fix-type,added data node,,leaf,,,
26.2.1,26.1.1,Oper,Cisco-IOS-XE-gnss-oper.yang,grouping content,gnss-data,,/hdop,added data node,,leaf,,,
26.2.1,26.1.1,Oper,Cisco-IOS-XE-gnss-oper.yang,grouping content,gnss-data,,/is-dev-sup,added data node,,leaf,,,
26.2.1,26.1.1,Oper,Cisco-IOS-XE-gnss-oper.yang,grouping content,gnss-data,,/maj-alarm,added data node,,leaf,,,
26.2.1,26.1.1,Oper,Cisco-IOS-XE-gnss-oper.yang,grouping content,gnss-data,,/min-alarm,added data node,,leaf,,,
26.2.1,26.1.1,Oper,Cisco-IOS-XE-gnss-oper.yang,grouping content,gnss-data,,/pdop,added data node,,leaf,,,
26.2.1,26.1.1,Oper,Cisco-IOS-XE-gnss-oper.yang,grouping content,gnss-data,,/tdop,added data node,,leaf,,,
26.2.1,26.1.1,Oper,Cisco-IOS-XE-gnss-oper.yang,grouping content,gnss-data,,/vdop,added data node,,leaf,,,
26.2.1,26.1.1,Oper,Cisco-IOS-XE-gnss-oper.yang,grouping content,gnss-device,,/sw-ver,new grouping data node,,leaf,,,
26.2.1,26.1.1,Oper,Cisco-IOS-XE-gnss-oper.yang,grouping content,gnss-device,,/hw-ver,new grouping data node,,leaf,,,
26.2.1,26.1.1,Oper,Cisco-IOS-XE-gnss-oper.yang,grouping content,gnss-device,,/proto-ver,new grouping data node,,leaf,,,
26.2.1,26.1.1,Oper,Cisco-IOS-XE-gnss-oper.yang,grouping content,gnss-device,,/fw-ver,new grouping data node,,leaf,,,
26.2.1,26.1.1,Oper,Cisco-IOS-XE-gnss-oper.yang,grouping content,gnss-device,,/model,new grouping data node,,leaf,,,
26.2.1,26.1.1,Oper,Cisco-IOS-XE-gnss-oper.yang,grouping content,gnss-device,,/major-const,new grouping data node,,leaf,,,
26.2.1,26.1.1,Oper,Cisco-IOS-XE-gnss-oper.yang,grouping content,gnss-device,,/unique-chip-id,new grouping data node,,leaf,,,
26.2.1,26.1.1,Oper,Cisco-IOS-XE-gnss-oper.yang,grouping content,gnss-location,,/height,property changed,leaf,leaf,units,[],"[""meters""]"
26.2.1,26.1.1,Oper,Cisco-IOS-XE-gnss-oper.yang,grouping content,gnss-location,,/latitude,property changed,leaf,leaf,units,[],"[""decimal degrees""]"
26.2.1,26.1.1,Oper,Cisco-IOS-XE-gnss-oper.yang,grouping content,gnss-location,,/longitude,property changed,leaf,leaf,units,[],"[""decimal degrees""]"
26.2.1,26.1.1,Oper,Cisco-IOS-XE-gnss-oper.yang,grouping content,gnss-satellite-info,,/health,added data node,,leaf,,,
26.2.1,26.1.1,Oper,Cisco-IOS-XE-gnss-oper.yang,grouping content,gnss-satellite-info,,/quality,added data node,,leaf,,,
26.2.1,26.1.1,Config,Cisco-IOS-XE-gnss.yang,grouping content,config-gnss-grouping,,/gnss/shutdown,added data node,,leaf,,,
26.2.1,26.1.1,Config,Cisco-IOS-XE-http.yang,grouping content,config-ip-http-grouping,,/http/secure-ecdhe-curve,added data node,,leaf,,,
26.2.1,26.1.1,Config,Cisco-IOS-XE-http.yang,grouping content,config-ip-http-grouping,,/http/secure-pqc-type,added data node,,leaf,,,
26.2.1,26.1.1,Config,Cisco-IOS-XE-http.yang,grouping content,config-ip-http-grouping,,/http/secure-server,property changed,leaf,leaf,default,"[""true""]","[""false""]"
26.2.1,26.1.1,Config,Cisco-IOS-XE-http.yang,grouping content,config-ip-http-grouping,,/http/server,property changed,leaf,leaf,default,"[""true""]","[""false""]"
26.2.1,26.1.1,Config,Cisco-IOS-XE-http.yang,grouping content,config-ip-http-grouping,,/http/session-idle-timeout,property changed,leaf,leaf,type,"[""uint16 {range 180..1200}""]","[""uint16 {range 180..14400}""]"
26.2.1,26.1.1,Oper,Cisco-IOS-XE-install-oper.yang,grouping content,install-common-smu-pkg-info,,/smu-impact-note,added data node,,leaf-list,,,
26.2.1,26.1.1,Oper,Cisco-IOS-XE-install-oper.yang,grouping content,install-common-smu-pkg-info,,/smu-supp-family,added data node,,leaf-list,,,
26.2.1,26.1.1,Oper,Cisco-IOS-XE-install-oper.yang,grouping content,install-package-data,choice pkg-type-choice > case install-pkg-lps,/lps-attr,added data node,,container,,,
26.2.1,26.1.1,Oper,Cisco-IOS-XE-install-oper.yang,grouping content,install-package-data,choice pkg-type-choice > case install-pkg-lps,/lps-attr/uses::install-ios-xe-oper:install-smu-attr,added uses reference,,uses,uses,,install-ios-xe-oper:install-smu-attr
26.2.1,26.1.1,Other,Cisco-IOS-XE-interface-common.yang,grouping content,interface-deprecated-grouping,choice interface-choice,/FourHundredGigE,added data node,,leaf,,,
26.2.1,26.1.1,Other,Cisco-IOS-XE-interface-common.yang,grouping content,interface-deprecated-grouping,choice interface-choice,/TwoHundredGigE,added data node,,leaf,,,
26.2.1,26.1.1,Other,Cisco-IOS-XE-interface-common.yang,grouping content,interface-grouping,choice interface-choice,/FourHundredGigE,added data node,,leaf,,,
26.2.1,26.1.1,Other,Cisco-IOS-XE-interface-common.yang,grouping content,interface-grouping,choice interface-choice,/TwoHundredGigE,added data node,,leaf,,,
26.2.1,26.1.1,Other,Cisco-IOS-XE-interface-common.yang,grouping content,interface-grouping-list,,/FourHundredGigE,added data node,,list,,,
26.2.1,26.1.1,Other,Cisco-IOS-XE-interface-common.yang,grouping content,interface-grouping-list,,/FourHundredGigE/FourHundredGigE,added data node,,leaf,,,
26.2.1,26.1.1,Other,Cisco-IOS-XE-interface-common.yang,grouping content,interface-grouping-list,,/TwoHundredGigE,added data node,,list,,,
26.2.1,26.1.1,Other,Cisco-IOS-XE-interface-common.yang,grouping content,interface-grouping-list,,/TwoHundredGigE/TwoHundredGigE,added data node,,leaf,,,
26.2.1,26.1.1,Oper,Cisco-IOS-XE-interfaces-oper.yang,grouping content,ethernet-state,,/port-3p-sfp,added data node,,leaf,,,
26.2.1,26.1.1,Oper,Cisco-IOS-XE-interfaces-oper.yang,grouping content,ethernet-state,,/port-fast-retrain-count,added data node,,leaf,,,
26.2.1,26.1.1,Oper,Cisco-IOS-XE-interfaces-oper.yang,grouping content,ethernet-state,,/port-snr-value,added data node,,leaf,,,
26.2.1,26.1.1,Native,Cisco-IOS-XE-interfaces.yang,grouping content,interface-common-grouping,choice address-choice,/ip/forward,added data node,,leaf,,,
26.2.1,26.1.1,Native,Cisco-IOS-XE-interfaces.yang,grouping content,interface-common-grouping,,/uplink-extension,added data node,,container,,,
26.2.1,26.1.1,Native,Cisco-IOS-XE-interfaces.yang,grouping content,interface-common-grouping,,/uplink-extension/interface,added data node,,container,,,
26.2.1,26.1.1,Native,Cisco-IOS-XE-interfaces.yang,grouping content,interface-common-grouping,,/uplink-extension/interface/uses::ios-ifc:interface-grouping,added uses reference,,uses,uses,,ios-ifc:interface-grouping
26.2.1,26.1.1,Native,Cisco-IOS-XE-interfaces.yang,grouping content,interface-common-grouping,,/uplink/cellular,added data node,,container,,,
26.2.1,26.1.1,Native,Cisco-IOS-XE-interfaces.yang,grouping content,interface-common-grouping,,/uplink/cellular/enable,added data node,,leaf,,,
26.2.1,26.1.1,Native,Cisco-IOS-XE-interfaces.yang,grouping content,interface-common-grouping,,/uplink/color,added data node,,leaf,,,
26.2.1,26.1.1,Native,Cisco-IOS-XE-interfaces.yang,grouping content,interface-common-grouping,,/uplink/priority,added data node,,leaf,,,
26.2.1,26.1.1,Native,Cisco-IOS-XE-interfaces.yang,grouping content,interface-common-grouping,,/ip/proxy-arp,property changed,leaf,leaf,default,"[""true""]","[""false""]"
26.2.1,26.1.1,Native,Cisco-IOS-XE-interfaces.yang,grouping content,interface-common-grouping,,/ip/tcp/adjust-mss,property changed,leaf,leaf,type,"[""uint16 {range 500..1460}""]","[""uint16 {range 500..17960}""]"
26.2.1,26.1.1,Native,Cisco-IOS-XE-interfaces.yang,grouping content,interface-common-grouping,,/ipv6/tcp/adjust-mss,property changed,leaf,leaf,type,"[""uint16 {range 40..1454}""]","[""uint16 {range 1220..17940}""]"
26.2.1,26.1.1,Oper,Cisco-IOS-XE-ios-events-oper.yang,grouping content,bridge-intf-state,,/host-name,added data node,,leaf,,,
26.2.1,26.1.1,Oper,Cisco-IOS-XE-ios-events-oper.yang,grouping content,bridge-intf-state,,/system-ip,added data node,,leaf,,,
26.2.1,26.1.1,Oper,Cisco-IOS-XE-ios-events-oper.yang,grouping content,bridge-state,,/host-name,added data node,,leaf,,,
26.2.1,26.1.1,Oper,Cisco-IOS-XE-ios-events-oper.yang,grouping content,bridge-state,,/system-ip,added data node,,leaf,,,
26.2.1,26.1.1,Oper,Cisco-IOS-XE-ip-sla-oper.yang,grouping content,http-rtt-stats,,/dns-rtt,property changed,leaf,leaf,units,[],"[""milliseconds""]"
26.2.1,26.1.1,Oper,Cisco-IOS-XE-ip-sla-oper.yang,grouping content,http-rtt-stats,,/message-size,property changed,leaf,leaf,units,[],"[""bytes""]"
26.2.1,26.1.1,Oper,Cisco-IOS-XE-ip-sla-oper.yang,grouping content,icmp-packet-loss,,/inter-loss-period-len-max,property changed,leaf,leaf,units,[],"[""milliseconds""]"
26.2.1,26.1.1,Oper,Cisco-IOS-XE-ip-sla-oper.yang,grouping content,icmp-packet-loss,,/inter-loss-period-len-min,property changed,leaf,leaf,units,[],"[""milliseconds""]"
26.2.1,26.1.1,Oper,Cisco-IOS-XE-ip-sla-oper.yang,grouping content,icmp-packet-loss,,/loss-period-len-max,property changed,leaf,leaf,units,[],"[""milliseconds""]"
26.2.1,26.1.1,Oper,Cisco-IOS-XE-ip-sla-oper.yang,grouping content,icmp-packet-loss,,/loss-period-len-min,property changed,leaf,leaf,units,[],"[""milliseconds""]"
26.2.1,26.1.1,Oper,Cisco-IOS-XE-ip-sla-oper.yang,grouping content,jitter,,/avg-jitter,property changed,leaf,leaf,units,[],"[""milliseconds""]"
26.2.1,26.1.1,Oper,Cisco-IOS-XE-ip-sla-oper.yang,grouping content,jitter,,/inter-arrival-jitter-in,property changed,leaf,leaf,units,[],"[""milliseconds""]"
26.2.1,26.1.1,Oper,Cisco-IOS-XE-ip-sla-oper.yang,grouping content,jitter,,/inter-arrival-jitter-out,property changed,leaf,leaf,units,[],"[""milliseconds""]"
26.2.1,26.1.1,Oper,Cisco-IOS-XE-ip-sla-oper.yang,grouping content,latest-rtt-type,choice latestrtt-choice > case rtt-known,/rtt,property changed,leaf,leaf,units,[],"[""milliseconds""]"
26.2.1,26.1.1,Oper,Cisco-IOS-XE-ip-sla-oper.yang,grouping content,sla-dist-stats,,/avg-latency,property changed,leaf,leaf,units,[],"[""milliseconds""]"
26.2.1,26.1.1,Oper,Cisco-IOS-XE-ip-sla-oper.yang,grouping content,sla-dist-stats,,/sum-of-rtt,property changed,leaf,leaf,units,[],"[""milliseconds""]"
26.2.1,26.1.1,Oper,Cisco-IOS-XE-ip-sla-oper.yang,grouping content,sla-err-stats-key,,/start-time-id,property changed,leaf,leaf,units,[],"[""centiseconds""]"
26.2.1,26.1.1,Oper,Cisco-IOS-XE-ip-sla-oper.yang,grouping content,sla-frame-loss-ratio,,/avg-flr-percent,added data node,,leaf,,,
26.2.1,26.1.1,Oper,Cisco-IOS-XE-ip-sla-oper.yang,grouping content,sla-frame-loss-ratio,,/avg-frame-loss-ratio,property changed,leaf,leaf,status,[],"[""deprecated""]"
26.2.1,26.1.1,Oper,Cisco-IOS-XE-ip-sla-oper.yang,grouping content,sla-mcast-dist-stats,,/avg-latency,property changed,leaf,leaf,units,[],"[""milliseconds""]"
26.2.1,26.1.1,Oper,Cisco-IOS-XE-ip-sla-oper.yang,grouping content,sla-mcast-dist-stats,,/sum-of-latency,property changed,leaf,leaf,units,[],"[""milliseconds""]"
26.2.1,26.1.1,Oper,Cisco-IOS-XE-ip-sla-oper.yang,grouping content,sla-mcast-stats,,/inter-arrival-jitter,property changed,leaf,leaf,units,[],"[""milliseconds""]"
26.2.1,26.1.1,Oper,Cisco-IOS-XE-ip-sla-oper.yang,grouping content,sla-packet-loss-info,,/inter-loss-period-len-max,property changed,leaf,leaf,units,[],"[""milliseconds""]"
26.2.1,26.1.1,Oper,Cisco-IOS-XE-ip-sla-oper.yang,grouping content,sla-packet-loss-info,,/inter-loss-period-len-min,property changed,leaf,leaf,units,[],"[""milliseconds""]"
26.2.1,26.1.1,Oper,Cisco-IOS-XE-ip-sla-oper.yang,grouping content,sla-packet-loss-info,,/loss-period-len-max,property changed,leaf,leaf,units,[],"[""milliseconds""]"
26.2.1,26.1.1,Oper,Cisco-IOS-XE-ip-sla-oper.yang,grouping content,sla-packet-loss-info,,/loss-period-len-min,property changed,leaf,leaf,units,[],"[""milliseconds""]"
26.2.1,26.1.1,Oper,Cisco-IOS-XE-ip-sla-oper.yang,grouping content,sla-serv-perf-stats,choice tput-type-choice > case tput-val,/tput,property changed,leaf,leaf,units,[],"[""Kilobytes per second""]"
26.2.1,26.1.1,Oper,Cisco-IOS-XE-ip-sla-oper.yang,grouping content,sla-sp-pkt-stats,,/bytes,property changed,leaf,leaf,units,[],"[""bytes""]"
26.2.1,26.1.1,Oper,Cisco-IOS-XE-ip-sla-oper.yang,grouping content,sla-sp-rate-step-stats,,/dur,property changed,leaf,leaf,units,[],"[""seconds""]"
26.2.1,26.1.1,Oper,Cisco-IOS-XE-ip-sla-oper.yang,grouping content,sla-sp-rate-step-stats,,/rate,property changed,leaf,leaf,units,[],"[""Kilobytes per second""]"
26.2.1,26.1.1,Oper,Cisco-IOS-XE-ip-sla-oper.yang,grouping content,sla-sp-time,,/val,property changed,leaf,leaf,units,[],"[""milliseconds""]"
26.2.1,26.1.1,Oper,Cisco-IOS-XE-ip-sla-oper.yang,grouping content,sla-time-sum-values,,/sum,property changed,leaf,leaf,units,[],"[""milliseconds""]"
26.2.1,26.1.1,Oper,Cisco-IOS-XE-ip-sla-oper.yang,grouping content,sla-time-values,,/avg,property changed,leaf,leaf,units,[],"[""milliseconds""]"
26.2.1,26.1.1,Oper,Cisco-IOS-XE-ip-sla-oper.yang,grouping content,sla-time-values,,/max,property changed,leaf,leaf,units,[],"[""milliseconds""]"
26.2.1,26.1.1,Oper,Cisco-IOS-XE-ip-sla-oper.yang,grouping content,sla-time-values,,/min,property changed,leaf,leaf,units,[],"[""milliseconds""]"
26.2.1,26.1.1,Oper,Cisco-IOS-XE-ip-sla-oper.yang,grouping content,sla-total-stats-key,,/start-time-id,property changed,leaf,leaf,units,[],"[""centiseconds""]"
26.2.1,26.1.1,Oper,Cisco-IOS-XE-ip-sla-oper.yang,grouping content,sla-y1731-loss-stats-values,,/cum-flr-percent,added data node,,leaf,,,
26.2.1,26.1.1,Oper,Cisco-IOS-XE-ip-sla-oper.yang,grouping content,sla-y1731-loss-stats-values,,/cum-frame-loss-ratio,property changed,leaf,leaf,status,[],"[""deprecated""]"
26.2.1,26.1.1,Oper,Cisco-IOS-XE-ip-sla-oper.yang,grouping content,time-to-live-type,choice timetolive-choice > case ttl-finite,/ttl,property changed,leaf,leaf,units,[],"[""seconds""]"
26.2.1,26.1.1,Native,Cisco-IOS-XE-ip.yang,grouping content,config-ip-grouping,,/ip/domain/lookup-settings/lookup/nsap-new,added data node,,leaf,,,
26.2.1,26.1.1,Native,Cisco-IOS-XE-ip.yang,grouping content,config-ip-grouping,,/ip/ssh/pubkey-chain/server,added data node,,list,,,
26.2.1,26.1.1,Native,Cisco-IOS-XE-ip.yang,grouping content,config-ip-grouping,,/ip/ssh/pubkey-chain/server/key-hash,added data node,,container,,,
26.2.1,26.1.1,Native,Cisco-IOS-XE-ip.yang,grouping content,config-ip-grouping,,/ip/ssh/pubkey-chain/server/key-hash/key-hash-value,added data node,,leaf,,,
26.2.1,26.1.1,Native,Cisco-IOS-XE-ip.yang,grouping content,config-ip-grouping,,/ip/ssh/pubkey-chain/server/key-hash/key-type,added data node,,leaf,,,
26.2.1,26.1.1,Native,Cisco-IOS-XE-ip.yang,grouping content,config-ip-grouping,,/ip/ssh/pubkey-chain/server/name,added data node,,leaf,,,
26.2.1,26.1.1,Native,Cisco-IOS-XE-ip.yang,grouping content,config-ip-grouping,,/ip/ssh/stricthostkeycheck,added data node,,container,,,
26.2.1,26.1.1,Native,Cisco-IOS-XE-ip.yang,grouping content,config-ip-grouping,,/ip/ssh/stricthostkeycheck/accept-new,added data node,,leaf,,,
26.2.1,26.1.1,Native,Cisco-IOS-XE-ip.yang,grouping content,config-ip-grouping,,/ip/vrf/uses::route-replicate-grouping-deprecated,added uses reference,,uses,uses,,route-replicate-grouping-deprecated
26.2.1,26.1.1,Native,Cisco-IOS-XE-ip.yang,grouping content,config-ip-grouping,,/ip/vrf/uses::vrf-maximum-grouping-deprecated,added uses reference,,uses,uses,,vrf-maximum-grouping-deprecated
26.2.1,26.1.1,Native,Cisco-IOS-XE-ip.yang,grouping content,config-ip-grouping,,/ip/vrf/uses::route-replicate-grouping,removed uses reference,uses,uses,uses,route-replicate-grouping,
26.2.1,26.1.1,Native,Cisco-IOS-XE-ip.yang,grouping content,config-ip-grouping,,/ip/vrf/uses::vrf-maximum-grouping,removed uses reference,uses,uses,uses,vrf-maximum-grouping,
26.2.1,26.1.1,Native,Cisco-IOS-XE-ip.yang,grouping content,config-ip-grouping,,/ip/domain/lookup-settings/lookup/nsap,property changed,leaf,leaf,status,[],"[""deprecated""]"
26.2.1,26.1.1,Native,Cisco-IOS-XE-ip.yang,grouping content,config-ip-grouping,,/ip/prefix-lists/sequence-number,property changed,leaf,leaf,status,"[""deprecated""]","[""obsolete""]"
26.2.1,26.1.1,Native,Cisco-IOS-XE-ip.yang,grouping content,config-ip-grouping,,/ip/vrf,property changed,list,list,status,[],"[""deprecated""]"
26.2.1,26.1.1,Native,Cisco-IOS-XE-ip.yang,grouping content,config-ip-grouping,,/ip/vrf/bgp,property changed,container,container,status,[],"[""deprecated""]"
26.2.1,26.1.1,Native,Cisco-IOS-XE-ip.yang,grouping content,config-ip-grouping,,/ip/vrf/bgp/next-hop,property changed,container,container,status,[],"[""deprecated""]"
26.2.1,26.1.1,Native,Cisco-IOS-XE-ip.yang,grouping content,config-ip-grouping,,/ip/vrf/bgp/next-hop/Loopback,property changed,leaf,leaf,status,[],"[""deprecated""]"
26.2.1,26.1.1,Native,Cisco-IOS-XE-ip.yang,grouping content,config-ip-grouping,,/ip/vrf/context,property changed,leaf,leaf,status,[],"[""deprecated""]"
26.2.1,26.1.1,Native,Cisco-IOS-XE-ip.yang,grouping content,config-ip-grouping,,/ip/vrf/description,property changed,leaf,leaf,status,[],"[""deprecated""]"
26.2.1,26.1.1,Native,Cisco-IOS-XE-ip.yang,grouping content,config-ip-grouping,,/ip/vrf/export,property changed,container,container,status,[],"[""deprecated""]"
26.2.1,26.1.1,Native,Cisco-IOS-XE-ip.yang,grouping content,config-ip-grouping,,/ip/vrf/export/ipv4,property changed,container,container,status,[],"[""deprecated""]"
26.2.1,26.1.1,Native,Cisco-IOS-XE-ip.yang,grouping content,config-ip-grouping,,/ip/vrf/export/ipv4/ipv4-type,property changed,leaf,leaf,status,[],"[""deprecated""]"
26.2.1,26.1.1,Native,Cisco-IOS-XE-ip.yang,grouping content,config-ip-grouping,choice map-choice > case upper-limit-case,/ip/vrf/export/ipv4/map,property changed,leaf,leaf,status,[],"[""deprecated""]"
26.2.1,26.1.1,Native,Cisco-IOS-XE-ip.yang,grouping content,config-ip-grouping,choice map-choice > case map-only-case,/ip/vrf/export/ipv4/map-only,property changed,leaf,leaf,status,[],"[""deprecated""]"
26.2.1,26.1.1,Native,Cisco-IOS-XE-ip.yang,grouping content,config-ip-grouping,choice map-choice > case upper-limit-case,/ip/vrf/export/ipv4/upper-limit,property changed,leaf,leaf,status,[],"[""deprecated""]"
26.2.1,26.1.1,Native,Cisco-IOS-XE-ip.yang,grouping content,config-ip-grouping,,/ip/vrf/export/map,property changed,leaf,leaf,status,[],"[""deprecated""]"
26.2.1,26.1.1,Native,Cisco-IOS-XE-ip.yang,grouping content,config-ip-grouping,,/ip/vrf/import,property changed,container,container,status,[],"[""deprecated""]"
26.2.1,26.1.1,Native,Cisco-IOS-XE-ip.yang,grouping content,config-ip-grouping,choice import-choice,/ip/vrf/import/ipv4,property changed,container,container,status,[],"[""deprecated""]"
26.2.1,26.1.1,Native,Cisco-IOS-XE-ip.yang,grouping content,config-ip-grouping,choice import-choice,/ip/vrf/import/ipv4/ipv4-type,property changed,leaf,leaf,status,[],"[""deprecated""]"
26.2.1,26.1.1,Native,Cisco-IOS-XE-ip.yang,grouping content,config-ip-grouping,choice import-choice,/ip/vrf/import/ipv4/map,property changed,leaf,leaf,status,[],"[""deprecated""]"
26.2.1,26.1.1,Native,Cisco-IOS-XE-ip.yang,grouping content,config-ip-grouping,choice import-choice,/ip/vrf/import/ipv4/upper-limit,property changed,leaf,leaf,status,[],"[""deprecated""]"
26.2.1,26.1.1,Native,Cisco-IOS-XE-ip.yang,grouping content,config-ip-grouping,choice import-choice,/ip/vrf/import/map,property changed,leaf,leaf,status,[],"[""deprecated""]"
26.2.1,26.1.1,Native,Cisco-IOS-XE-ip.yang,grouping content,config-ip-grouping,,/ip/vrf/mdt,property changed,container,container,status,[],"[""deprecated""]"
26.2.1,26.1.1,Native,Cisco-IOS-XE-ip.yang,grouping content,config-ip-grouping,,/ip/vrf/mdt/data,property changed,container,container,status,[],"[""deprecated""]"
26.2.1,26.1.1,Native,Cisco-IOS-XE-ip.yang,grouping content,config-ip-grouping,choice mdt-data-choice > case mdt-data-list,/ip/vrf/mdt/data/list,property changed,leaf,leaf,status,[],"[""deprecated""]"
26.2.1,26.1.1,Native,Cisco-IOS-XE-ip.yang,grouping content,config-ip-grouping,,/ip/vrf/mdt/data/mulicast-address,property changed,leaf,leaf,status,[],"[""deprecated""]"
26.2.1,26.1.1,Native,Cisco-IOS-XE-ip.yang,grouping content,config-ip-grouping,choice mdt-data-choice > case mdt-data-threshold,/ip/vrf/mdt/data/threshold,property changed,leaf,leaf,status,[],"[""deprecated""]"
26.2.1,26.1.1,Native,Cisco-IOS-XE-ip.yang,grouping content,config-ip-grouping,choice mdt-data-choice > case mdt-data-threshold,/ip/vrf/mdt/data/threshold-list,property changed,leaf,leaf,status,[],"[""deprecated""]"
26.2.1,26.1.1,Native,Cisco-IOS-XE-ip.yang,grouping content,config-ip-grouping,,/ip/vrf/mdt/data/wildcard-bits,property changed,leaf,leaf,status,[],"[""deprecated""]"
26.2.1,26.1.1,Native,Cisco-IOS-XE-ip.yang,grouping content,config-ip-grouping,,/ip/vrf/mdt/default,property changed,leaf,leaf,status,[],"[""deprecated""]"
26.2.1,26.1.1,Native,Cisco-IOS-XE-ip.yang,grouping content,config-ip-grouping,,/ip/vrf/mdt/log-reuse,property changed,leaf,leaf,status,[],"[""deprecated""]"
26.2.1,26.1.1,Native,Cisco-IOS-XE-ip.yang,grouping content,config-ip-grouping,,/ip/vrf/name,property changed,leaf,leaf,status,[],"[""deprecated""]"
26.2.1,26.1.1,Native,Cisco-IOS-XE-ip.yang,grouping content,config-ip-grouping,,/ip/vrf/rd,property changed,leaf,leaf,status,[],"[""deprecated""]"
26.2.1,26.1.1,Native,Cisco-IOS-XE-ip.yang,grouping content,config-ip-grouping,,/ip/vrf/route-target,property changed,list,list,status,[],"[""deprecated""]"
26.2.1,26.1.1,Native,Cisco-IOS-XE-ip.yang,grouping content,config-ip-grouping,,/ip/vrf/route-target/direction,property changed,leaf,leaf,status,[],"[""deprecated""]"
26.2.1,26.1.1,Native,Cisco-IOS-XE-ip.yang,grouping content,config-ip-grouping,,/ip/vrf/route-target/target,property changed,leaf,leaf,status,[],"[""deprecated""]"
26.2.1,26.1.1,Native,Cisco-IOS-XE-ip.yang,grouping content,config-ip-grouping,,/ip/vrf/vpn,property changed,container,container,status,[],"[""deprecated""]"
26.2.1,26.1.1,Native,Cisco-IOS-XE-ip.yang,grouping content,config-ip-grouping,,/ip/vrf/vpn/id,property changed,leaf,leaf,status,[],"[""deprecated""]"
26.2.1,26.1.1,Native,Cisco-IOS-XE-ip.yang,grouping content,config-mvpn-mdt-grouping,,/mdt/overlay/use-bgp,property changed,leaf,leaf,status,"[""deprecated""]","[""obsolete""]"
26.2.1,26.1.1,Native,Cisco-IOS-XE-ip.yang,grouping content,ip-route-dhcp-only-options-grouping,,/tag,added data node,,leaf,,,
26.2.1,26.1.1,Native,Cisco-IOS-XE-ip.yang,grouping content,ip-route-fwd-list-key-grouping,,/fwd,property changed,leaf,leaf,must,"[""not (starts-with(., 'Dialer')) or /ios:native/ios:interface/*[concat(local-name(), ios:name) = current()]"", ""not (starts-with(., 'Loopback')) or /ios:native/ios:interface/*[concat(local-name(), ios:name) = current()]"", ""not (starts-with(., 'Tunnel')) or /ios:native/ios:interface/*[concat(local-name(), ios:name) = current()]"", ""not (starts-with(., 'Port-channel')) or (/ios:native/ios:interface/*[concat(local-name(), ios:name) = current()]) or (/ios:native/ios:interface/ios:Port-channel-subinterface/*[concat(local-name(), ios:name) = current()])"", ""not (starts-with(., 'LISP')) or /ios:native/ios:interface/*[concat(local-name(), ios:name) = current()]"", ""not (starts-with(., 'Virtual-Template')) or /ios:native/ios:interface/*[concat(local-name(), ios:name) = current()]"", ""not (starts-with(., 'BDI')) or /ios:native/ios:interface/*[concat(local-name(), ios:name) = current()]"", ""not (starts-with(., 'Ethernet')) or /ios:native/ios:interface/*[concat(local-name(), ios:name) = current()]"", ""not (starts-with(., 'FastEthernet')) or /ios:native/ios:interface/*[concat(local-name(), ios:name) = current()]"", ""not (starts-with(., 'GigabitEthernet')) or /ios:native/ios:interface/*[concat(local-name(), ios:name) = current()]"", ""not (starts-with(., 'TenGigabitEthernet')) or /ios:native/ios:interface/*[concat(local-name(), ios:name) = current()]"", ""not (starts-with(., 'FiveGigabitEthernet')) or /ios:native/ios:interface/*[concat(local-name(), ios:name) = current()]"", ""not (starts-with(., 'TwentyFiveGigE')) or /ios:native/ios:interface/*[concat(local-name(), ios:name) = current()]"", ""not (starts-with(., 'TwoGigabitEthernet')) or /ios:native/ios:interface/*[concat(local-name(), ios:name) = current()]"", ""not (starts-with(., 'FortyGigabitEthernet')) or /ios:native/ios:interface/*[concat(local-name(), ios:name) = current()]"", ""not (starts-with(., 'HundredGigE')) or /ios:native/ios:interface/*[concat(local-name(), ios:name) = current()]""]","[""not (starts-with(., 'Dialer')) or /ios:native/ios:interface/*[concat(local-name(), ios:name) = current()]"", ""not (starts-with(., 'Loopback')) or /ios:native/ios:interface/*[concat(local-name(), ios:name) = current()]"", ""not (starts-with(., 'Tunnel')) or /ios:native/ios:interface/*[concat(local-name(), ios:name) = current()]"", ""not (starts-with(., 'Port-channel')) or (/ios:native/ios:interface/*[concat(local-name(), ios:name) = current()]) or (/ios:native/ios:interface/ios:Port-channel-subinterface/*[concat(local-name(), ios:name) = current()])"", ""not (starts-with(., 'Vlan')) or /ios:native/ios:interface/*[concat(local-name(), ios:name) = current()]"", ""not (starts-with(., 'LISP')) or /ios:native/ios:interface/*[concat(local-name(), ios:name) = current()]"", ""not (starts-with(., 'Virtual-Template')) or /ios:native/ios:interface/*[concat(local-name(), ios:name) = current()]"", ""not (starts-with(., 'BDI')) or /ios:native/ios:interface/*[concat(local-name(), ios:name) = current()]"", ""not (starts-with(., 'Ethernet')) or /ios:native/ios:interface/*[concat(local-name(), ios:name) = current()]"", ""not (starts-with(., 'FastEthernet')) or /ios:native/ios:interface/*[concat(local-name(), ios:name) = current()]"", ""not (starts-with(., 'GigabitEthernet')) or /ios:native/ios:interface/*[concat(local-name(), ios:name) = current()]"", ""not (starts-with(., 'TenGigabitEthernet')) or /ios:native/ios:interface/*[concat(local-name(), ios:name) = current()]"", ""not (starts-with(., 'FiveGigabitEthernet')) or /ios:native/ios:interface/*[concat(local-name(), ios:name) = current()]"", ""not (starts-with(., 'TwentyFiveGigE')) or /ios:native/ios:interface/*[concat(local-name(), ios:name) = current()]"", ""not (starts-with(., 'TwoGigabitEthernet')) or /ios:native/ios:interface/*[concat(local-name(), ios:name) = current()]"", ""not (starts-with(., 'FortyGigabitEthernet')) or /ios:native/ios:interface/*[concat(local-name(), ios:name) = current()]"", ""not (starts-with(., 'HundredGigE')) or /ios:native/ios:interface/*[concat(local-name(), ios:name) = current()]""]"
26.2.1,26.1.1,Native,Cisco-IOS-XE-ip.yang,grouping content,ip-route-grouping-min-elements,,/ip-route-interface-forwarding-list/fwd-list-with-track/uses::ip-route-dhcp-grouping,added uses reference,,uses,uses,,ip-route-dhcp-grouping
26.2.1,26.1.1,Native,Cisco-IOS-XE-ip.yang,grouping content,ip-route-grouping-min-elements,,/ip-route-interface-forwarding-list/fwd-list/fwd,property changed,leaf,leaf,must,"[""not (starts-with(., 'Dialer')) or /ios:native/ios:interface/*[concat(local-name(), ios:name) = current()]"", ""not (starts-with(., 'Loopback')) or /ios:native/ios:interface/*[concat(local-name(), ios:name) = current()]"", ""not (starts-with(., 'Tunnel')) or /ios:native/ios:interface/*[concat(local-name(), ios:name) = current()]"", ""not (starts-with(., 'Port-channel')) or (/ios:native/ios:interface/*[concat(local-name(), ios:name) = current()]) or (/ios:native/ios:interface/ios:Port-channel-subinterface/*[concat(local-name(), ios:name) = current()])"", ""not (starts-with(., 'LISP')) or /ios:native/ios:interface/*[concat(local-name(), ios:name) = current()]"", ""not (starts-with(., 'Virtual-Template')) or /ios:native/ios:interface/*[concat(local-name(), ios:name) = current()]"", ""not (starts-with(., 'BDI')) or /ios:native/ios:interface/*[concat(local-name(), ios:name) = current()]"", ""not (starts-with(., 'Ethernet')) or /ios:native/ios:interface/*[concat(local-name(), ios:name) = current()]"", ""not (starts-with(., 'FastEthernet')) or /ios:native/ios:interface/*[concat(local-name(), ios:name) = current()]"", ""not (starts-with(., 'GigabitEthernet')) or /ios:native/ios:interface/*[concat(local-name(), ios:name) = current()]"", ""not (starts-with(., 'TenGigabitEthernet')) or /ios:native/ios:interface/*[concat(local-name(), ios:name) = current()]"", ""not (starts-with(., 'FiveGigabitEthernet')) or /ios:native/ios:interface/*[concat(local-name(), ios:name) = current()]"", ""not (starts-with(., 'TwentyFiveGigE')) or /ios:native/ios:interface/*[concat(local-name(), ios:name) = current()]"", ""not (starts-with(., 'TwoGigabitEthernet')) or /ios:native/ios:interface/*[concat(local-name(), ios:name) = current()]"", ""not (starts-with(., 'FortyGigabitEthernet')) or /ios:native/ios:interface/*[concat(local-name(), ios:name) = current()]"", ""not (starts-with(., 'HundredGigE')) or /ios:native/ios:interface/*[concat(local-name(), ios:name) = current()]""]","[""not (starts-with(., 'Dialer')) or /ios:native/ios:interface/*[concat(local-name(), ios:name) = current()]"", ""not (starts-with(., 'Loopback')) or /ios:native/ios:interface/*[concat(local-name(), ios:name) = current()]"", ""not (starts-with(., 'Tunnel')) or /ios:native/ios:interface/*[concat(local-name(), ios:name) = current()]"", ""not (starts-with(., 'Port-channel')) or (/ios:native/ios:interface/*[concat(local-name(), ios:name) = current()]) or (/ios:native/ios:interface/ios:Port-channel-subinterface/*[concat(local-name(), ios:name) = current()])"", ""not (starts-with(., 'Vlan')) or /ios:native/ios:interface/*[concat(local-name(), ios:name) = current()]"", ""not (starts-with(., 'LISP')) or /ios:native/ios:interface/*[concat(local-name(), ios:name) = current()]"", ""not (starts-with(., 'Virtual-Template')) or /ios:native/ios:interface/*[concat(local-name(), ios:name) = current()]"", ""not (starts-with(., 'BDI')) or /ios:native/ios:interface/*[concat(local-name(), ios:name) = current()]"", ""not (starts-with(., 'Ethernet')) or /ios:native/ios:interface/*[concat(local-name(), ios:name) = current()]"", ""not (starts-with(., 'FastEthernet')) or /ios:native/ios:interface/*[concat(local-name(), ios:name) = current()]"", ""not (starts-with(., 'GigabitEthernet')) or /ios:native/ios:interface/*[concat(local-name(), ios:name) = current()]"", ""not (starts-with(., 'TenGigabitEthernet')) or /ios:native/ios:interface/*[concat(local-name(), ios:name) = current()]"", ""not (starts-with(., 'FiveGigabitEthernet')) or /ios:native/ios:interface/*[concat(local-name(), ios:name) = current()]"", ""not (starts-with(., 'TwentyFiveGigE')) or /ios:native/ios:interface/*[concat(local-name(), ios:name) = current()]"", ""not (starts-with(., 'TwoGigabitEthernet')) or /ios:native/ios:interface/*[concat(local-name(), ios:name) = current()]"", ""not (starts-with(., 'FortyGigabitEthernet')) or /ios:native/ios:interface/*[concat(local-name(), ios:name) = current()]"", ""not (starts-with(., 'HundredGigE')) or /ios:native/ios:interface/*[concat(local-name(), ios:name) = current()]""]"
26.2.1,26.1.1,Native,Cisco-IOS-XE-ip.yang,grouping content,route-replicate-grouping-deprecated,,/route-replicate,new grouping data node,,container,,,
26.2.1,26.1.1,Native,Cisco-IOS-XE-ip.yang,grouping content,route-replicate-grouping-deprecated,,/route-replicate/from,new grouping data node,,container,,,
26.2.1,26.1.1,Native,Cisco-IOS-XE-ip.yang,grouping content,route-replicate-grouping-deprecated,,/route-replicate/from/vrf,new grouping data node,,list,,,
26.2.1,26.1.1,Native,Cisco-IOS-XE-ip.yang,grouping content,route-replicate-grouping-deprecated,,/route-replicate/from/vrf/name,new grouping data node,,leaf,,,
26.2.1,26.1.1,Native,Cisco-IOS-XE-ip.yang,grouping content,route-replicate-grouping-deprecated,,/route-replicate/from/vrf/unicast,new grouping data node,,container,,,
26.2.1,26.1.1,Native,Cisco-IOS-XE-ip.yang,grouping content,route-replicate-grouping-deprecated,,/route-replicate/from/vrf/unicast/uses::src-protocol-grouping,new uses reference,,uses,uses,,src-protocol-grouping
26.2.1,26.1.1,Native,Cisco-IOS-XE-ip.yang,grouping content,route-replicate-grouping-deprecated,,/route-replicate/recursion-policy,new grouping data node,,container,,,
26.2.1,26.1.1,Native,Cisco-IOS-XE-ip.yang,grouping content,route-replicate-grouping-deprecated,,/route-replicate/recursion-policy/destination,new grouping data node,,leaf,,,
26.2.1,26.1.1,Native,Cisco-IOS-XE-ip.yang,grouping content,vrf-maximum-grouping-deprecated,,/maximum,new grouping data node,,container,,,
26.2.1,26.1.1,Native,Cisco-IOS-XE-ip.yang,grouping content,vrf-maximum-grouping-deprecated,,/maximum/routes,new grouping data node,,leaf,,,
26.2.1,26.1.1,Native,Cisco-IOS-XE-ip.yang,grouping content,vrf-maximum-grouping-deprecated,choice maximum-choice > case threshold-case,/maximum/threshold,new grouping data node,,leaf,,,
26.2.1,26.1.1,Native,Cisco-IOS-XE-ip.yang,grouping content,vrf-maximum-grouping-deprecated,choice maximum-choice > case threshold-case,/maximum/reinstall,new grouping data node,,leaf,,,
26.2.1,26.1.1,Native,Cisco-IOS-XE-ip.yang,grouping content,vrf-maximum-grouping-deprecated,choice maximum-choice > case warning-case,/maximum/warning-only,new grouping data node,,leaf,,,
26.2.1,26.1.1,Native,Cisco-IOS-XE-ipv6.yang,grouping content,config-ipv6-grouping,,/ipv6/source-guard/policy/validate/address,property changed,leaf,leaf,status,"[""deprecated""]","[""obsolete""]"
26.2.1,26.1.1,Config,Cisco-IOS-XE-isis.yang,grouping content,isis-flex-grouping,,/flex-algo/metric-type/delay,property changed,leaf,leaf,status,"[""deprecated""]","[""obsolete""]"
26.2.1,26.1.1,Config,Cisco-IOS-XE-l2vpn.yang,grouping content,config-l2vpn-evpn-instance-sub-cmd,,/encapsulation-config,added data node,,container,,,
26.2.1,26.1.1,Config,Cisco-IOS-XE-l2vpn.yang,grouping content,config-l2vpn-evpn-instance-sub-cmd,choice encapsulation-choice,/encapsulation-config/mpls,added data node,,leaf,,,
26.2.1,26.1.1,Config,Cisco-IOS-XE-l2vpn.yang,grouping content,config-l2vpn-evpn-instance-sub-cmd,choice encapsulation-choice,/encapsulation-config/srv6,added data node,,leaf,,,
26.2.1,26.1.1,Config,Cisco-IOS-XE-l2vpn.yang,grouping content,config-l2vpn-evpn-instance-sub-cmd,choice encapsulation-choice,/encapsulation-config/vxlan,added data node,,leaf,,,
26.2.1,26.1.1,Config,Cisco-IOS-XE-l2vpn.yang,grouping content,config-l2vpn-evpn-instance-sub-cmd,,/segment-routing,added data node,,container,,,
26.2.1,26.1.1,Config,Cisco-IOS-XE-l2vpn.yang,grouping content,config-l2vpn-evpn-instance-sub-cmd,,/segment-routing/srv6,added data node,,container,,,
26.2.1,26.1.1,Config,Cisco-IOS-XE-l2vpn.yang,grouping content,config-l2vpn-evpn-instance-sub-cmd,,/segment-routing/srv6/locator,added data node,,container,,,
26.2.1,26.1.1,Config,Cisco-IOS-XE-l2vpn.yang,grouping content,config-l2vpn-evpn-instance-sub-cmd,,/segment-routing/srv6/locator/locator-leaf,added data node,,leaf,,,
26.2.1,26.1.1,Config,Cisco-IOS-XE-l2vpn.yang,grouping content,config-l2vpn-evpn-instance-sub-cmd,,/vpws/context/segment-routing,added data node,,container,,,
26.2.1,26.1.1,Config,Cisco-IOS-XE-l2vpn.yang,grouping content,config-l2vpn-evpn-instance-sub-cmd,,/vpws/context/segment-routing/srv6,added data node,,container,,,
26.2.1,26.1.1,Config,Cisco-IOS-XE-l2vpn.yang,grouping content,config-l2vpn-evpn-instance-sub-cmd,,/vpws/context/segment-routing/srv6/locator,added data node,,container,,,
26.2.1,26.1.1,Config,Cisco-IOS-XE-l2vpn.yang,grouping content,config-l2vpn-evpn-instance-sub-cmd,,/vpws/context/segment-routing/srv6/locator/locator-leaf,added data node,,leaf,,,
26.2.1,26.1.1,Config,Cisco-IOS-XE-l2vpn.yang,grouping content,config-l2vpn-evpn-instance-sub-cmd,,/encapsulation,property changed,leaf,leaf,status,[],"[""deprecated""]"
26.2.1,26.1.1,Config,Cisco-IOS-XE-l2vpn.yang,grouping content,config-l2vpn-evpn-main,,/evpn/segment-routing,added data node,,container,,,
26.2.1,26.1.1,Config,Cisco-IOS-XE-l2vpn.yang,grouping content,config-l2vpn-evpn-main,,/evpn/segment-routing/srv6,added data node,,container,,,
26.2.1,26.1.1,Config,Cisco-IOS-XE-l2vpn.yang,grouping content,config-l2vpn-evpn-main,,/evpn/segment-routing/srv6/locator,added data node,,container,,,
26.2.1,26.1.1,Config,Cisco-IOS-XE-l2vpn.yang,grouping content,config-l2vpn-evpn-main,,/evpn/segment-routing/srv6/locator/locator-leaf,added data node,,leaf,,,
26.2.1,26.1.1,Config,Cisco-IOS-XE-l2vpn.yang,grouping content,config-l2vpn-evpn-main,,/evpn/subnet-slicing,added data node,,container,,,
26.2.1,26.1.1,Config,Cisco-IOS-XE-l2vpn.yang,grouping content,config-l2vpn-evpn-main,,/evpn/subnet-slicing/anchor,added data node,,container,,,
26.2.1,26.1.1,Config,Cisco-IOS-XE-l2vpn.yang,grouping content,config-l2vpn-evpn-main,,/evpn/subnet-slicing/anchor/slice-indices,added data node,,leaf,,,
26.2.1,26.1.1,Config,Cisco-IOS-XE-l2vpn.yang,grouping content,config-l2vpn-evpn-main,,/evpn/telemetry,added data node,,container,,,
26.2.1,26.1.1,Config,Cisco-IOS-XE-l2vpn.yang,grouping content,config-l2vpn-evpn-main,,/evpn/telemetry/enable,added data node,,container,,,
26.2.1,26.1.1,Config,Cisco-IOS-XE-l2vpn.yang,grouping content,config-l2vpn-evpn-main,,/evpn/telemetry/enable/statistics,added data node,,container,,,
26.2.1,26.1.1,Config,Cisco-IOS-XE-l2vpn.yang,grouping content,config-l2vpn-evpn-main,,/evpn/telemetry/enable/statistics/flush-timer,added data node,,leaf,,,
26.2.1,26.1.1,Config,Cisco-IOS-XE-l2vpn.yang,grouping content,config-l2vpn-grouping,,/pseudowire/static-oam/class/keepalive,property changed,leaf,leaf,status,[],"[""obsolete""]"
26.2.1,26.1.1,Config,Cisco-IOS-XE-l2vpn.yang,grouping content,config-l2vpn-grouping,,/pseudowire/static-oam/class/timeout/refresh/ack,property changed,leaf,leaf,status,[],"[""obsolete""]"
26.2.1,26.1.1,Native,Cisco-IOS-XE-license.yang,grouping content,config-license-grouping,,/license/boot/mode,added data node,,container,,,
26.2.1,26.1.1,Native,Cisco-IOS-XE-license.yang,grouping content,config-license-grouping,,/license/boot/mode/universal,added data node,,leaf,,,
26.2.1,26.1.1,Native,Cisco-IOS-XE-license.yang,grouping content,config-license-grouping,,/license/smart/reservation,added data node,,leaf,,,
26.2.1,26.1.1,Native,Cisco-IOS-XE-license.yang,grouping content,config-license-grouping,,/license/smart/transport-type,property changed,leaf,leaf,default,[],"[""cslu""]"
26.2.1,26.1.1,Native,Cisco-IOS-XE-line.yang,grouping content,line-grouping-con-and-aux,,/no-activation-character,property changed,leaf,leaf,status,[],"[""deprecated""]"
26.2.1,26.1.1,Config,Cisco-IOS-XE-lisp.yang,grouping content,config-interface-lisp-grouping,,/lisp/silent-host,added data node,,container,,,
26.2.1,26.1.1,Config,Cisco-IOS-XE-lisp.yang,grouping content,config-interface-lisp-grouping,,/lisp/silent-host/pre-auth,added data node,,container,,,
26.2.1,26.1.1,Config,Cisco-IOS-XE-lisp.yang,grouping content,config-interface-lisp-grouping,,/lisp/silent-host/pre-auth/vlan,added data node,,leaf,,,
26.2.1,26.1.1,Config,Cisco-IOS-XE-lisp.yang,grouping content,config-interface-lisp-grouping,,/lisp/silent-host/pre-auth/vlan-id2,added data node,,leaf,,,
26.2.1,26.1.1,Oper,Cisco-IOS-XE-livetools-oper.yang,grouping content,dns-query-response,,/payload-size,property changed,leaf,leaf,units,[],"[""bytes""]"
26.2.1,26.1.1,Oper,Cisco-IOS-XE-livetools-oper.yang,grouping content,mtr-host,,/loss-prcnt,property changed,leaf,leaf,units,[],"[""percent""]"
26.2.1,26.1.1,Config,Cisco-IOS-XE-lte450.yang,grouping content,config-interface-lte450-grouping,,/lte450/profile/encryption,added data node,,leaf,,,
26.2.1,26.1.1,Config,Cisco-IOS-XE-mdt-cfg.yang,grouping content,mdt-cnfg-sensor-group,,/id,new grouping data node,,leaf,,,
26.2.1,26.1.1,Config,Cisco-IOS-XE-mdt-cfg.yang,grouping content,mdt-cnfg-sensor-group,,/mdt-sensor-paths,new grouping data node,,container,,,
26.2.1,26.1.1,Config,Cisco-IOS-XE-mdt-cfg.yang,grouping content,mdt-cnfg-sensor-group,,/mdt-sensor-paths/mdt-sensor-path,new grouping data node,,list,,,
26.2.1,26.1.1,Config,Cisco-IOS-XE-mdt-cfg.yang,grouping content,mdt-cnfg-sensor-group,,/mdt-sensor-paths/mdt-sensor-path/uses::mdt-cfg:mdt-cnfg-sensor-path,new uses reference,,uses,uses,,mdt-cfg:mdt-cnfg-sensor-path
26.2.1,26.1.1,Config,Cisco-IOS-XE-mdt-cfg.yang,grouping content,mdt-cnfg-sensor-path,,/path,new grouping data node,,leaf,,,
26.2.1,26.1.1,Config,Cisco-IOS-XE-mdt-cfg.yang,grouping content,mdt-named-protocol-rcvr,,/name,property changed,leaf,leaf,type,"[""string""]","[""string {length 1..200; pattern [\\] A-Za-z0-9!\""#%&()*+,\\-./:;<=>^?@\\\\$_`{|}\\[']+}""]"
26.2.1,26.1.1,Config,Cisco-IOS-XE-mdt-cfg.yang,grouping content,mdt-protocol-grpc-profile,,/k-a,added data node,,leaf,,,
26.2.1,26.1.1,Config,Cisco-IOS-XE-mdt-cfg.yang,grouping content,mdt-xfrm-input,,/key,property changed,leaf,leaf,type,"[""string""]","[""string {length 1..200; pattern [\\] A-Za-z0-9!\""#%&()*+,\\-./:;<=>^?@\\\\$_`{|}\\[']+}""]"
26.2.1,26.1.1,Config,Cisco-IOS-XE-mdt-cfg.yang,grouping content,mdt-xfrm-op-filter,,/field,property changed,leaf,leaf,type,"[""string""]","[""string {length 1..200; pattern [\\] A-Za-z0-9!\""#%&()*+,\\-./:;<=>^?@\\\\$_`{|}\\[']+}""]"
26.2.1,26.1.1,Other,Cisco-IOS-XE-mdt-common-defs.yang,grouping content,mdt-subscription-base,choice filter-type-choice > case sub-filter-type-sensor-group,/sensor-group-id,added data node,,leaf,,,
26.2.1,26.1.1,Other,Cisco-IOS-XE-mdt-common-defs.yang,grouping content,mdt-subscription-base,choice update-trigger-choice > case sub-upd-trig-on-change-v2,/dampening-period,property changed,leaf,leaf,default,"[""0""]",[]
26.2.1,26.1.1,Other,Cisco-IOS-XE-mdt-common-defs.yang,grouping content,mdt-subscription-base,choice update-trigger-choice > case sub-upd-trig-on-change-v2,/no-synch-on-start-v2,property changed,leaf,leaf,default,"[""false""]",[]
26.2.1,26.1.1,Other,Cisco-IOS-XE-mdt-common-defs.yang,grouping content,mdt-subscription-base,choice filter-type-choice > case sub-filter-type-tdl-transform,/transform-name,property changed,leaf,leaf,type,"[""string""]","[""string {length 1..200; pattern [\\] A-Za-z0-9!\""#%&()*+,\\-./:;<=>^?@\\\\$_`{|}\\[']+}""]"
26.2.1,26.1.1,Config,Cisco-IOS-XE-mdt-oper-v2.yang,grouping content,mdt-receiver-name,,/conn-attempts,added data node,,leaf,,,
26.2.1,26.1.1,Config,Cisco-IOS-XE-mdt-oper-v2.yang,grouping content,mdt-receiver-name,,/next-retry-time,added data node,,leaf,,,
26.2.1,26.1.1,Config,Cisco-IOS-XE-mdt-oper-v2.yang,grouping content,mdt-sensor-group,,/id,new grouping data node,,leaf,,,
26.2.1,26.1.1,Config,Cisco-IOS-XE-mdt-oper-v2.yang,grouping content,mdt-sensor-group,,/mdt-sensor-path,new grouping data node,,list,,,
26.2.1,26.1.1,Config,Cisco-IOS-XE-mdt-oper-v2.yang,grouping content,mdt-sensor-group,,/mdt-sensor-path/uses::mdt-oper-v2:mdt-sensor-path,new uses reference,,uses,uses,,mdt-oper-v2:mdt-sensor-path
26.2.1,26.1.1,Config,Cisco-IOS-XE-mdt-oper-v2.yang,grouping content,mdt-sensor-path,,/path,new grouping data node,,leaf,,,
26.2.1,26.1.1,Config,Cisco-IOS-XE-mdt-oper-v2.yang,grouping content,pull-con-params,,/size,property changed,leaf,leaf,units,[],"[""bytes""]"
26.2.1,26.1.1,RPC,Cisco-IOS-XE-meraki-leds-actions-rpc.yang,grouping content,blink-leds-params,,/slot-num,added data node,,leaf,,,
26.2.1,26.1.1,Config,Cisco-IOS-XE-mobileip.yang,grouping content,auth-key-options-grouping,,/key-v2,added data node,,container,,,
26.2.1,26.1.1,Config,Cisco-IOS-XE-mobileip.yang,grouping content,auth-key-options-grouping,choice key-options > case ascii,/key-v2/ascii,added data node,,leaf,,,
26.2.1,26.1.1,Config,Cisco-IOS-XE-mobileip.yang,grouping content,auth-key-options-grouping,,/key-v2/enc-type,added data node,,leaf,,,
26.2.1,26.1.1,Config,Cisco-IOS-XE-mobileip.yang,grouping content,auth-key-options-grouping,choice key-options > case hex,/key-v2/hex,added data node,,leaf,,,
26.2.1,26.1.1,Config,Cisco-IOS-XE-mobileip.yang,grouping content,auth-key-options-grouping,,/key,property changed,container,container,status,[],"[""deprecated""]"
26.2.1,26.1.1,Config,Cisco-IOS-XE-mobileip.yang,grouping content,auth-key-options-grouping,choice key-options,/key/hex,property changed,leaf,leaf,status,[],"[""deprecated""]"
26.2.1,26.1.1,Config,Cisco-IOS-XE-mobileip.yang,grouping content,auth-key-options-grouping,choice key-options,/key/key-opts,property changed,container,container,status,[],"[""deprecated""]"
26.2.1,26.1.1,Config,Cisco-IOS-XE-mobileip.yang,grouping content,auth-key-options-grouping,choice key-options,/key/key-opts/ascii,property changed,leaf,leaf,status,[],"[""deprecated""]"
26.2.1,26.1.1,Config,Cisco-IOS-XE-mobileip.yang,grouping content,auth-key-options-grouping,choice key-options,/key/key-opts/enc-type,property changed,leaf,leaf,status,[],"[""deprecated""]"
26.2.1,26.1.1,Config,Cisco-IOS-XE-mobileip.yang,grouping content,auth-option-grouping,choice spi-option,/auth-option/spi/hex-val,property changed,leaf,leaf,type,"[""string""]","[""string {length 2..8; pattern [0-9a-fA-F]+}""]"
26.2.1,26.1.1,Oper,Cisco-IOS-XE-mpls-ldp-oper.yang,grouping content,hello-adjacency,,/pwd-pend-flags,added data node,,leaf,,,
26.2.1,26.1.1,Oper,Cisco-IOS-XE-mpls-ldp-oper.yang,grouping content,hello-adjacency,,/password-pending,property changed,leaf,leaf,status,[],"[""deprecated""]"
26.2.1,26.1.1,Oper,Cisco-IOS-XE-mpls-te-oper.yang,grouping content,te-he-tunnel,,/down-delay-secs,property changed,leaf,leaf,units,[],"[""seconds""]"
26.2.1,26.1.1,Oper,Cisco-IOS-XE-mpls-te-oper.yang,grouping content,te-he-tunnel,,/fa-hold-secs,property changed,leaf,leaf,units,[],"[""seconds""]"
26.2.1,26.1.1,Oper,Cisco-IOS-XE-mpls-te-oper.yang,grouping content,te-lm-bw-pool-value,,/pool-bw-held,property changed,leaf,leaf,units,[],"[""bps""]"
26.2.1,26.1.1,Oper,Cisco-IOS-XE-mpls-te-oper.yang,grouping content,te-lm-bw-pool-value,,/pool-bw-locked,property changed,leaf,leaf,units,[],"[""bps""]"
26.2.1,26.1.1,Oper,Cisco-IOS-XE-mpls-te-oper.yang,grouping content,te-lm-bw-pool-value,,/pool-bw-total-held,property changed,leaf,leaf,units,[],"[""bps""]"
26.2.1,26.1.1,Oper,Cisco-IOS-XE-mpls-te-oper.yang,grouping content,te-lm-bw-pool-value,,/pool-bw-total-locked,property changed,leaf,leaf,units,[],"[""bps""]"
26.2.1,26.1.1,Oper,Cisco-IOS-XE-mpls-te-oper.yang,grouping content,te-lm-link,,/link-flow-bw-max,property changed,leaf,leaf,units,[],"[""bps""]"
26.2.1,26.1.1,Oper,Cisco-IOS-XE-mpls-te-oper.yang,grouping content,te-lm-link,,/link-flow-bw-min,property changed,leaf,leaf,units,[],"[""bps""]"
26.2.1,26.1.1,Oper,Cisco-IOS-XE-mpls-te-oper.yang,grouping content,te-lm-link,,/link-max-res-bw,property changed,leaf,leaf,units,[],"[""bps""]"
26.2.1,26.1.1,Oper,Cisco-IOS-XE-mpls-te-oper.yang,grouping content,te-lm-link,,/link-mtu,property changed,leaf,leaf,units,[],"[""bytes""]"
26.2.1,26.1.1,Oper,Cisco-IOS-XE-mpls-te-oper.yang,grouping content,te-lm-link,,/link-physical-bw,property changed,leaf,leaf,units,[],"[""bps""]"
26.2.1,26.1.1,Oper,Cisco-IOS-XE-mroute-oper.yang,grouping content,mcast-outgoing-interface,,/if-threshold,property changed,leaf,leaf,units,[],"[""kbps""]"
26.2.1,26.1.1,Oper,Cisco-IOS-XE-mroute-oper.yang,grouping content,mcast-outgoing-interface,,/out-rate-limit,property changed,leaf,leaf,units,[],"[""kbps""]"
26.2.1,26.1.1,Oper,Cisco-IOS-XE-mroute-oper.yang,grouping content,mroute-state,,/in-rate-limit,property changed,leaf,leaf,units,[],"[""kbps""]"
26.2.1,26.1.1,Oper,Cisco-IOS-XE-mrp-oper.yang,grouping content,mrp-ring-hw-stats,,/beac-intl,property changed,leaf,leaf,units,[],"[""milliseconds""]"
26.2.1,26.1.1,Config,Cisco-IOS-XE-mrp.yang,grouping content,config-profinet-grouping,,/profinet-enable,added data node,,container,,,
26.2.1,26.1.1,Config,Cisco-IOS-XE-mrp.yang,grouping content,config-profinet-grouping,,/profinet-enable/profinet,added data node,,leaf,,,
26.2.1,26.1.1,Config,Cisco-IOS-XE-mrp.yang,grouping content,config-profinet-grouping,,/profinet/enable,property changed,leaf,leaf,status,[],"[""deprecated""]"
26.2.1,26.1.1,Config,Cisco-IOS-XE-mrp.yang,grouping content,config-profinet-grouping,,/profinet/mrp,property changed,leaf,leaf,default,"[""true""]","[""false""]"
26.2.1,26.1.1,Config,Cisco-IOS-XE-multicast.yang,grouping content,config-ipv4-to-v6-service-reflect-grouping,,/destination,new grouping data node,,leaf,,,
26.2.1,26.1.1,Config,Cisco-IOS-XE-multicast.yang,grouping content,config-ipv4-to-v6-service-reflect-grouping,,/to,new grouping data node,,leaf,,,
26.2.1,26.1.1,Config,Cisco-IOS-XE-multicast.yang,grouping content,config-ipv4-to-v6-service-reflect-grouping,,/source,new grouping data node,,leaf,,,
26.2.1,26.1.1,Config,Cisco-IOS-XE-multicast.yang,grouping content,config-ipv6-service-reflect-grouping,,/destination,new grouping data node,,leaf,,,
26.2.1,26.1.1,Config,Cisco-IOS-XE-multicast.yang,grouping content,config-ipv6-service-reflect-grouping,,/to,new grouping data node,,leaf,,,
26.2.1,26.1.1,Config,Cisco-IOS-XE-multicast.yang,grouping content,config-ipv6-service-reflect-grouping,,/source,new grouping data node,,leaf,,,
26.2.1,26.1.1,Config,Cisco-IOS-XE-multicast.yang,grouping content,config-ipv6-service-reflect-list-grouping,,/service,new grouping data node,,container,,,
26.2.1,26.1.1,Config,Cisco-IOS-XE-multicast.yang,grouping content,config-ipv6-service-reflect-list-grouping,,/service/reflect,new grouping data node,,container,,,
26.2.1,26.1.1,Config,Cisco-IOS-XE-multicast.yang,grouping content,config-ipv6-service-reflect-list-grouping,,/service/reflect/ipv6_service_reflect_list,new grouping data node,,list,,,
26.2.1,26.1.1,Config,Cisco-IOS-XE-multicast.yang,grouping content,config-ipv6-service-reflect-list-grouping,,/service/reflect/ipv6_service_reflect_list/uses::config-ipv6-service-reflect-grouping,new uses reference,,uses,uses,,config-ipv6-service-reflect-grouping
26.2.1,26.1.1,Config,Cisco-IOS-XE-multicast.yang,grouping content,config-ipv6-service-reflect-list-grouping,,/service/reflect/ipv6_service_reflect_interface_list,new grouping data node,,list,,,
26.2.1,26.1.1,Config,Cisco-IOS-XE-multicast.yang,grouping content,config-ipv6-service-reflect-list-grouping,,/service/reflect/ipv6_service_reflect_interface_list/interface,new grouping data node,,leaf,,,
26.2.1,26.1.1,Config,Cisco-IOS-XE-multicast.yang,grouping content,config-ipv6-service-reflect-list-grouping,,/service/reflect/ipv6_service_reflect_interface_list/uses::config-ipv6-service-reflect-grouping,new uses reference,,uses,uses,,config-ipv6-service-reflect-grouping
26.2.1,26.1.1,Config,Cisco-IOS-XE-multicast.yang,grouping content,config-ipv6-service-reflect-list-grouping,,/service/reflect/ipv6_to_v4_service_reflect_list,new grouping data node,,list,,,
26.2.1,26.1.1,Config,Cisco-IOS-XE-multicast.yang,grouping content,config-ipv6-service-reflect-list-grouping,,/service/reflect/ipv6_to_v4_service_reflect_list/uses::config-ipv6-to-v4-service-reflect-grouping,new uses reference,,uses,uses,,config-ipv6-to-v4-service-reflect-grouping
26.2.1,26.1.1,Config,Cisco-IOS-XE-multicast.yang,grouping content,config-ipv6-service-reflect-list-grouping,,/service/reflect/ipv6_to_v4_service_reflect_interface_list,new grouping data node,,list,,,
26.2.1,26.1.1,Config,Cisco-IOS-XE-multicast.yang,grouping content,config-ipv6-service-reflect-list-grouping,,/service/reflect/ipv6_to_v4_service_reflect_interface_list/interface,new grouping data node,,leaf,,,
26.2.1,26.1.1,Config,Cisco-IOS-XE-multicast.yang,grouping content,config-ipv6-service-reflect-list-grouping,,/service/reflect/ipv6_to_v4_service_reflect_interface_list/uses::config-ipv6-to-v4-service-reflect-grouping,new uses reference,,uses,uses,,config-ipv6-to-v4-service-reflect-grouping
26.2.1,26.1.1,Config,Cisco-IOS-XE-multicast.yang,grouping content,config-ipv6-to-v4-service-reflect-grouping,,/destination,new grouping data node,,leaf,,,
26.2.1,26.1.1,Config,Cisco-IOS-XE-multicast.yang,grouping content,config-ipv6-to-v4-service-reflect-grouping,,/to,new grouping data node,,leaf,,,
26.2.1,26.1.1,Config,Cisco-IOS-XE-multicast.yang,grouping content,config-ipv6-to-v4-service-reflect-grouping,,/source,new grouping data node,,leaf,,,
26.2.1,26.1.1,Config,Cisco-IOS-XE-multicast.yang,grouping content,config-service-reflect-list-grouping,,/service/reflect/ipv4_to_v6_service_reflect_interface_list,added data node,,list,,,
26.2.1,26.1.1,Config,Cisco-IOS-XE-multicast.yang,grouping content,config-service-reflect-list-grouping,,/service/reflect/ipv4_to_v6_service_reflect_interface_list/interface,added data node,,leaf,,,
26.2.1,26.1.1,Config,Cisco-IOS-XE-multicast.yang,grouping content,config-service-reflect-list-grouping,,/service/reflect/ipv4_to_v6_service_reflect_interface_list/uses::config-ipv4-to-v6-service-reflect-grouping,added uses reference,,uses,uses,,config-ipv4-to-v6-service-reflect-grouping
26.2.1,26.1.1,Config,Cisco-IOS-XE-multicast.yang,grouping content,config-service-reflect-list-grouping,,/service/reflect/ipv4_to_v6_service_reflect_list,added data node,,list,,,
26.2.1,26.1.1,Config,Cisco-IOS-XE-multicast.yang,grouping content,config-service-reflect-list-grouping,,/service/reflect/ipv4_to_v6_service_reflect_list/uses::config-ipv4-to-v6-service-reflect-grouping,added uses reference,,uses,uses,,config-ipv4-to-v6-service-reflect-grouping
26.2.1,26.1.1,Config,Cisco-IOS-XE-mvrp.yang,grouping content,config-interface-mvrp-grouping,,/mvrp/timer/join-timer,added data node,,leaf,,,
26.2.1,26.1.1,Config,Cisco-IOS-XE-mvrp.yang,grouping content,config-interface-mvrp-grouping,,/mvrp/timer/leave-all-timer,added data node,,leaf,,,
26.2.1,26.1.1,Config,Cisco-IOS-XE-mvrp.yang,grouping content,config-interface-mvrp-grouping,,/mvrp/timer/leave-timer,added data node,,leaf,,,
26.2.1,26.1.1,Config,Cisco-IOS-XE-mvrp.yang,grouping content,config-interface-mvrp-grouping,,/mvrp/timer/join,property changed,container,container,status,[],"[""deprecated""]"
26.2.1,26.1.1,Config,Cisco-IOS-XE-mvrp.yang,grouping content,config-interface-mvrp-grouping,,/mvrp/timer/join/_range,property changed,leaf,leaf,status,[],"[""deprecated""]"
26.2.1,26.1.1,Config,Cisco-IOS-XE-mvrp.yang,grouping content,config-interface-mvrp-grouping,,/mvrp/timer/leave,property changed,container,container,status,[],"[""deprecated""]"
26.2.1,26.1.1,Config,Cisco-IOS-XE-mvrp.yang,grouping content,config-interface-mvrp-grouping,,/mvrp/timer/leave-all,property changed,container,container,status,[],"[""deprecated""]"
26.2.1,26.1.1,Config,Cisco-IOS-XE-mvrp.yang,grouping content,config-interface-mvrp-grouping,,/mvrp/timer/leave-all/_range,property changed,leaf,leaf,status,[],"[""deprecated""]"
26.2.1,26.1.1,Config,Cisco-IOS-XE-mvrp.yang,grouping content,config-interface-mvrp-grouping,,/mvrp/timer/leave/_range,property changed,leaf,leaf,status,[],"[""deprecated""]"
26.2.1,26.1.1,Config,Cisco-IOS-XE-nat.yang,grouping content,config-nat64-grouping,,/nat64/provisioning/mode/jp01/address-resolution-server/password/password,property changed,leaf,leaf,type,"[""string""]","[""string {length 1..456}""]"
26.2.1,26.1.1,Config,Cisco-IOS-XE-nat.yang,grouping content,config-nat64-grouping,,/nat64/provisioning/mode/jp01/address-resolution-server/url/string,property changed,leaf,leaf,type,"[""string""]","[""string {length 1..456}""]"
26.2.1,26.1.1,Config,Cisco-IOS-XE-nat.yang,grouping content,config-nat64-grouping,,/nat64/provisioning/mode/jp01/address-resolution-server/username/name,property changed,leaf,leaf,type,"[""string""]","[""string {length 1..456}""]"
26.2.1,26.1.1,Config,Cisco-IOS-XE-nat.yang,grouping content,config-nat64-grouping,,/nat64/provisioning/mode/jp01/api-key/key,property changed,leaf,leaf,type,"[""string""]","[""string {length 12..162}""]"
26.2.1,26.1.1,Config,Cisco-IOS-XE-nat.yang,grouping content,config-nat64-grouping,,/nat64/provisioning/mode/jp01/rule-server/url/string,property changed,leaf,leaf,type,"[""string""]","[""string {length 1..456}""]"
26.2.1,26.1.1,Config,Cisco-IOS-XE-nbar.yang,grouping content,config-avc-grouping,,/sd-service/controller/authentication-token,added data node,,leaf,,,
26.2.1,26.1.1,Config,Cisco-IOS-XE-nbar.yang,grouping content,config-avc-grouping,,/sd-service/controller/enforce-tls-hostname,added data node,,leaf,,,
26.2.1,26.1.1,Config,Cisco-IOS-XE-ncch-cfg.yang,grouping content,ncch-client-endpoint-cnfg,choice transport-choice > case ssh,/ssh,property changed,container,container,must,[],"[""tcpc-remote-ipaddr""]"
26.2.1,26.1.1,Config,Cisco-IOS-XE-ncch-cfg.yang,grouping content,ncch-ssh,choice tcpc-remote-addr-type-choice > case address-unspecified,/tcpc-remote-addr-unset,property changed,leaf,leaf,default,"[""true""]",[]
26.2.1,26.1.1,Config,Cisco-IOS-XE-ncch-cfg.yang,grouping content,ncch-ssh,choice tcpc-remote-addr-type-choice > case ip-address,/tcpc-remote-ipaddr,property changed,leaf,leaf,mandatory,[],"[""true""]"
26.2.1,26.1.1,Other,Cisco-IOS-XE-ngfw-events.yang,grouping content,hsl-fqdn-dst-status-change,,/severity-level,new grouping data node,,leaf,,,
26.2.1,26.1.1,Other,Cisco-IOS-XE-ngfw-events.yang,grouping content,hsl-fqdn-dst-status-change,,/host-name,new grouping data node,,leaf,,,
26.2.1,26.1.1,Other,Cisco-IOS-XE-ngfw-events.yang,grouping content,hsl-fqdn-dst-status-change,,/system-ip,new grouping data node,,leaf,,,
26.2.1,26.1.1,Other,Cisco-IOS-XE-ngfw-events.yang,grouping content,hsl-fqdn-dst-status-change,,/fqdn,new grouping data node,,leaf,,,
26.2.1,26.1.1,Other,Cisco-IOS-XE-ngfw-events.yang,grouping content,hsl-fqdn-dst-status-change,,/ni-type,new grouping data node,,leaf,,,
26.2.1,26.1.1,Other,Cisco-IOS-XE-ngfw-events.yang,grouping content,hsl-fqdn-dst-status-change,,/ni-name,new grouping data node,,leaf,,,
26.2.1,26.1.1,Other,Cisco-IOS-XE-ngfw-events.yang,grouping content,hsl-fqdn-dst-status-change,,/new-state,new grouping data node,,leaf,,,
26.2.1,26.1.1,Other,Cisco-IOS-XE-ngfw-events.yang,grouping content,hsl-fqdn-dst-status-change,,/dst-ip,new grouping data node,,leaf,,,
26.2.1,26.1.1,Other,Cisco-IOS-XE-ngfw-events.yang,grouping content,hsl-fqdn-dst-status-change,,/dst-port,new grouping data node,,leaf,,,
26.2.1,26.1.1,Other,Cisco-IOS-XE-ngfw-events.yang,grouping content,hsl-fqdn-dst-status-change,,/error-reason,new grouping data node,,leaf,,,
26.2.1,26.1.1,Other,Cisco-IOS-XE-ngfw-events.yang,grouping content,ngfw-ips-alert,,/severity-level,new grouping data node,,leaf,,,
26.2.1,26.1.1,Other,Cisco-IOS-XE-ngfw-events.yang,grouping content,ngfw-ips-alert,,/host-name,new grouping data node,,leaf,,,
26.2.1,26.1.1,Other,Cisco-IOS-XE-ngfw-events.yang,grouping content,ngfw-ips-alert,,/system-ip,new grouping data node,,leaf,,,
26.2.1,26.1.1,Other,Cisco-IOS-XE-ngfw-events.yang,grouping content,ngfw-ips-alert,,/timestamp,new grouping data node,,leaf,,,
26.2.1,26.1.1,Other,Cisco-IOS-XE-ngfw-events.yang,grouping content,ngfw-ips-alert,,/action,new grouping data node,,leaf,,,
26.2.1,26.1.1,Other,Cisco-IOS-XE-ngfw-events.yang,grouping content,ngfw-ips-alert,,/sid,new grouping data node,,leaf,,,
26.2.1,26.1.1,Other,Cisco-IOS-XE-ngfw-events.yang,grouping content,ngfw-ips-alert,,/gid,new grouping data node,,leaf,,,
26.2.1,26.1.1,Other,Cisco-IOS-XE-ngfw-events.yang,grouping content,ngfw-ips-alert,,/rev,new grouping data node,,leaf,,,
26.2.1,26.1.1,Other,Cisco-IOS-XE-ngfw-events.yang,grouping content,ngfw-ips-alert,,/class,new grouping data node,,leaf,,,
26.2.1,26.1.1,Other,Cisco-IOS-XE-ngfw-events.yang,grouping content,ngfw-ips-alert,,/msg,new grouping data node,,leaf,,,
26.2.1,26.1.1,Other,Cisco-IOS-XE-ngfw-events.yang,grouping content,ngfw-ips-alert,,/priority,new grouping data node,,leaf,,,
26.2.1,26.1.1,Other,Cisco-IOS-XE-ngfw-events.yang,grouping content,ngfw-ips-alert,,/src-ip,new grouping data node,,leaf,,,
26.2.1,26.1.1,Other,Cisco-IOS-XE-ngfw-events.yang,grouping content,ngfw-ips-alert,,/dst-ip,new grouping data node,,leaf,,,
26.2.1,26.1.1,Other,Cisco-IOS-XE-ngfw-events.yang,grouping content,ngfw-ips-alert,,/src-port,new grouping data node,,leaf,,,
26.2.1,26.1.1,Other,Cisco-IOS-XE-ngfw-events.yang,grouping content,ngfw-ips-alert,,/dst-port,new grouping data node,,leaf,,,
26.2.1,26.1.1,Other,Cisco-IOS-XE-ngfw-events.yang,grouping content,ngfw-ips-alert,,/proto,new grouping data node,,leaf,,,
26.2.1,26.1.1,Other,Cisco-IOS-XE-ngfw-events.yang,grouping content,ngfw-ips-alert,,/policy-name,new grouping data node,,leaf,,,
26.2.1,26.1.1,Other,Cisco-IOS-XE-ngfw-events.yang,grouping content,ngfw-ips-alert,,/src-user,new grouping data node,,leaf,,,
26.2.1,26.1.1,Other,Cisco-IOS-XE-ngfw-events.yang,grouping content,ngfw-ips-alert,,/dst-user,new grouping data node,,leaf,,,
26.2.1,26.1.1,Other,Cisco-IOS-XE-ngfw-events.yang,grouping content,ngfw-update,,/severity-level,new grouping data node,,leaf,,,
26.2.1,26.1.1,Other,Cisco-IOS-XE-ngfw-events.yang,grouping content,ngfw-update,,/host-name,new grouping data node,,leaf,,,
26.2.1,26.1.1,Other,Cisco-IOS-XE-ngfw-events.yang,grouping content,ngfw-update,,/system-ip,new grouping data node,,leaf,,,
26.2.1,26.1.1,Other,Cisco-IOS-XE-ngfw-events.yang,grouping content,ngfw-update,,/type,new grouping data node,,leaf,,,
26.2.1,26.1.1,Other,Cisco-IOS-XE-ngfw-events.yang,grouping content,ngfw-update,,/timestamp,new grouping data node,,leaf,,,
26.2.1,26.1.1,Other,Cisco-IOS-XE-ngfw-events.yang,grouping content,ngfw-update,,/version,new grouping data node,,leaf,,,
26.2.1,26.1.1,Other,Cisco-IOS-XE-ngfw-events.yang,grouping content,ngfw-update,,/update-status,new grouping data node,,leaf,,,
26.2.1,26.1.1,Other,Cisco-IOS-XE-ngfw-events.yang,grouping content,ngfw-update,,/reason,new grouping data node,,leaf,,,
26.2.1,26.1.1,Other,Cisco-IOS-XE-ngfw-events.yang,grouping content,ngfw-ver-notif,,/severity-level,new grouping data node,,leaf,,,
26.2.1,26.1.1,Other,Cisco-IOS-XE-ngfw-events.yang,grouping content,ngfw-ver-notif,,/host-name,new grouping data node,,leaf,,,
26.2.1,26.1.1,Other,Cisco-IOS-XE-ngfw-events.yang,grouping content,ngfw-ver-notif,,/system-ip,new grouping data node,,leaf,,,
26.2.1,26.1.1,Other,Cisco-IOS-XE-ngfw-events.yang,grouping content,ngfw-ver-notif,,/supported-regex,new grouping data node,,leaf,,,
26.2.1,26.1.1,Other,Cisco-IOS-XE-ngfw-events.yang,grouping content,ngfw-ver-notif,,/current-ver,new grouping data node,,leaf,,,
26.2.1,26.1.1,Other,Cisco-IOS-XE-ngfw-events.yang,grouping content,ngfw-ver-notif,,/supported,new grouping data node,,leaf,,,
26.2.1,26.1.1,Oper,Cisco-IOS-XE-ntp-oper.yang,grouping content,ntp-container-data,,/offset,property changed,leaf,leaf,units,[],"[""milliseconds""]"
26.2.1,26.1.1,Oper,Cisco-IOS-XE-ntp-oper.yang,grouping content,ntp-container-data,,/root-disp,property changed,leaf,leaf,units,[],"[""seconds""]"
26.2.1,26.1.1,Oper,Cisco-IOS-XE-nwpi-oper.yang,grouping content,nwpi-domain-res,,/ttl,property changed,leaf,leaf,units,[],"[""seconds""]"
26.2.1,26.1.1,Oper,Cisco-IOS-XE-nwpi-oper.yang,grouping content,nwpi-flow-adv-stats,,/frag-octets,property changed,leaf,leaf,units,[],"[""octets""]"
26.2.1,26.1.1,Oper,Cisco-IOS-XE-nwpi-oper.yang,grouping content,nwpi-flow-adv-stats,,/punt-octets,property changed,leaf,leaf,units,[],"[""octets""]"
26.2.1,26.1.1,Oper,Cisco-IOS-XE-nwpi-oper.yang,grouping content,nwpi-flow-adv-stats,,/recycle-octets,property changed,leaf,leaf,units,[],"[""octets""]"
26.2.1,26.1.1,Oper,Cisco-IOS-XE-nwpi-oper.yang,grouping content,nwpi-flow-adv-stats,,/repl-octets,property changed,leaf,leaf,units,[],"[""octets""]"
26.2.1,26.1.1,Oper,Cisco-IOS-XE-nwpi-oper.yang,grouping content,nwpi-flow-base-stats,,/drop-octets,property changed,leaf,leaf,units,[],"[""octets""]"
26.2.1,26.1.1,Oper,Cisco-IOS-XE-nwpi-oper.yang,grouping content,nwpi-flow-base-stats,,/total-octets,property changed,leaf,leaf,units,[],"[""octets""]"
26.2.1,26.1.1,Oper,Cisco-IOS-XE-nwpi-oper.yang,grouping content,nwpi-qos-mon,,/delta-bytes,property changed,leaf,leaf,units,[],"[""bytes""]"
26.2.1,26.1.1,Other,Cisco-IOS-XE-nwpi-types.yang,grouping content,nwpi-pcap-replay,,/src-pfx-len,property changed,leaf,leaf,units,[],"[""bits""]"
26.2.1,26.1.1,Other,Cisco-IOS-XE-nwpi-types.yang,grouping content,nwpi-pcap-replay,,/tgt-pfx-len,property changed,leaf,leaf,units,[],"[""bits""]"
26.2.1,26.1.1,Oper,Cisco-IOS-XE-ospf-oper.yang,grouping content,lsa-header,,/age,property changed,leaf,leaf,units,[],"[""seconds""]"
26.2.1,26.1.1,Oper,Cisco-IOS-XE-ospf-oper.yang,grouping content,lsa-header,,/length,property changed,leaf,leaf,units,[],"[""bytes""]"
26.2.1,26.1.1,Oper,Cisco-IOS-XE-ospf-oper.yang,grouping content,ospf-interface,,/hello-timer,property changed,leaf,leaf,units,[],"[""seconds""]"
26.2.1,26.1.1,Oper,Cisco-IOS-XE-ospf-oper.yang,grouping content,ospf-interface,,/wait-timer,property changed,leaf,leaf,units,[],"[""seconds""]"
26.2.1,26.1.1,Oper,Cisco-IOS-XE-ospf-oper.yang,grouping content,ospfv2-header,,/age,property changed,leaf,leaf,units,[],"[""seconds""]"
26.2.1,26.1.1,Oper,Cisco-IOS-XE-ospf-oper.yang,grouping content,ospfv2-header,,/length,property changed,leaf,leaf,units,[],"[""bytes""]"
26.2.1,26.1.1,Oper,Cisco-IOS-XE-ospf-oper.yang,grouping content,ospfv2-interface,,/transmit-delay,property changed,leaf,leaf,units,[],"[""seconds""]"
26.2.1,26.1.1,Oper,Cisco-IOS-XE-ospf-oper.yang,grouping content,ospfv2-interface,,/wait-timer,property changed,leaf,leaf,units,[],"[""seconds""]"
26.2.1,26.1.1,Oper,Cisco-IOS-XE-ospf-oper.yang,grouping content,ospfv2-link-tlv,,/max-bandwidth,property changed,leaf,leaf,units,[],"[""bytes per second""]"
26.2.1,26.1.1,Oper,Cisco-IOS-XE-ospf-oper.yang,grouping content,ospfv2-link-tlv,,/max-reservable-bandwidth,property changed,leaf,leaf,units,[],"[""bytes per second""]"
26.2.1,26.1.1,Oper,Cisco-IOS-XE-ospf-oper.yang,grouping content,ospfv2-link-tlv,,/unreserved-bandwidth,property changed,leaf,leaf,units,[],"[""bytes per second""]"
26.2.1,26.1.1,Config,Cisco-IOS-XE-ospf.yang,grouping content,config-ospf-interface-process-id-igrouping,,/process-id/id,property changed,leaf,leaf,must,"[""(not (../../../../../ios:vrf/ios:forwarding) and  /ios:native/ios:router/ios-ospf:router-ospf/ios-ospf:ospf/ios-ospf:process-id[ios-ospf:id=current()]) or ((../../../../../ios:vrf/ios:forwarding) and  (/ios:native/ios:router/ios-ospf:router-ospf/ios-ospf:ospf/ios-ospf:process-id-vrf[ios-ospf:id=current()]/ios-ospf:vrf=(../../../../../ios:vrf/ios:forwarding))) or (not (../../../../ios:vrf/ios:forwarding) and  /ios:native/ios:router/ios-ospf:router-ospf/ios-ospf:ospf/ios-ospf:process-id[ios-ospf:id=current()]) or ((../../../../ios:vrf/ios:forwarding) and  (/ios:native/ios:router/ios-ospf:router-ospf/ios-ospf:ospf/ios-ospf:process-id-vrf[ios-ospf:id=current()]/ios-ospf:vrf=(../../../../ios:vrf/ios:forwarding)))""]","[""(not (../../../../../ios:vrf/ios:forwarding) and  /ios:native/ios:router/ios-ospf:router-ospf/ios-ospf:ospf/ios-ospf:process-id[ios-ospf:id=current()]) or ((../../../../../ios:vrf/ios:forwarding) and  (/ios:native/ios:router/ios-ospf:router-ospf/ios-ospf:ospf/ios-ospf:process-id-vrf[ios-ospf:id=current()]/ios-ospf:vrf=(../../../../../ios:vrf/ios:forwarding))) or (not (../../../../ios:vrf/ios:forwarding/ios:word) and  /ios:native/ios:router/ios-ospf:router-ospf/ios-ospf:ospf/ios-ospf:process-id[ios-ospf:id=current()]) or ((../../../../ios:vrf/ios:forwarding/ios:word) and  (/ios:native/ios:router/ios-ospf:router-ospf/ios-ospf:ospf/ios-ospf:process-id-vrf[ios-ospf:id=current()]/ios-ospf:vrf=(../../../../ios:vrf/ios:forwarding/ios:word)))""]"
26.2.1,26.1.1,Config,Cisco-IOS-XE-ospfv3.yang,grouping content,config-interface-ospfv3-grouping,,/ospfv3/process-id/id,property changed,leaf,leaf,must,"[""( (/ios:native/ios:router/ios-ospfv3:ospfv3[ios-ospfv3:id=current()]/ios-ospfv3:address-family/ios-ospfv3:ipv4/ios-ospfv3:unicast or /ios:native/ios:router/ios-ospfv3:ospfv3[ios-ospfv3:id=current()]/ios-ospfv3:address-family/ios-ospfv3:ipv4/ios-ospfv3:vrf) and ../ipv4/area) or not(../ipv4/area) "", ""( (/ios:native/ios:router/ios-ospfv3:ospfv3[ios-ospfv3:id=current()]/ios-ospfv3:address-family/ios-ospfv3:ipv6/ios-ospfv3:unicast or /ios:native/ios:router/ios-ospfv3:ospfv3[ios-ospfv3:id=current()]/ios-ospfv3:address-family/ios-ospfv3:ipv6/ios-ospfv3:vrf) and ../ipv6/area) or not(../ipv6/area) ""]","[""(((not (../../../ios:vrf/ios:forwarding) and  /ios:native/ios:router/ios-ospfv3:ospfv3[ios-ospfv3:id=current()]/ios-ospfv3:address-family/ios-ospfv3:ipv4/ios-ospfv3:unicast) or ((../../../ios:vrf/ios:forwarding) and  (/ios:native/ios:router/ios-ospfv3:ospfv3[ios-ospfv3:id=current()]/ios-ospfv3:address-family/ios-ospfv3:ipv4/ios-ospfv3:vrf[ios-ospfv3:vrf=(current()/../../../ios:vrf/ios:forwarding)]))) and ../ipv4/area) or not(../ipv4/area) "", ""(((not (../../../ios:vrf/ios:forwarding) and  /ios:native/ios:router/ios-ospfv3:ospfv3[ios-ospfv3:id=current()]/ios-ospfv3:address-family/ios-ospfv3:ipv6/ios-ospfv3:unicast) or ((../../../ios:vrf/ios:forwarding) and  (/ios:native/ios:router/ios-ospfv3:ospfv3[ios-ospfv3:id=current()]/ios-ospfv3:address-family/ios-ospfv3:ipv6/ios-ospfv3:vrf[ios-ospfv3:vrf=(current()/../../../ios:vrf/ios:forwarding)]))) and ../ipv6/area) or not(../ipv6/area) ""]"
26.2.1,26.1.1,Oper,Cisco-IOS-XE-perf-measure-oper.yang,grouping content,metric,,/avg,property changed,leaf,leaf,units,[],"[""microseconds""]"
26.2.1,26.1.1,Oper,Cisco-IOS-XE-perf-measure-oper.yang,grouping content,metric,,/max,property changed,leaf,leaf,units,[],"[""microseconds""]"
26.2.1,26.1.1,Oper,Cisco-IOS-XE-perf-measure-oper.yang,grouping content,metric,,/min,property changed,leaf,leaf,units,[],"[""microseconds""]"
26.2.1,26.1.1,Oper,Cisco-IOS-XE-perf-measure-oper.yang,grouping content,metric,,/var,property changed,leaf,leaf,units,[],"[""microseconds""]"
26.2.1,26.1.1,Oper,Cisco-IOS-XE-platform-software-oper.yang,grouping content,core,,/idle,property changed,leaf,leaf,units,[],"[""percent""]"
26.2.1,26.1.1,Oper,Cisco-IOS-XE-platform-software-oper.yang,grouping content,core,,/io-wait,property changed,leaf,leaf,units,[],"[""percent""]"
26.2.1,26.1.1,Config,Cisco-IOS-XE-platform.yang,grouping content,config-platform-grouping,,/ipreass/threshold,added data node,,container,,,
26.2.1,26.1.1,Config,Cisco-IOS-XE-platform.yang,grouping content,config-platform-grouping,,/ipreass/threshold/ipv4,added data node,,leaf,,,
26.2.1,26.1.1,Config,Cisco-IOS-XE-platform.yang,grouping content,config-platform-grouping,,/ipreass/threshold/ipv6,added data node,,leaf,,,
26.2.1,26.1.1,Config,Cisco-IOS-XE-platform.yang,grouping content,config-platform-grouping,,/security/audit,added data node,,container,,,
26.2.1,26.1.1,Config,Cisco-IOS-XE-platform.yang,grouping content,config-platform-grouping,,/security/audit/monitor,added data node,,container,,,
26.2.1,26.1.1,Config,Cisco-IOS-XE-platform.yang,grouping content,config-platform-grouping,,/security/audit/monitor/dns-client-files,added data node,,leaf,,,
26.2.1,26.1.1,Config,Cisco-IOS-XE-platform.yang,grouping content,config-platform-grouping,,/security/audit/monitor/guestshell,added data node,,leaf,,,
26.2.1,26.1.1,Config,Cisco-IOS-XE-platform.yang,grouping content,config-platform-grouping,,/security/audit/monitor/kernel-module-mgmt,added data node,,leaf,,,
26.2.1,26.1.1,Config,Cisco-IOS-XE-platform.yang,grouping content,config-platform-grouping,,/security/audit/monitor/system-software,added data node,,leaf,,,
26.2.1,26.1.1,Config,Cisco-IOS-XE-platform.yang,grouping content,config-platform-grouping,,/security/audit/monitor/user-group-config-files,added data node,,leaf,,,
26.2.1,26.1.1,Config,Cisco-IOS-XE-platform.yang,grouping content,config-platform-grouping,,/security/audit/monitor/user-privilege-mgmt,added data node,,leaf,,,
26.2.1,26.1.1,Oper,Cisco-IOS-XE-poe-health-oper.yang,grouping content,pair-info,,/consumed-power,property changed,leaf,leaf,units,[],"[""Watts""]"
26.2.1,26.1.1,Oper,Cisco-IOS-XE-poe-health-oper.yang,grouping content,pair-info,,/high-power,property changed,leaf,leaf,units,[],"[""Watts""]"
26.2.1,26.1.1,Oper,Cisco-IOS-XE-poe-health-oper.yang,grouping content,pair-info,,/pcut-icut,property changed,leaf,leaf,units,[],"[""Watts""]"
26.2.1,26.1.1,Oper,Cisco-IOS-XE-poe-health-oper.yang,grouping content,poe-meta,,/max-current,property changed,leaf,leaf,units,[],"[""milliAmper""]"
26.2.1,26.1.1,Oper,Cisco-IOS-XE-poe-health-oper.yang,grouping content,poe-meta,,/min-current,property changed,leaf,leaf,units,[],"[""milliAmper""]"
26.2.1,26.1.1,Oper,Cisco-IOS-XE-poe-health-oper.yang,grouping content,poe-meta,,/police-cfg,property changed,leaf,leaf,units,[],"[""Watts""]"
26.2.1,26.1.1,Oper,Cisco-IOS-XE-poe-health-oper.yang,grouping content,port-health,,/four-pair-pcut,property changed,leaf,leaf,units,[],"[""Watts""]"
26.2.1,26.1.1,Oper,Cisco-IOS-XE-poe-health-oper.yang,grouping content,port-health,,/poe-meta-data,property changed,container,container,status,[],"[""obsolete""]"
26.2.1,26.1.1,Oper,Cisco-IOS-XE-poe-health-oper.yang,grouping content,port-health,,/port-voltage,property changed,leaf,leaf,units,[],"[""volts""]"
26.2.1,26.1.1,Oper,Cisco-IOS-XE-poe-health-oper.yang,grouping content,port-health,,/time-sec,property changed,leaf,leaf,units,[],"[""seconds""]"
26.2.1,26.1.1,Oper,Cisco-IOS-XE-poe-health-oper.yang,grouping content,port-health,,/time-usec,property changed,leaf,leaf,units,[],"[""microseconds""]"
26.2.1,26.1.1,Oper,Cisco-IOS-XE-poe-oper.yang,grouping content,lldp-pwr-via-mdi-tlv,,/length,property changed,leaf,leaf,units,[],"[""bytes""]"
26.2.1,26.1.1,Oper,Cisco-IOS-XE-poe-oper.yang,grouping content,lldp-pwr-via-mdi-tlv,,/pse-max-available-power,property changed,leaf,leaf,units,[],"[""Watts""]"
26.2.1,26.1.1,Oper,Cisco-IOS-XE-poe-oper.yang,grouping content,poe-data-ethernet,,/power-used,property changed,leaf,leaf,units,[],"[""Watts""]"
26.2.1,26.1.1,Oper,Cisco-IOS-XE-poe-oper.yang,grouping content,poe-ethernet,,/oper-power,property changed,leaf,leaf,units,[],"[""Watts""]"
26.2.1,26.1.1,Oper,Cisco-IOS-XE-poe-oper.yang,grouping content,poe-ethernet,,/power-used,property changed,leaf,leaf,units,[],"[""Watts""]"
26.2.1,26.1.1,Config,Cisco-IOS-XE-policy.yang,grouping content,config-parameter-map-type-inspect-global-grouping,,/inspect-global/log/flow-export/v9/udp/fqdn-config,added data node,,list,,,
26.2.1,26.1.1,Config,Cisco-IOS-XE-policy.yang,grouping content,config-parameter-map-type-inspect-global-grouping,,/inspect-global/log/flow-export/v9/udp/fqdn-config/dst-fqdn,added data node,,leaf,,,
26.2.1,26.1.1,Config,Cisco-IOS-XE-policy.yang,grouping content,config-parameter-map-type-inspect-global-grouping,,/inspect-global/log/flow-export/v9/udp/fqdn-config/dst-port,added data node,,leaf,,,
26.2.1,26.1.1,Config,Cisco-IOS-XE-policy.yang,grouping content,config-parameter-map-type-inspect-global-grouping,,/inspect-global/log/flow-export/v9/udp/fqdn-config/source,added data node,,leaf,,,
26.2.1,26.1.1,Config,Cisco-IOS-XE-policy.yang,grouping content,config-parameter-map-type-inspect-global-grouping,,/inspect-global/log/flow-export/v9/udp/fqdn-vrf,added data node,,container,,,
26.2.1,26.1.1,Config,Cisco-IOS-XE-policy.yang,grouping content,config-parameter-map-type-inspect-global-grouping,,/inspect-global/log/flow-export/v9/udp/fqdn-vrf/fqdn,added data node,,list,,,
26.2.1,26.1.1,Config,Cisco-IOS-XE-policy.yang,grouping content,config-parameter-map-type-inspect-global-grouping,,/inspect-global/log/flow-export/v9/udp/fqdn-vrf/fqdn/dst-fqdn,added data node,,leaf,,,
26.2.1,26.1.1,Config,Cisco-IOS-XE-policy.yang,grouping content,config-parameter-map-type-inspect-global-grouping,,/inspect-global/log/flow-export/v9/udp/fqdn-vrf/fqdn/dst-port,added data node,,leaf,,,
26.2.1,26.1.1,Config,Cisco-IOS-XE-policy.yang,grouping content,config-parameter-map-type-inspect-global-grouping,,/inspect-global/log/flow-export/v9/udp/fqdn-vrf/fqdn/source,added data node,,leaf,,,
26.2.1,26.1.1,Config,Cisco-IOS-XE-policy.yang,grouping content,config-parameter-map-type-inspect-global-grouping,,/inspect-global/log/flow-export/v9/udp/fqdn-vrf/fqdn/vrf,added data node,,leaf,,,
26.2.1,26.1.1,Config,Cisco-IOS-XE-policy.yang,grouping content,config-parameter-map-type-inspect-global-grouping,,/inspect-global/log,property changed,container,container,must,"[""(count(/ios:native/ios:parameter-map/ios:type/ios-policy:inspect-global/ios-policy:log/ios-policy:flow-export/ios-policy:v9/ios-policy:udp/ios-policy:destination-config) + count(/ios:native/ios:parameter-map/ios:type/ios-policy:inspect-global/ios-policy:log/ios-policy:flow-export/ios-policy:v9/ios-policy:udp/ios-policy:destination-vrf/ios-policy:destination) + count(/ios:native/ios:parameter-map/ios:type/ios-policy:inspect-global/ios-policy:log/ios-policy:flow-export/ios-policy:v9/ios-policy:udp/ios-policy:ipv6-destination-config) + count(/ios:native/ios:parameter-map/ios:type/ios-policy:inspect-global/ios-policy:log/ios-policy:flow-export/ios-policy:v9/ios-policy:udp/ios-policy:ipv6-destination-vrf/ios-policy:ipv6-destination)) <= 4""]","[""(count(/ios:native/ios:parameter-map/ios:type/ios-policy:inspect-global/ios-policy:log/ios-policy:flow-export/ios-policy:v9/ios-policy:udp/ios-policy:destination-config) + count(/ios:native/ios:parameter-map/ios:type/ios-policy:inspect-global/ios-policy:log/ios-policy:flow-export/ios-policy:v9/ios-policy:udp/ios-policy:destination-vrf/ios-policy:destination) + count(/ios:native/ios:parameter-map/ios:type/ios-policy:inspect-global/ios-policy:log/ios-policy:flow-export/ios-policy:v9/ios-policy:udp/ios-policy:ipv6-destination-config) + count(/ios:native/ios:parameter-map/ios:type/ios-policy:inspect-global/ios-policy:log/ios-policy:flow-export/ios-policy:v9/ios-policy:udp/ios-policy:ipv6-destination-vrf/ios-policy:ipv6-destination) + count(/ios:native/ios:parameter-map/ios:type/ios-policy:inspect-global/ios-policy:log/ios-policy:flow-export/ios-policy:v9/ios-policy:udp/ios-policy:fqdn-config) + count(/ios:native/ios:parameter-map/ios:type/ios-policy:inspect-global/ios-policy:log/ios-policy:flow-export/ios-policy:v9/ios-policy:udp/ios-policy:fqdn-vrf/ios-policy:fqdn)) <= 4""]"
26.2.1,26.1.1,Config,Cisco-IOS-XE-policy.yang,grouping content,police-action-table-v2-grouping,,/table-container-v2,new grouping data node,,container,,,
26.2.1,26.1.1,Config,Cisco-IOS-XE-policy.yang,grouping content,police-action-table-v2-grouping,,/table-container-v2/table,new grouping data node,,leaf,,,
26.2.1,26.1.1,Config,Cisco-IOS-XE-policy.yang,grouping content,police-exceed-action-grouping,,/exceed-set-dscp-transmit-table/exceed-action/uses::police-action-table-v2-grouping,added uses reference,,uses,uses,,police-action-table-v2-grouping
26.2.1,26.1.1,Config,Cisco-IOS-XE-policy.yang,grouping content,police-exceed-action-grouping,,/exceed-set-dscp-transmit-table/exceed-action/table-container,property changed,container,container,status,[],"[""deprecated""]"
26.2.1,26.1.1,Config,Cisco-IOS-XE-policy.yang,grouping content,police-exceed-action-grouping,,/exceed-set-dscp-transmit-table/exceed-action/table-container/table,property changed,leaf,leaf,status,[],"[""deprecated""]"
26.2.1,26.1.1,RPC,Cisco-IOS-XE-port-bounce-rpc.yang,grouping content,port-bounce,,/if-name,property changed,leaf,leaf,type,"[""string {pattern (((((Ten|Forty|Two|Five|Four|App|Fifty)?Gigabit)|Fast)?Ethernet(0|[1-9][0-9]*)(/(0|[1-9][0-9]*))*)|(((TwentyFive|Hundred|TwoHundred)GigE)(0|[1-9][0-9]*)(/(0|[1-9][0-9]*))*))}""]","[""string {length 1..34; pattern (((((Ten|Forty|Two|Five|Four|App|Fifty)?Gigabit)|Fast)?Ethernet(0|[1-9][0-9]*)(/(0|[1-9][0-9]*))*)|(((TwentyFive|Fifty|Hundred|TwoHundred|FourHundred)GigE)(0|[1-9][0-9]*)(/(0|[1-9][0-9]*))*))}""]"
26.2.1,26.1.1,Config,Cisco-IOS-XE-power.yang,grouping content,config-power-grouping,,/power/inline/two-event,added data node,,leaf,,,
26.2.1,26.1.1,Config,Cisco-IOS-XE-power.yang,grouping content,config-power-grouping,,/power/inline,property changed,container,container,presence,"[""true""]",[]
26.2.1,26.1.1,Oper,Cisco-IOS-XE-process-memory-oper.yang,grouping content,process-memory-usage,,/get-buffers,property changed,leaf,leaf,units,[],"[""bytes""]"
26.2.1,26.1.1,Oper,Cisco-IOS-XE-process-memory-oper.yang,grouping content,process-memory-usage,,/ret-buffers,property changed,leaf,leaf,units,[],"[""bytes""]"
26.2.1,26.1.1,Config,Cisco-IOS-XE-prp.yang,grouping content,config-prp-grouping,,/prp/logging-interval,added data node,,leaf,,,
26.2.1,26.1.1,Oper,Cisco-IOS-XE-qfp-appqoe-dp-oper.yang,grouping content,appnav-snstats,,/no-fo-drop-octets,property changed,leaf,leaf,units,[],"[""bytes""]"
26.2.1,26.1.1,Oper,Cisco-IOS-XE-qfp-appqoe-dp-oper.yang,grouping content,sdvt-pkt-stats-entry,,/sdvt-no-action-cnt-octets,property changed,leaf,leaf,units,[],"[""bytes""]"
26.2.1,26.1.1,Oper,Cisco-IOS-XE-qfp-appqoe-dp-oper.yang,grouping content,sdvt-pkt-stats-entry,,/sdvt-pkts-drop-octets,property changed,leaf,leaf,units,[],"[""bytes""]"
26.2.1,26.1.1,Oper,Cisco-IOS-XE-qfp-appqoe-dp-oper.yang,grouping content,sdvt-pkt-stats-entry,,/sdvt-reinject-cnt-octets,property changed,leaf,leaf,units,[],"[""bytes""]"
26.2.1,26.1.1,Oper,Cisco-IOS-XE-qfp-appqoe-dp-oper.yang,grouping content,sdvt-pkt-stats-entry,,/sdvt-unknown-act-cnt-oct,property changed,leaf,leaf,units,[],"[""bytes""]"
26.2.1,26.1.1,Oper,Cisco-IOS-XE-qfp-dp-cmn-stats-oper.yang,grouping content,gw-dp-global-punt-stats,,/sisf-pkt-type-dhcp6-relay,added data node,,leaf,,,
26.2.1,26.1.1,Oper,Cisco-IOS-XE-qfp-stats-oper.yang,grouping content,datapath-qfp-stats,,/appnav-acgreloaddelay-octets,property changed,leaf,leaf,units,[],"[""octets""]"
26.2.1,26.1.1,Oper,Cisco-IOS-XE-qfp-stats-oper.yang,grouping content,datapath-qfp-stats,,/appnav-badroute-octets,property changed,leaf,leaf,units,[],"[""octets""]"
26.2.1,26.1.1,Oper,Cisco-IOS-XE-qfp-stats-oper.yang,grouping content,datapath-qfp-stats,,/appnav-internal-err-octets,property changed,leaf,leaf,units,[],"[""octets""]"
26.2.1,26.1.1,Oper,Cisco-IOS-XE-qfp-stats-oper.yang,grouping content,datapath-qfp-stats,,/appnav-inv-flow-state-octets,property changed,leaf,leaf,units,[],"[""octets""]"
26.2.1,26.1.1,Oper,Cisco-IOS-XE-qfp-stats-oper.yang,grouping content,datapath-qfp-stats,,/appnav-nosvcctx-octets,property changed,leaf,leaf,units,[],"[""octets""]"
26.2.1,26.1.1,Oper,Cisco-IOS-XE-qfp-stats-oper.yang,grouping content,datapath-qfp-stats,,/appnav-notunnel-octets,property changed,leaf,leaf,units,[],"[""octets""]"
26.2.1,26.1.1,Oper,Cisco-IOS-XE-qfp-stats-oper.yang,grouping content,datapath-qfp-stats,,/appnav-sn-pkt-invalid-octets,property changed,leaf,leaf,units,[],"[""octets""]"
26.2.1,26.1.1,Oper,Cisco-IOS-XE-qfp-stats-oper.yang,grouping content,datapath-qfp-stats,,/appnav-unexpected-pkt-octets,property changed,leaf,leaf,units,[],"[""octets""]"
26.2.1,26.1.1,Oper,Cisco-IOS-XE-qfp-stats-oper.yang,grouping content,datapath-qfp-stats,,/ar-fnf-clnup-octets,property changed,leaf,leaf,units,[],"[""octets""]"
26.2.1,26.1.1,Oper,Cisco-IOS-XE-qfp-stats-oper.yang,grouping content,datapath-qfp-stats,,/ar-rx-octets,property changed,leaf,leaf,units,[],"[""octets""]"
26.2.1,26.1.1,Oper,Cisco-IOS-XE-qfp-stats-oper.yang,grouping content,datapath-qfp-stats,,/ar-standby-octets,property changed,leaf,leaf,units,[],"[""octets""]"
26.2.1,26.1.1,Oper,Cisco-IOS-XE-qfp-stats-oper.yang,grouping content,datapath-qfp-stats,,/ar-tx-octets,property changed,leaf,leaf,units,[],"[""octets""]"
26.2.1,26.1.1,Oper,Cisco-IOS-XE-qfp-stats-oper.yang,grouping content,datapath-qfp-stats,,/attn-invalid-spid-octets,property changed,leaf,leaf,units,[],"[""octets""]"
26.2.1,26.1.1,Oper,Cisco-IOS-XE-qfp-stats-oper.yang,grouping content,datapath-qfp-stats,,/bad-adj-octets,property changed,leaf,leaf,units,[],"[""octets""]"
26.2.1,26.1.1,Oper,Cisco-IOS-XE-qfp-stats-oper.yang,grouping content,datapath-qfp-stats,,/bad-coff-buffer-octets,property changed,leaf,leaf,units,[],"[""octets""]"
26.2.1,26.1.1,Oper,Cisco-IOS-XE-qfp-stats-oper.yang,grouping content,datapath-qfp-stats,,/bad-dist-fifo-octets,property changed,leaf,leaf,units,[],"[""octets""]"
26.2.1,26.1.1,Oper,Cisco-IOS-XE-qfp-stats-oper.yang,grouping content,datapath-qfp-stats,,/bad-ip-checksum-octets,property changed,leaf,leaf,units,[],"[""octets""]"
26.2.1,26.1.1,Oper,Cisco-IOS-XE-qfp-stats-oper.yang,grouping content,datapath-qfp-stats,,/bad-len-octets,property changed,leaf,leaf,units,[],"[""octets""]"
26.2.1,26.1.1,Oper,Cisco-IOS-XE-qfp-stats-oper.yang,grouping content,datapath-qfp-stats,,/bad-uidb-idx-octets,property changed,leaf,leaf,units,[],"[""octets""]"
26.2.1,26.1.1,Oper,Cisco-IOS-XE-qfp-stats-oper.yang,grouping content,datapath-qfp-stats,,/bad-uidb-sub-idx-octets,property changed,leaf,leaf,units,[],"[""octets""]"
26.2.1,26.1.1,Oper,Cisco-IOS-XE-qfp-stats-oper.yang,grouping content,datapath-qfp-stats,,/bad-us-jib-hdr-octets,property changed,leaf,leaf,units,[],"[""octets""]"
26.2.1,26.1.1,Oper,Cisco-IOS-XE-qfp-stats-oper.yang,grouping content,datapath-qfp-stats,,/bfd-octets,property changed,leaf,leaf,units,[],"[""octets""]"
26.2.1,26.1.1,Oper,Cisco-IOS-XE-qfp-stats-oper.yang,grouping content,datapath-qfp-stats,,/bier-invalid-replica-record-octets,property changed,leaf,leaf,units,[],"[""octets""]"
26.2.1,26.1.1,Oper,Cisco-IOS-XE-qfp-stats-oper.yang,grouping content,datapath-qfp-stats,,/bier-snaity-octets,property changed,leaf,leaf,units,[],"[""octets""]"
26.2.1,26.1.1,Oper,Cisco-IOS-XE-qfp-stats-oper.yang,grouping content,datapath-qfp-stats,,/bqs-oor-octets,property changed,leaf,leaf,units,[],"[""octets""]"
26.2.1,26.1.1,Oper,Cisco-IOS-XE-qfp-stats-oper.yang,grouping content,datapath-qfp-stats,,/bqs-oor-pak-pri-octets,property changed,leaf,leaf,units,[],"[""octets""]"
26.2.1,26.1.1,Oper,Cisco-IOS-XE-qfp-stats-oper.yang,grouping content,datapath-qfp-stats,,/bqs-oor-pri-octets,property changed,leaf,leaf,units,[],"[""octets""]"
26.2.1,26.1.1,Oper,Cisco-IOS-XE-qfp-stats-oper.yang,grouping content,datapath-qfp-stats,,/bqs-oor-vital-octets,property changed,leaf,leaf,units,[],"[""octets""]"
26.2.1,26.1.1,Oper,Cisco-IOS-XE-qfp-stats-oper.yang,grouping content,datapath-qfp-stats,,/bundle-oce-octets,property changed,leaf,leaf,units,[],"[""octets""]"
26.2.1,26.1.1,Oper,Cisco-IOS-XE-qfp-stats-oper.yang,grouping content,datapath-qfp-stats,,/cable-arp-autoreply-octets,property changed,leaf,leaf,units,[],"[""octets""]"
26.2.1,26.1.1,Oper,Cisco-IOS-XE-qfp-stats-oper.yang,grouping content,datapath-qfp-stats,,/cable-dhcp-bad-len-octets,property changed,leaf,leaf,units,[],"[""octets""]"
26.2.1,26.1.1,Oper,Cisco-IOS-XE-qfp-stats-oper.yang,grouping content,datapath-qfp-stats,,/cable-lc2sup-punt-octets,property changed,leaf,leaf,units,[],"[""octets""]"
26.2.1,26.1.1,Oper,Cisco-IOS-XE-qfp-stats-oper.yang,grouping content,datapath-qfp-stats,,/cable-mc-invalid-replica-record-octets,property changed,leaf,leaf,units,[],"[""octets""]"
26.2.1,26.1.1,Oper,Cisco-IOS-XE-qfp-stats-oper.yang,grouping content,datapath-qfp-stats,,/cable-oob-us-pkt-invalid-octets,property changed,leaf,leaf,units,[],"[""octets""]"
26.2.1,26.1.1,Oper,Cisco-IOS-XE-qfp-stats-oper.yang,grouping content,datapath-qfp-stats,,/cable-oob-us-sess-invalid-octets,property changed,leaf,leaf,units,[],"[""octets""]"
26.2.1,26.1.1,Oper,Cisco-IOS-XE-qfp-stats-oper.yang,grouping content,datapath-qfp-stats,,/cable-oob-us-src-id-invalid-octets,property changed,leaf,leaf,units,[],"[""octets""]"
26.2.1,26.1.1,Oper,Cisco-IOS-XE-qfp-stats-oper.yang,grouping content,datapath-qfp-stats,,/cable-p2pl-oce-ptr-null-octets,property changed,leaf,leaf,units,[],"[""octets""]"
26.2.1,26.1.1,Oper,Cisco-IOS-XE-qfp-stats-oper.yang,grouping content,datapath-qfp-stats,,/cable-prereg-not-cm-octets,property changed,leaf,leaf,units,[],"[""octets""]"
26.2.1,26.1.1,Oper,Cisco-IOS-XE-qfp-stats-oper.yang,grouping content,datapath-qfp-stats,,/cable-prng-exp-octets,property changed,leaf,leaf,units,[],"[""octets""]"
26.2.1,26.1.1,Oper,Cisco-IOS-XE-qfp-stats-oper.yang,grouping content,datapath-qfp-stats,,/cable-recycle-queue-octets,property changed,leaf,leaf,units,[],"[""octets""]"
26.2.1,26.1.1,Oper,Cisco-IOS-XE-qfp-stats-oper.yang,grouping content,datapath-qfp-stats,,/capwap-err-octets,property changed,leaf,leaf,units,[],"[""octets""]"
26.2.1,26.1.1,Oper,Cisco-IOS-XE-qfp-stats-oper.yang,grouping content,datapath-qfp-stats,,/capwap-no-uidb-octets,property changed,leaf,leaf,units,[],"[""octets""]"
26.2.1,26.1.1,Oper,Cisco-IOS-XE-qfp-stats-oper.yang,grouping content,datapath-qfp-stats,,/capwap-reass-alloc-err-octets,property changed,leaf,leaf,units,[],"[""octets""]"
26.2.1,26.1.1,Oper,Cisco-IOS-XE-qfp-stats-oper.yang,grouping content,datapath-qfp-stats,,/capwap-reass-frag-consm-octets,property changed,leaf,leaf,units,[],"[""octets""]"
26.2.1,26.1.1,Oper,Cisco-IOS-XE-qfp-stats-oper.yang,grouping content,datapath-qfp-stats,,/capwap-reass-frag-err-octets,property changed,leaf,leaf,units,[],"[""octets""]"
26.2.1,26.1.1,Oper,Cisco-IOS-XE-qfp-stats-oper.yang,grouping content,datapath-qfp-stats,,/cbl-oob-add-hdr-fail-octets,property changed,leaf,leaf,units,[],"[""octets""]"
26.2.1,26.1.1,Oper,Cisco-IOS-XE-qfp-stats-oper.yang,grouping content,datapath-qfp-stats,,/cbl-oob-null-repl-info-octets,property changed,leaf,leaf,units,[],"[""octets""]"
26.2.1,26.1.1,Oper,Cisco-IOS-XE-qfp-stats-oper.yang,grouping content,datapath-qfp-stats,,/cbl-oob-null-repllist-octets,property changed,leaf,leaf,units,[],"[""octets""]"
26.2.1,26.1.1,Oper,Cisco-IOS-XE-qfp-stats-oper.yang,grouping content,datapath-qfp-stats,,/cbl-oob-recycle-tail-octets,property changed,leaf,leaf,units,[],"[""octets""]"
26.2.1,26.1.1,Oper,Cisco-IOS-XE-qfp-stats-oper.yang,grouping content,datapath-qfp-stats,,/cbl-oob-repl-end-octets,property changed,leaf,leaf,units,[],"[""octets""]"
26.2.1,26.1.1,Oper,Cisco-IOS-XE-qfp-stats-oper.yang,grouping content,datapath-qfp-stats,,/cbl-oob-repl-fail-octets,property changed,leaf,leaf,units,[],"[""octets""]"
26.2.1,26.1.1,Oper,Cisco-IOS-XE-qfp-stats-oper.yang,grouping content,datapath-qfp-stats,,/cbl-oob-repl-sess-invalid-octets,property changed,leaf,leaf,units,[],"[""octets""]"
26.2.1,26.1.1,Oper,Cisco-IOS-XE-qfp-stats-oper.yang,grouping content,datapath-qfp-stats,,/cbl-oob-repl-uidb-invalid-octets,property changed,leaf,leaf,units,[],"[""octets""]"
26.2.1,26.1.1,Oper,Cisco-IOS-XE-qfp-stats-oper.yang,grouping content,datapath-qfp-stats,,/cbl-rep-arl-drop-octets,property changed,leaf,leaf,units,[],"[""octets""]"
26.2.1,26.1.1,Oper,Cisco-IOS-XE-qfp-stats-oper.yang,grouping content,datapath-qfp-stats,,/cbl-req-arl-drop-octets,property changed,leaf,leaf,units,[],"[""octets""]"
26.2.1,26.1.1,Oper,Cisco-IOS-XE-qfp-stats-oper.yang,grouping content,datapath-qfp-stats,,/cbl-sid-exceed-octets,property changed,leaf,leaf,units,[],"[""octets""]"
26.2.1,26.1.1,Oper,Cisco-IOS-XE-qfp-stats-oper.yang,grouping content,datapath-qfp-stats,,/cblbf-fwdint-down-octets,property changed,leaf,leaf,units,[],"[""octets""]"
26.2.1,26.1.1,Oper,Cisco-IOS-XE-qfp-stats-oper.yang,grouping content,datapath-qfp-stats,,/cblbf-null-repllist-octets,property changed,leaf,leaf,units,[],"[""octets""]"
26.2.1,26.1.1,Oper,Cisco-IOS-XE-qfp-stats-oper.yang,grouping content,datapath-qfp-stats,,/cblbf-recycle-tail-octets,property changed,leaf,leaf,units,[],"[""octets""]"
26.2.1,26.1.1,Oper,Cisco-IOS-XE-qfp-stats-oper.yang,grouping content,datapath-qfp-stats,,/cblbf-repl-end-octets,property changed,leaf,leaf,units,[],"[""octets""]"
26.2.1,26.1.1,Oper,Cisco-IOS-XE-qfp-stats-oper.yang,grouping content,datapath-qfp-stats,,/cblbf-repl-fail-octets,property changed,leaf,leaf,units,[],"[""octets""]"
26.2.1,26.1.1,Oper,Cisco-IOS-XE-qfp-stats-oper.yang,grouping content,datapath-qfp-stats,,/cblbf-repl-start-octets,property changed,leaf,leaf,units,[],"[""octets""]"
26.2.1,26.1.1,Oper,Cisco-IOS-XE-qfp-stats-oper.yang,grouping content,datapath-qfp-stats,,/ccm-tx-octets,property changed,leaf,leaf,units,[],"[""octets""]"
26.2.1,26.1.1,Oper,Cisco-IOS-XE-qfp-stats-oper.yang,grouping content,datapath-qfp-stats,,/cgacl-action-octets,property changed,leaf,leaf,units,[],"[""octets""]"
26.2.1,26.1.1,Oper,Cisco-IOS-XE-qfp-stats-oper.yang,grouping content,datapath-qfp-stats,,/cgacl-err-octets,property changed,leaf,leaf,units,[],"[""octets""]"
26.2.1,26.1.1,Oper,Cisco-IOS-XE-qfp-stats-oper.yang,grouping content,datapath-qfp-stats,,/cgacl-inv-stats-octets,property changed,leaf,leaf,units,[],"[""octets""]"
26.2.1,26.1.1,Oper,Cisco-IOS-XE-qfp-stats-oper.yang,grouping content,datapath-qfp-stats,,/cgacl-lookup-miss-octets,property changed,leaf,leaf,units,[],"[""octets""]"
26.2.1,26.1.1,Oper,Cisco-IOS-XE-qfp-stats-oper.yang,grouping content,datapath-qfp-stats,,/cgacl-match-octets,property changed,leaf,leaf,units,[],"[""octets""]"
26.2.1,26.1.1,Oper,Cisco-IOS-XE-qfp-stats-oper.yang,grouping content,datapath-qfp-stats,,/cgacl-pkt-type-octets,property changed,leaf,leaf,units,[],"[""octets""]"
26.2.1,26.1.1,Oper,Cisco-IOS-XE-qfp-stats-oper.yang,grouping content,datapath-qfp-stats,,/choice-oce-octets,property changed,leaf,leaf,units,[],"[""octets""]"
26.2.1,26.1.1,Oper,Cisco-IOS-XE-qfp-stats-oper.yang,grouping content,datapath-qfp-stats,,/cmd-format-octets,property changed,leaf,leaf,units,[],"[""octets""]"
26.2.1,26.1.1,Oper,Cisco-IOS-XE-qfp-stats-oper.yang,grouping content,datapath-qfp-stats,,/coff-output-octets,property changed,leaf,leaf,units,[],"[""octets""]"
26.2.1,26.1.1,Oper,Cisco-IOS-XE-qfp-stats-oper.yang,grouping content,datapath-qfp-stats,,/conf-sw-sess-octets,property changed,leaf,leaf,units,[],"[""octets""]"
26.2.1,26.1.1,Oper,Cisco-IOS-XE-qfp-stats-oper.yang,grouping content,datapath-qfp-stats,,/cstp-cdtp-inv-frame-octets,property changed,leaf,leaf,units,[],"[""octets""]"
26.2.1,26.1.1,Oper,Cisco-IOS-XE-qfp-stats-oper.yang,grouping content,datapath-qfp-stats,,/cstp-cdtp-no-tunnel-octets,property changed,leaf,leaf,units,[],"[""octets""]"
26.2.1,26.1.1,Oper,Cisco-IOS-XE-qfp-stats-oper.yang,grouping content,datapath-qfp-stats,,/cstp-cdtp-unsup-frame-octets,property changed,leaf,leaf,units,[],"[""octets""]"
26.2.1,26.1.1,Oper,Cisco-IOS-XE-qfp-stats-oper.yang,grouping content,datapath-qfp-stats,,/cts-format-octets,property changed,leaf,leaf,units,[],"[""octets""]"
26.2.1,26.1.1,Oper,Cisco-IOS-XE-qfp-stats-oper.yang,grouping content,datapath-qfp-stats,,/cts-not-enable-octets,property changed,leaf,leaf,units,[],"[""octets""]"
26.2.1,26.1.1,Oper,Cisco-IOS-XE-qfp-stats-oper.yang,grouping content,datapath-qfp-stats,,/cwfrag-err-octets,property changed,leaf,leaf,units,[],"[""octets""]"
26.2.1,26.1.1,Oper,Cisco-IOS-XE-qfp-stats-oper.yang,grouping content,datapath-qfp-stats,,/cws-ctx-id-not-found-conn-octets,property changed,leaf,leaf,units,[],"[""octets""]"
26.2.1,26.1.1,Oper,Cisco-IOS-XE-qfp-stats-oper.yang,grouping content,datapath-qfp-stats,,/cws-ctx-id-not-found-mob-octets,property changed,leaf,leaf,units,[],"[""octets""]"
26.2.1,26.1.1,Oper,Cisco-IOS-XE-qfp-stats-oper.yang,grouping content,datapath-qfp-stats,,/cws-inter-error-octets,property changed,leaf,leaf,units,[],"[""octets""]"
26.2.1,26.1.1,Oper,Cisco-IOS-XE-qfp-stats-oper.yang,grouping content,datapath-qfp-stats,,/dapr-noroute-octets,property changed,leaf,leaf,units,[],"[""octets""]"
26.2.1,26.1.1,Oper,Cisco-IOS-XE-qfp-stats-oper.yang,grouping content,datapath-qfp-stats,,/dca-drop-octets,property changed,leaf,leaf,units,[],"[""octets""]"
26.2.1,26.1.1,Oper,Cisco-IOS-XE-qfp-stats-oper.yang,grouping content,datapath-qfp-stats,,/dialer-list-octets,property changed,leaf,leaf,units,[],"[""octets""]"
26.2.1,26.1.1,Oper,Cisco-IOS-XE-qfp-stats-oper.yang,grouping content,datapath-qfp-stats,,/disabled-octets,property changed,leaf,leaf,units,[],"[""octets""]"
26.2.1,26.1.1,Oper,Cisco-IOS-XE-qfp-stats-oper.yang,grouping content,datapath-qfp-stats,,/discard-octets,property changed,leaf,leaf,units,[],"[""octets""]"
26.2.1,26.1.1,Oper,Cisco-IOS-XE-qfp-stats-oper.yang,grouping content,datapath-qfp-stats,,/dlep-mcast-inv-enc-octets,property changed,leaf,leaf,units,[],"[""octets""]"
26.2.1,26.1.1,Oper,Cisco-IOS-XE-qfp-stats-oper.yang,grouping content,datapath-qfp-stats,,/dlep-mcast-phy2vmi-octets,property changed,leaf,leaf,units,[],"[""octets""]"
26.2.1,26.1.1,Oper,Cisco-IOS-XE-qfp-stats-oper.yang,grouping content,datapath-qfp-stats,,/dlep-mcast-vmi2phy-octets,property changed,leaf,leaf,units,[],"[""octets""]"
26.2.1,26.1.1,Oper,Cisco-IOS-XE-qfp-stats-oper.yang,grouping content,datapath-qfp-stats,,/dlep-uncfgd-octets,property changed,leaf,leaf,units,[],"[""octets""]"
26.2.1,26.1.1,Oper,Cisco-IOS-XE-qfp-stats-oper.yang,grouping content,datapath-qfp-stats,,/dpss-octets,property changed,leaf,leaf,units,[],"[""octets""]"
26.2.1,26.1.1,Oper,Cisco-IOS-XE-qfp-stats-oper.yang,grouping content,datapath-qfp-stats,,/dsa-no-ip-octets,property changed,leaf,leaf,units,[],"[""octets""]"
26.2.1,26.1.1,Oper,Cisco-IOS-XE-qfp-stats-oper.yang,grouping content,datapath-qfp-stats,,/dsp-octets,property changed,leaf,leaf,units,[],"[""octets""]"
26.2.1,26.1.1,Oper,Cisco-IOS-XE-qfp-stats-oper.yang,grouping content,datapath-qfp-stats,,/dtls-err-octets,property changed,leaf,leaf,units,[],"[""octets""]"
26.2.1,26.1.1,Oper,Cisco-IOS-XE-qfp-stats-oper.yang,grouping content,datapath-qfp-stats,,/ec-bundle-enq-octets,property changed,leaf,leaf,units,[],"[""octets""]"
26.2.1,26.1.1,Oper,Cisco-IOS-XE-qfp-stats-oper.yang,grouping content,datapath-qfp-stats,,/ec-link-tx-octets,property changed,leaf,leaf,units,[],"[""octets""]"
26.2.1,26.1.1,Oper,Cisco-IOS-XE-qfp-stats-oper.yang,grouping content,datapath-qfp-stats,,/ecfm-octets,property changed,leaf,leaf,units,[],"[""octets""]"
26.2.1,26.1.1,Oper,Cisco-IOS-XE-qfp-stats-oper.yang,grouping content,datapath-qfp-stats,,/epbr-octets,property changed,leaf,leaf,units,[],"[""octets""]"
26.2.1,26.1.1,Oper,Cisco-IOS-XE-qfp-stats-oper.yang,grouping content,datapath-qfp-stats,,/epc-octets,property changed,leaf,leaf,units,[],"[""octets""]"
26.2.1,26.1.1,Oper,Cisco-IOS-XE-qfp-stats-oper.yang,grouping content,datapath-qfp-stats,,/erspan-octets,property changed,leaf,leaf,units,[],"[""octets""]"
26.2.1,26.1.1,Oper,Cisco-IOS-XE-qfp-stats-oper.yang,grouping content,datapath-qfp-stats,,/esf-acct-exceed-drop-octets,property changed,leaf,leaf,units,[],"[""octets""]"
26.2.1,26.1.1,Oper,Cisco-IOS-XE-qfp-stats-oper.yang,grouping content,datapath-qfp-stats,,/esf-drl-drop-octets,property changed,leaf,leaf,units,[],"[""octets""]"
26.2.1,26.1.1,Oper,Cisco-IOS-XE-qfp-stats-oper.yang,grouping content,datapath-qfp-stats,,/esf-ffr-drop-octets,property changed,leaf,leaf,units,[],"[""octets""]"
26.2.1,26.1.1,Oper,Cisco-IOS-XE-qfp-stats-oper.yang,grouping content,datapath-qfp-stats,,/esf-l4r-bad-config-octets,property changed,leaf,leaf,units,[],"[""octets""]"
26.2.1,26.1.1,Oper,Cisco-IOS-XE-qfp-stats-oper.yang,grouping content,datapath-qfp-stats,,/esf-l4r-trans-sess-limit-octets,property changed,leaf,leaf,units,[],"[""octets""]"
26.2.1,26.1.1,Oper,Cisco-IOS-XE-qfp-stats-oper.yang,grouping content,datapath-qfp-stats,,/esf-l4r-trans-unavail-octets,property changed,leaf,leaf,units,[],"[""octets""]"
26.2.1,26.1.1,Oper,Cisco-IOS-XE-qfp-stats-oper.yang,grouping content,datapath-qfp-stats,,/esf-pbhk-bad-config-octets,property changed,leaf,leaf,units,[],"[""octets""]"
26.2.1,26.1.1,Oper,Cisco-IOS-XE-qfp-stats-oper.yang,grouping content,datapath-qfp-stats,,/esf-pbhk-port-notfound-octets,property changed,leaf,leaf,units,[],"[""octets""]"
26.2.1,26.1.1,Oper,Cisco-IOS-XE-qfp-stats-oper.yang,grouping content,datapath-qfp-stats,,/esf-pbhk-port-removed-octets,property changed,leaf,leaf,units,[],"[""octets""]"
26.2.1,26.1.1,Oper,Cisco-IOS-XE-qfp-stats-oper.yang,grouping content,datapath-qfp-stats,,/esf-pbhk-port-unavail-octets,property changed,leaf,leaf,units,[],"[""octets""]"
26.2.1,26.1.1,Oper,Cisco-IOS-XE-qfp-stats-oper.yang,grouping content,datapath-qfp-stats,,/esf-pbhk-unalloc-octets,property changed,leaf,leaf,units,[],"[""octets""]"
26.2.1,26.1.1,Oper,Cisco-IOS-XE-qfp-stats-oper.yang,grouping content,datapath-qfp-stats,,/esf-tc-drop-octets,property changed,leaf,leaf,units,[],"[""octets""]"
26.2.1,26.1.1,Oper,Cisco-IOS-XE-qfp-stats-oper.yang,grouping content,datapath-qfp-stats,,/ess-bad-sess-uidb-octets,property changed,leaf,leaf,units,[],"[""octets""]"
26.2.1,26.1.1,Oper,Cisco-IOS-XE-qfp-stats-oper.yang,grouping content,datapath-qfp-stats,,/ess-cac-octets,property changed,leaf,leaf,units,[],"[""octets""]"
26.2.1,26.1.1,Oper,Cisco-IOS-XE-qfp-stats-oper.yang,grouping content,datapath-qfp-stats,,/ess-inject-bad-hdr-octets,property changed,leaf,leaf,units,[],"[""octets""]"
26.2.1,26.1.1,Oper,Cisco-IOS-XE-qfp-stats-oper.yang,grouping content,datapath-qfp-stats,,/ess-inv-switch-mode-octets,property changed,leaf,leaf,units,[],"[""octets""]"
26.2.1,26.1.1,Oper,Cisco-IOS-XE-qfp-stats-oper.yang,grouping content,datapath-qfp-stats,,/ess-ipsub-classifier-drop-octets,property changed,leaf,leaf,units,[],"[""octets""]"
26.2.1,26.1.1,Oper,Cisco-IOS-XE-qfp-stats-oper.yang,grouping content,datapath-qfp-stats,,/ess-ipsub-drop-octets,property changed,leaf,leaf,units,[],"[""octets""]"
26.2.1,26.1.1,Oper,Cisco-IOS-XE-qfp-stats-oper.yang,grouping content,datapath-qfp-stats,,/ess-ipsub-fsol-drop-octets,property changed,leaf,leaf,units,[],"[""octets""]"
26.2.1,26.1.1,Oper,Cisco-IOS-XE-qfp-stats-oper.yang,grouping content,datapath-qfp-stats,,/ess-ipsub-ka-drop-octets,property changed,leaf,leaf,units,[],"[""octets""]"
26.2.1,26.1.1,Oper,Cisco-IOS-XE-qfp-stats-oper.yang,grouping content,datapath-qfp-stats,,/ess-l2-hdr-too-big-octets,property changed,leaf,leaf,units,[],"[""octets""]"
26.2.1,26.1.1,Oper,Cisco-IOS-XE-qfp-stats-oper.yang,grouping content,datapath-qfp-stats,,/ess-no-encap-info-octets,property changed,leaf,leaf,units,[],"[""octets""]"
26.2.1,26.1.1,Oper,Cisco-IOS-XE-qfp-stats-oper.yang,grouping content,datapath-qfp-stats,,/ess-pi-inv-subtype-octets,property changed,leaf,leaf,units,[],"[""octets""]"
26.2.1,26.1.1,Oper,Cisco-IOS-XE-qfp-stats-oper.yang,grouping content,datapath-qfp-stats,,/ess-pi-state-err-octets,property changed,leaf,leaf,units,[],"[""octets""]"
26.2.1,26.1.1,Oper,Cisco-IOS-XE-qfp-stats-oper.yang,grouping content,datapath-qfp-stats,,/ess-pktsb-missed-octets,property changed,leaf,leaf,units,[],"[""octets""]"
26.2.1,26.1.1,Oper,Cisco-IOS-XE-qfp-stats-oper.yang,grouping content,datapath-qfp-stats,,/ess-unbound-session-octets,property changed,leaf,leaf,units,[],"[""octets""]"
26.2.1,26.1.1,Oper,Cisco-IOS-XE-qfp-stats-oper.yang,grouping content,datapath-qfp-stats,,/ess-unprov-session-octets,property changed,leaf,leaf,units,[],"[""octets""]"
26.2.1,26.1.1,Oper,Cisco-IOS-XE-qfp-stats-oper.yang,grouping content,datapath-qfp-stats,,/ess-unsup-pkt-type-octets,property changed,leaf,leaf,units,[],"[""octets""]"
26.2.1,26.1.1,Oper,Cisco-IOS-XE-qfp-stats-oper.yang,grouping content,datapath-qfp-stats,,/evc-efp-egress-filter-octets,property changed,leaf,leaf,units,[],"[""octets""]"
26.2.1,26.1.1,Oper,Cisco-IOS-XE-qfp-stats-oper.yang,grouping content,datapath-qfp-stats,,/ext-drop-path-octets,property changed,leaf,leaf,units,[],"[""octets""]"
26.2.1,26.1.1,Oper,Cisco-IOS-XE-qfp-stats-oper.yang,grouping content,datapath-qfp-stats,,/fbd-oom-err-octets,property changed,leaf,leaf,units,[],"[""octets""]"
26.2.1,26.1.1,Oper,Cisco-IOS-XE-qfp-stats-oper.yang,grouping content,datapath-qfp-stats,,/fhs-pkt-dropped-octets,property changed,leaf,leaf,units,[],"[""octets""]"
26.2.1,26.1.1,Oper,Cisco-IOS-XE-qfp-stats-oper.yang,grouping content,datapath-qfp-stats,,/fhs-pkt-invalid-octets,property changed,leaf,leaf,units,[],"[""octets""]"
26.2.1,26.1.1,Oper,Cisco-IOS-XE-qfp-stats-oper.yang,grouping content,datapath-qfp-stats,,/fia-error-octets,property changed,leaf,leaf,units,[],"[""octets""]"
26.2.1,26.1.1,Oper,Cisco-IOS-XE-qfp-stats-oper.yang,grouping content,datapath-qfp-stats,,/firewall-backpressure-octets,property changed,leaf,leaf,units,[],"[""octets""]"
26.2.1,26.1.1,Oper,Cisco-IOS-XE-qfp-stats-oper.yang,grouping content,datapath-qfp-stats,,/firewall-invalid-zone-octets,property changed,leaf,leaf,units,[],"[""octets""]"
26.2.1,26.1.1,Oper,Cisco-IOS-XE-qfp-stats-oper.yang,grouping content,datapath-qfp-stats,,/firewall-l4-insp-octets,property changed,leaf,leaf,units,[],"[""octets""]"
26.2.1,26.1.1,Oper,Cisco-IOS-XE-qfp-stats-oper.yang,grouping content,datapath-qfp-stats,,/firewall-l4-octets,property changed,leaf,leaf,units,[],"[""octets""]"
26.2.1,26.1.1,Oper,Cisco-IOS-XE-qfp-stats-oper.yang,grouping content,datapath-qfp-stats,,/firewall-l7-octets,property changed,leaf,leaf,units,[],"[""octets""]"
26.2.1,26.1.1,Oper,Cisco-IOS-XE-qfp-stats-oper.yang,grouping content,datapath-qfp-stats,,/firewall-no-forwarding-octets,property changed,leaf,leaf,units,[],"[""octets""]"
26.2.1,26.1.1,Oper,Cisco-IOS-XE-qfp-stats-oper.yang,grouping content,datapath-qfp-stats,,/firewall-no-new-sessions-octets,property changed,leaf,leaf,units,[],"[""octets""]"
26.2.1,26.1.1,Oper,Cisco-IOS-XE-qfp-stats-oper.yang,grouping content,datapath-qfp-stats,,/firewall-nonsession-octets,property changed,leaf,leaf,units,[],"[""octets""]"
26.2.1,26.1.1,Oper,Cisco-IOS-XE-qfp-stats-oper.yang,grouping content,datapath-qfp-stats,,/firewall-not-from-init-octets,property changed,leaf,leaf,units,[],"[""octets""]"
26.2.1,26.1.1,Oper,Cisco-IOS-XE-qfp-stats-oper.yang,grouping content,datapath-qfp-stats,,/firewall-not-initiator-octets,property changed,leaf,leaf,units,[],"[""octets""]"
26.2.1,26.1.1,Oper,Cisco-IOS-XE-qfp-stats-oper.yang,grouping content,datapath-qfp-stats,,/firewall-policy-octets,property changed,leaf,leaf,units,[],"[""octets""]"
26.2.1,26.1.1,Oper,Cisco-IOS-XE-qfp-stats-oper.yang,grouping content,datapath-qfp-stats,,/firewall-syncookie-max-dst-octets,property changed,leaf,leaf,units,[],"[""octets""]"
26.2.1,26.1.1,Oper,Cisco-IOS-XE-qfp-stats-oper.yang,grouping content,datapath-qfp-stats,,/firewall-syncookie-octets,property changed,leaf,leaf,units,[],"[""octets""]"
26.2.1,26.1.1,Oper,Cisco-IOS-XE-qfp-stats-oper.yang,grouping content,datapath-qfp-stats,,/flow-queue-failure-id-octets,property changed,leaf,leaf,units,[],"[""octets""]"
26.2.1,26.1.1,Oper,Cisco-IOS-XE-qfp-stats-oper.yang,grouping content,datapath-qfp-stats,,/flowspec-octets,property changed,leaf,leaf,units,[],"[""octets""]"
26.2.1,26.1.1,Oper,Cisco-IOS-XE-qfp-stats-oper.yang,grouping content,datapath-qfp-stats,,/for-us-octets,property changed,leaf,leaf,units,[],"[""octets""]"
26.2.1,26.1.1,Oper,Cisco-IOS-XE-qfp-stats-oper.yang,grouping content,datapath-qfp-stats,,/frag-inv-ipv6-octets,property changed,leaf,leaf,units,[],"[""octets""]"
26.2.1,26.1.1,Oper,Cisco-IOS-XE-qfp-stats-oper.yang,grouping content,datapath-qfp-stats,,/frag-inv-octets,property changed,leaf,leaf,units,[],"[""octets""]"
26.2.1,26.1.1,Oper,Cisco-IOS-XE-qfp-stats-oper.yang,grouping content,datapath-qfp-stats,,/frag-tail-drop-octets,property changed,leaf,leaf,units,[],"[""octets""]"
26.2.1,26.1.1,Oper,Cisco-IOS-XE-qfp-stats-oper.yang,grouping content,datapath-qfp-stats,,/frfab-wred-drop-octets,property changed,leaf,leaf,units,[],"[""octets""]"
26.2.1,26.1.1,Oper,Cisco-IOS-XE-qfp-stats-oper.yang,grouping content,datapath-qfp-stats,,/frr-oce-invalid-state-octets,property changed,leaf,leaf,units,[],"[""octets""]"
26.2.1,26.1.1,Oper,Cisco-IOS-XE-qfp-stats-oper.yang,grouping content,datapath-qfp-stats,,/frr-oce-no-backup-octets,property changed,leaf,leaf,units,[],"[""octets""]"
26.2.1,26.1.1,Oper,Cisco-IOS-XE-qfp-stats-oper.yang,grouping content,datapath-qfp-stats,,/gen-pkt-replication-octets,property changed,leaf,leaf,units,[],"[""octets""]"
26.2.1,26.1.1,Oper,Cisco-IOS-XE-qfp-stats-oper.yang,grouping content,datapath-qfp-stats,,/glean-adj-unsupport-linktype-octets,property changed,leaf,leaf,units,[],"[""octets""]"
26.2.1,26.1.1,Oper,Cisco-IOS-XE-qfp-stats-oper.yang,grouping content,datapath-qfp-stats,,/gpm-tx-len-exceed-octets,property changed,leaf,leaf,units,[],"[""octets""]"
26.2.1,26.1.1,Oper,Cisco-IOS-XE-qfp-stats-oper.yang,grouping content,datapath-qfp-stats,,/gre-bad-options-octets,property changed,leaf,leaf,units,[],"[""octets""]"
26.2.1,26.1.1,Oper,Cisco-IOS-XE-qfp-stats-oper.yang,grouping content,datapath-qfp-stats,,/hqf-tx-error-octets,property changed,leaf,leaf,units,[],"[""octets""]"
26.2.1,26.1.1,Oper,Cisco-IOS-XE-qfp-stats-oper.yang,grouping content,datapath-qfp-stats,,/icmp-octets,property changed,leaf,leaf,units,[],"[""octets""]"
26.2.1,26.1.1,Oper,Cisco-IOS-XE-qfp-stats-oper.yang,grouping content,datapath-qfp-stats,,/identity-cft-error-octets,property changed,leaf,leaf,units,[],"[""octets""]"
26.2.1,26.1.1,Oper,Cisco-IOS-XE-qfp-stats-oper.yang,grouping content,datapath-qfp-stats,,/idle-packet-octets,property changed,leaf,leaf,units,[],"[""octets""]"
26.2.1,26.1.1,Oper,Cisco-IOS-XE-qfp-stats-oper.yang,grouping content,datapath-qfp-stats,,/illegal-obj-octets,property changed,leaf,leaf,units,[],"[""octets""]"
26.2.1,26.1.1,Oper,Cisco-IOS-XE-qfp-stats-oper.yang,grouping content,datapath-qfp-stats,,/inject-err-octets,property changed,leaf,leaf,units,[],"[""octets""]"
26.2.1,26.1.1,Oper,Cisco-IOS-XE-qfp-stats-oper.yang,grouping content,datapath-qfp-stats,,/internal-ctl-octets,property changed,leaf,leaf,units,[],"[""octets""]"
26.2.1,26.1.1,Oper,Cisco-IOS-XE-qfp-stats-oper.yang,grouping content,datapath-qfp-stats,,/internal-intf-err-octets,property changed,leaf,leaf,units,[],"[""octets""]"
26.2.1,26.1.1,Oper,Cisco-IOS-XE-qfp-stats-oper.yang,grouping content,datapath-qfp-stats,,/internal-no-channel-mem-octets,property changed,leaf,leaf,units,[],"[""octets""]"
26.2.1,26.1.1,Oper,Cisco-IOS-XE-qfp-stats-oper.yang,grouping content,datapath-qfp-stats,,/internal-no-gpm-octets,property changed,leaf,leaf,units,[],"[""octets""]"
26.2.1,26.1.1,Oper,Cisco-IOS-XE-qfp-stats-oper.yang,grouping content,datapath-qfp-stats,,/internal-octets,property changed,leaf,leaf,units,[],"[""octets""]"
26.2.1,26.1.1,Oper,Cisco-IOS-XE-qfp-stats-oper.yang,grouping content,datapath-qfp-stats,,/internal-recycle-tail-octets,property changed,leaf,leaf,units,[],"[""octets""]"
26.2.1,26.1.1,Oper,Cisco-IOS-XE-qfp-stats-oper.yang,grouping content,datapath-qfp-stats,,/internal-replication-octets,property changed,leaf,leaf,units,[],"[""octets""]"
26.2.1,26.1.1,Oper,Cisco-IOS-XE-qfp-stats-oper.yang,grouping content,datapath-qfp-stats,,/inv-common-preamble-octets,property changed,leaf,leaf,units,[],"[""octets""]"
26.2.1,26.1.1,Oper,Cisco-IOS-XE-qfp-stats-oper.yang,grouping content,datapath-qfp-stats,,/inv-hdr-err-octets,property changed,leaf,leaf,units,[],"[""octets""]"
26.2.1,26.1.1,Oper,Cisco-IOS-XE-qfp-stats-oper.yang,grouping content,datapath-qfp-stats,,/inv-l2-hdr-octets,property changed,leaf,leaf,units,[],"[""octets""]"
26.2.1,26.1.1,Oper,Cisco-IOS-XE-qfp-stats-oper.yang,grouping content,datapath-qfp-stats,,/inv-ppp-cp-pkt-octets,property changed,leaf,leaf,units,[],"[""octets""]"
26.2.1,26.1.1,Oper,Cisco-IOS-XE-qfp-stats-oper.yang,grouping content,datapath-qfp-stats,,/inv-spa-hdr-octets,property changed,leaf,leaf,units,[],"[""octets""]"
26.2.1,26.1.1,Oper,Cisco-IOS-XE-qfp-stats-oper.yang,grouping content,datapath-qfp-stats,,/invalid-encap-octets,property changed,leaf,leaf,units,[],"[""octets""]"
26.2.1,26.1.1,Oper,Cisco-IOS-XE-qfp-stats-oper.yang,grouping content,datapath-qfp-stats,,/invalid-queue-octets,property changed,leaf,leaf,units,[],"[""octets""]"
26.2.1,26.1.1,Oper,Cisco-IOS-XE-qfp-stats-oper.yang,grouping content,datapath-qfp-stats,,/invalid-virtual-id-octets,property changed,leaf,leaf,units,[],"[""octets""]"
26.2.1,26.1.1,Oper,Cisco-IOS-XE-qfp-stats-oper.yang,grouping content,datapath-qfp-stats,,/invalid-wred-octets,property changed,leaf,leaf,units,[],"[""octets""]"
26.2.1,26.1.1,Oper,Cisco-IOS-XE-qfp-stats-oper.yang,grouping content,datapath-qfp-stats,,/ip-acl-err-octets,property changed,leaf,leaf,units,[],"[""octets""]"
26.2.1,26.1.1,Oper,Cisco-IOS-XE-qfp-stats-oper.yang,grouping content,datapath-qfp-stats,,/ip-bad-options-octets,property changed,leaf,leaf,units,[],"[""octets""]"
26.2.1,26.1.1,Oper,Cisco-IOS-XE-qfp-stats-oper.yang,grouping content,datapath-qfp-stats,,/ip-format-err-octets,property changed,leaf,leaf,units,[],"[""octets""]"
26.2.1,26.1.1,Oper,Cisco-IOS-XE-qfp-stats-oper.yang,grouping content,datapath-qfp-stats,,/ip-frag-err-octets,property changed,leaf,leaf,units,[],"[""octets""]"
26.2.1,26.1.1,Oper,Cisco-IOS-XE-qfp-stats-oper.yang,grouping content,datapath-qfp-stats,,/ip-sia-hdr-err-octets,property changed,leaf,leaf,units,[],"[""octets""]"
26.2.1,26.1.1,Oper,Cisco-IOS-XE-qfp-stats-oper.yang,grouping content,datapath-qfp-stats,,/ip-sia-hop-limit-exceeded-octets,property changed,leaf,leaf,units,[],"[""octets""]"
26.2.1,26.1.1,Oper,Cisco-IOS-XE-qfp-stats-oper.yang,grouping content,datapath-qfp-stats,,/ip-sia-processing-err-octets,property changed,leaf,leaf,units,[],"[""octets""]"
26.2.1,26.1.1,Oper,Cisco-IOS-XE-qfp-stats-oper.yang,grouping content,datapath-qfp-stats,,/ip-ttl-exceeded-octets,property changed,leaf,leaf,units,[],"[""octets""]"
26.2.1,26.1.1,Oper,Cisco-IOS-XE-qfp-stats-oper.yang,grouping content,datapath-qfp-stats,,/iphc-octets,property changed,leaf,leaf,units,[],"[""octets""]"
26.2.1,26.1.1,Oper,Cisco-IOS-XE-qfp-stats-oper.yang,grouping content,datapath-qfp-stats,,/ipsec-deny-drop-octets,property changed,leaf,leaf,units,[],"[""octets""]"
26.2.1,26.1.1,Oper,Cisco-IOS-XE-qfp-stats-oper.yang,grouping content,datapath-qfp-stats,,/ipsec-ike-indicate-octets,property changed,leaf,leaf,units,[],"[""octets""]"
26.2.1,26.1.1,Oper,Cisco-IOS-XE-qfp-stats-oper.yang,grouping content,datapath-qfp-stats,,/ipsec-input-octets,property changed,leaf,leaf,units,[],"[""octets""]"
26.2.1,26.1.1,Oper,Cisco-IOS-XE-qfp-stats-oper.yang,grouping content,datapath-qfp-stats,,/ipsec-invalid-sa-octets,property changed,leaf,leaf,units,[],"[""octets""]"
26.2.1,26.1.1,Oper,Cisco-IOS-XE-qfp-stats-oper.yang,grouping content,datapath-qfp-stats,,/ipsec-output-octets,property changed,leaf,leaf,units,[],"[""octets""]"
26.2.1,26.1.1,Oper,Cisco-IOS-XE-qfp-stats-oper.yang,grouping content,datapath-qfp-stats,,/ipsec-tail-drop-octets,property changed,leaf,leaf,units,[],"[""octets""]"
26.2.1,26.1.1,Oper,Cisco-IOS-XE-qfp-stats-oper.yang,grouping content,datapath-qfp-stats,,/ipsec-ted-indicate-octets,property changed,leaf,leaf,units,[],"[""octets""]"
26.2.1,26.1.1,Oper,Cisco-IOS-XE-qfp-stats-oper.yang,grouping content,datapath-qfp-stats,,/ipv4-acl-lookup-miss-octets,property changed,leaf,leaf,units,[],"[""octets""]"
26.2.1,26.1.1,Oper,Cisco-IOS-XE-qfp-stats-oper.yang,grouping content,datapath-qfp-stats,,/ipv4-acl-octets,property changed,leaf,leaf,units,[],"[""octets""]"
26.2.1,26.1.1,Oper,Cisco-IOS-XE-qfp-stats-oper.yang,grouping content,datapath-qfp-stats,,/ipv4-adj-drop-octets,property changed,leaf,leaf,units,[],"[""octets""]"
26.2.1,26.1.1,Oper,Cisco-IOS-XE-qfp-stats-oper.yang,grouping content,datapath-qfp-stats,,/ipv4-egr-intf-enf-octets,property changed,leaf,leaf,units,[],"[""octets""]"
26.2.1,26.1.1,Oper,Cisco-IOS-XE-qfp-stats-oper.yang,grouping content,datapath-qfp-stats,,/ipv4-fpm-octets,property changed,leaf,leaf,units,[],"[""octets""]"
26.2.1,26.1.1,Oper,Cisco-IOS-XE-qfp-stats-oper.yang,grouping content,datapath-qfp-stats,,/ipv4-martian-octets,property changed,leaf,leaf,units,[],"[""octets""]"
26.2.1,26.1.1,Oper,Cisco-IOS-XE-qfp-stats-oper.yang,grouping content,datapath-qfp-stats,,/ipv4-mcast-acl-octets,property changed,leaf,leaf,units,[],"[""octets""]"
26.2.1,26.1.1,Oper,Cisco-IOS-XE-qfp-stats-oper.yang,grouping content,datapath-qfp-stats,,/ipv4-mtr-octets,property changed,leaf,leaf,units,[],"[""octets""]"
26.2.1,26.1.1,Oper,Cisco-IOS-XE-qfp-stats-oper.yang,grouping content,datapath-qfp-stats,,/ipv4-no-adj-octets,property changed,leaf,leaf,units,[],"[""octets""]"
26.2.1,26.1.1,Oper,Cisco-IOS-XE-qfp-stats-oper.yang,grouping content,datapath-qfp-stats,,/ipv4-no-route-octets,property changed,leaf,leaf,units,[],"[""octets""]"
26.2.1,26.1.1,Oper,Cisco-IOS-XE-qfp-stats-oper.yang,grouping content,datapath-qfp-stats,,/ipv4-null0-octets,property changed,leaf,leaf,units,[],"[""octets""]"
26.2.1,26.1.1,Oper,Cisco-IOS-XE-qfp-stats-oper.yang,grouping content,datapath-qfp-stats,,/ipv4-pbr-octets,property changed,leaf,leaf,units,[],"[""octets""]"
26.2.1,26.1.1,Oper,Cisco-IOS-XE-qfp-stats-oper.yang,grouping content,datapath-qfp-stats,,/ipv4-pop-pipe-php-ttl-expire-octets,property changed,leaf,leaf,units,[],"[""octets""]"
26.2.1,26.1.1,Oper,Cisco-IOS-XE-qfp-stats-oper.yang,grouping content,datapath-qfp-stats,,/ipv4-pop-unf-php-ttl-expire-octets,property changed,leaf,leaf,units,[],"[""octets""]"
26.2.1,26.1.1,Oper,Cisco-IOS-XE-qfp-stats-oper.yang,grouping content,datapath-qfp-stats,,/ipv4-pop-unf-uhp-ttl-expire-octets,property changed,leaf,leaf,units,[],"[""octets""]"
26.2.1,26.1.1,Oper,Cisco-IOS-XE-qfp-stats-oper.yang,grouping content,datapath-qfp-stats,,/ipv4-reass-tail-drop-octets,property changed,leaf,leaf,units,[],"[""octets""]"
26.2.1,26.1.1,Oper,Cisco-IOS-XE-qfp-stats-oper.yang,grouping content,datapath-qfp-stats,,/ipv4-routing-err-octets,property changed,leaf,leaf,units,[],"[""octets""]"
26.2.1,26.1.1,Oper,Cisco-IOS-XE-qfp-stats-oper.yang,grouping content,datapath-qfp-stats,,/ipv4-unclassified-octets,property changed,leaf,leaf,units,[],"[""octets""]"
26.2.1,26.1.1,Oper,Cisco-IOS-XE-qfp-stats-oper.yang,grouping content,datapath-qfp-stats,,/ipv4-urpf-loose-failed-octets,property changed,leaf,leaf,units,[],"[""octets""]"
26.2.1,26.1.1,Oper,Cisco-IOS-XE-qfp-stats-oper.yang,grouping content,datapath-qfp-stats,,/ipv4-urpf-null-path-list-octets,property changed,leaf,leaf,units,[],"[""octets""]"
26.2.1,26.1.1,Oper,Cisco-IOS-XE-qfp-stats-oper.yang,grouping content,datapath-qfp-stats,,/ipv4-urpf-strict-failed-octets,property changed,leaf,leaf,units,[],"[""octets""]"
26.2.1,26.1.1,Oper,Cisco-IOS-XE-qfp-stats-oper.yang,grouping content,datapath-qfp-stats,,/ipv4mc-extra-replicae-octets,property changed,leaf,leaf,units,[],"[""octets""]"
26.2.1,26.1.1,Oper,Cisco-IOS-XE-qfp-stats-oper.yang,grouping content,datapath-qfp-stats,,/ipv4mc-invalid-replica-record-octets,property changed,leaf,leaf,units,[],"[""octets""]"
26.2.1,26.1.1,Oper,Cisco-IOS-XE-qfp-stats-oper.yang,grouping content,datapath-qfp-stats,,/ipv4mc-nat-in2out-octets,property changed,leaf,leaf,units,[],"[""octets""]"
26.2.1,26.1.1,Oper,Cisco-IOS-XE-qfp-stats-oper.yang,grouping content,datapath-qfp-stats,,/ipv4mc-nat-out2in-octets,property changed,leaf,leaf,units,[],"[""octets""]"
26.2.1,26.1.1,Oper,Cisco-IOS-XE-qfp-stats-oper.yang,grouping content,datapath-qfp-stats,,/ipv4mc-no-route-octets,property changed,leaf,leaf,units,[],"[""octets""]"
26.2.1,26.1.1,Oper,Cisco-IOS-XE-qfp-stats-oper.yang,grouping content,datapath-qfp-stats,,/ipv4mc-oif-rpf-failed-octets,property changed,leaf,leaf,units,[],"[""octets""]"
26.2.1,26.1.1,Oper,Cisco-IOS-XE-qfp-stats-oper.yang,grouping content,datapath-qfp-stats,,/ipv4mc-rpf-failed-octets,property changed,leaf,leaf,units,[],"[""octets""]"
26.2.1,26.1.1,Oper,Cisco-IOS-XE-qfp-stats-oper.yang,grouping content,datapath-qfp-stats,,/ipv4mc-ttl-threshold-chk-failed-octets,property changed,leaf,leaf,units,[],"[""octets""]"
26.2.1,26.1.1,Oper,Cisco-IOS-XE-qfp-stats-oper.yang,grouping content,datapath-qfp-stats,,/ipv6-acl-lookup-miss-octets,property changed,leaf,leaf,units,[],"[""octets""]"
26.2.1,26.1.1,Oper,Cisco-IOS-XE-qfp-stats-oper.yang,grouping content,datapath-qfp-stats,,/ipv6-acl-octets,property changed,leaf,leaf,units,[],"[""octets""]"
26.2.1,26.1.1,Oper,Cisco-IOS-XE-qfp-stats-oper.yang,grouping content,datapath-qfp-stats,,/ipv6-adj-drop-octets,property changed,leaf,leaf,units,[],"[""octets""]"
26.2.1,26.1.1,Oper,Cisco-IOS-XE-qfp-stats-oper.yang,grouping content,datapath-qfp-stats,,/ipv6-badhop-octets,property changed,leaf,leaf,units,[],"[""octets""]"
26.2.1,26.1.1,Oper,Cisco-IOS-XE-qfp-stats-oper.yang,grouping content,datapath-qfp-stats,,/ipv6-badsource-octets,property changed,leaf,leaf,units,[],"[""octets""]"
26.2.1,26.1.1,Oper,Cisco-IOS-XE-qfp-stats-oper.yang,grouping content,datapath-qfp-stats,,/ipv6-egr-intf-enf-octets,property changed,leaf,leaf,units,[],"[""octets""]"
26.2.1,26.1.1,Oper,Cisco-IOS-XE-qfp-stats-oper.yang,grouping content,datapath-qfp-stats,,/ipv6-formaterr-octets,property changed,leaf,leaf,units,[],"[""octets""]"
26.2.1,26.1.1,Oper,Cisco-IOS-XE-qfp-stats-oper.yang,grouping content,datapath-qfp-stats,,/ipv6-mcast-acl-octets,property changed,leaf,leaf,units,[],"[""octets""]"
26.2.1,26.1.1,Oper,Cisco-IOS-XE-qfp-stats-oper.yang,grouping content,datapath-qfp-stats,,/ipv6-no-adj-octets,property changed,leaf,leaf,units,[],"[""octets""]"
26.2.1,26.1.1,Oper,Cisco-IOS-XE-qfp-stats-oper.yang,grouping content,datapath-qfp-stats,,/ipv6-no-route-octets,property changed,leaf,leaf,units,[],"[""octets""]"
26.2.1,26.1.1,Oper,Cisco-IOS-XE-qfp-stats-oper.yang,grouping content,datapath-qfp-stats,,/ipv6-null0-octets,property changed,leaf,leaf,units,[],"[""octets""]"
26.2.1,26.1.1,Oper,Cisco-IOS-XE-qfp-stats-oper.yang,grouping content,datapath-qfp-stats,,/ipv6-pbr-octets,property changed,leaf,leaf,units,[],"[""octets""]"
26.2.1,26.1.1,Oper,Cisco-IOS-XE-qfp-stats-oper.yang,grouping content,datapath-qfp-stats,,/ipv6-reass-tail-drop-octets,property changed,leaf,leaf,units,[],"[""octets""]"
26.2.1,26.1.1,Oper,Cisco-IOS-XE-qfp-stats-oper.yang,grouping content,datapath-qfp-stats,,/ipv6-routing-err-octets,property changed,leaf,leaf,units,[],"[""octets""]"
26.2.1,26.1.1,Oper,Cisco-IOS-XE-qfp-stats-oper.yang,grouping content,datapath-qfp-stats,,/ipv6-toobigpacket-octets,property changed,leaf,leaf,units,[],"[""octets""]"
26.2.1,26.1.1,Oper,Cisco-IOS-XE-qfp-stats-oper.yang,grouping content,datapath-qfp-stats,,/ipv6-truncatedpkts-octets,property changed,leaf,leaf,units,[],"[""octets""]"
26.2.1,26.1.1,Oper,Cisco-IOS-XE-qfp-stats-oper.yang,grouping content,datapath-qfp-stats,,/ipv6-unclassified-octets,property changed,leaf,leaf,units,[],"[""octets""]"
26.2.1,26.1.1,Oper,Cisco-IOS-XE-qfp-stats-oper.yang,grouping content,datapath-qfp-stats,,/ipv6-urpf-loose-failed-octets,property changed,leaf,leaf,units,[],"[""octets""]"
26.2.1,26.1.1,Oper,Cisco-IOS-XE-qfp-stats-oper.yang,grouping content,datapath-qfp-stats,,/ipv6-urpf-no-fib-octets,property changed,leaf,leaf,units,[],"[""octets""]"
26.2.1,26.1.1,Oper,Cisco-IOS-XE-qfp-stats-oper.yang,grouping content,datapath-qfp-stats,,/ipv6-urpf-null-path-list-octets,property changed,leaf,leaf,units,[],"[""octets""]"
26.2.1,26.1.1,Oper,Cisco-IOS-XE-qfp-stats-oper.yang,grouping content,datapath-qfp-stats,,/ipv6-urpf-strict-failed-octets,property changed,leaf,leaf,units,[],"[""octets""]"
26.2.1,26.1.1,Oper,Cisco-IOS-XE-qfp-stats-oper.yang,grouping content,datapath-qfp-stats,,/ipv6mc-extra-replica-octets,property changed,leaf,leaf,units,[],"[""octets""]"
26.2.1,26.1.1,Oper,Cisco-IOS-XE-qfp-stats-oper.yang,grouping content,datapath-qfp-stats,,/ipv6mc-invalid-replica-record-octets,property changed,leaf,leaf,units,[],"[""octets""]"
26.2.1,26.1.1,Oper,Cisco-IOS-XE-qfp-stats-oper.yang,grouping content,datapath-qfp-stats,,/ipv6mc-no-route-octets,property changed,leaf,leaf,units,[],"[""octets""]"
26.2.1,26.1.1,Oper,Cisco-IOS-XE-qfp-stats-oper.yang,grouping content,datapath-qfp-stats,,/ipv6mc-oif-rpf-failed-octets,property changed,leaf,leaf,units,[],"[""octets""]"
26.2.1,26.1.1,Oper,Cisco-IOS-XE-qfp-stats-oper.yang,grouping content,datapath-qfp-stats,,/ipv6mc-rpf-failed-octets,property changed,leaf,leaf,units,[],"[""octets""]"
26.2.1,26.1.1,Oper,Cisco-IOS-XE-qfp-stats-oper.yang,grouping content,datapath-qfp-stats,,/ipv6mc-ttl-threshold-chk-failed-octets,property changed,leaf,leaf,units,[],"[""octets""]"
26.2.1,26.1.1,Oper,Cisco-IOS-XE-qfp-stats-oper.yang,grouping content,datapath-qfp-stats,,/l2bd-bd-disabled-octets,property changed,leaf,leaf,units,[],"[""octets""]"
26.2.1,26.1.1,Oper,Cisco-IOS-XE-qfp-stats-oper.yang,grouping content,datapath-qfp-stats,,/l2bd-inject-invalid-octets,property changed,leaf,leaf,units,[],"[""octets""]"
26.2.1,26.1.1,Oper,Cisco-IOS-XE-qfp-stats-oper.yang,grouping content,datapath-qfp-stats,,/l2bd-inject-no-sb-octets,property changed,leaf,leaf,units,[],"[""octets""]"
26.2.1,26.1.1,Oper,Cisco-IOS-XE-qfp-stats-oper.yang,grouping content,datapath-qfp-stats,,/l2bd-mac-security-move-octets,property changed,leaf,leaf,units,[],"[""octets""]"
26.2.1,26.1.1,Oper,Cisco-IOS-XE-qfp-stats-oper.yang,grouping content,datapath-qfp-stats,,/l2bd-mac-security-unknown-octets,property changed,leaf,leaf,units,[],"[""octets""]"
26.2.1,26.1.1,Oper,Cisco-IOS-XE-qfp-stats-oper.yang,grouping content,datapath-qfp-stats,,/l2bd-mac-security-violation-octets,property changed,leaf,leaf,units,[],"[""octets""]"
26.2.1,26.1.1,Oper,Cisco-IOS-XE-qfp-stats-oper.yang,grouping content,datapath-qfp-stats,,/l2bd-octets,property changed,leaf,leaf,units,[],"[""octets""]"
26.2.1,26.1.1,Oper,Cisco-IOS-XE-qfp-stats-oper.yang,grouping content,datapath-qfp-stats,,/l2bd-policy-octets,property changed,leaf,leaf,units,[],"[""octets""]"
26.2.1,26.1.1,Oper,Cisco-IOS-XE-qfp-stats-oper.yang,grouping content,datapath-qfp-stats,,/l2bd-recycle-tail-octets,property changed,leaf,leaf,units,[],"[""octets""]"
26.2.1,26.1.1,Oper,Cisco-IOS-XE-qfp-stats-oper.yang,grouping content,datapath-qfp-stats,,/l2bd-repl-end-octets,property changed,leaf,leaf,units,[],"[""octets""]"
26.2.1,26.1.1,Oper,Cisco-IOS-XE-qfp-stats-oper.yang,grouping content,datapath-qfp-stats,,/l2bd-repl-start-octets,property changed,leaf,leaf,units,[],"[""octets""]"
26.2.1,26.1.1,Oper,Cisco-IOS-XE-qfp-stats-oper.yang,grouping content,datapath-qfp-stats,,/l2bd-sisf-ctrl-octets,property changed,leaf,leaf,units,[],"[""octets""]"
26.2.1,26.1.1,Oper,Cisco-IOS-XE-qfp-stats-oper.yang,grouping content,datapath-qfp-stats,,/l2bd-src-filter-octets,property changed,leaf,leaf,units,[],"[""octets""]"
26.2.1,26.1.1,Oper,Cisco-IOS-XE-qfp-stats-oper.yang,grouping content,datapath-qfp-stats,,/l2bd-static-mac-move-octets,property changed,leaf,leaf,units,[],"[""octets""]"
26.2.1,26.1.1,Oper,Cisco-IOS-XE-qfp-stats-oper.yang,grouping content,datapath-qfp-stats,,/l2bd-storm-ctrl-octets,property changed,leaf,leaf,units,[],"[""octets""]"
26.2.1,26.1.1,Oper,Cisco-IOS-XE-qfp-stats-oper.yang,grouping content,datapath-qfp-stats,,/l2bd-stp-state-octets,property changed,leaf,leaf,units,[],"[""octets""]"
26.2.1,26.1.1,Oper,Cisco-IOS-XE-qfp-stats-oper.yang,grouping content,datapath-qfp-stats,,/l2bd-uuf-suppr-octets,property changed,leaf,leaf,units,[],"[""octets""]"
26.2.1,26.1.1,Oper,Cisco-IOS-XE-qfp-stats-oper.yang,grouping content,datapath-qfp-stats,,/l2cp-cfg-action-octets,property changed,leaf,leaf,units,[],"[""octets""]"
26.2.1,26.1.1,Oper,Cisco-IOS-XE-qfp-stats-oper.yang,grouping content,datapath-qfp-stats,,/l2es-input-invalid-svi-octets,property changed,leaf,leaf,units,[],"[""octets""]"
26.2.1,26.1.1,Oper,Cisco-IOS-XE-qfp-stats-oper.yang,grouping content,datapath-qfp-stats,,/l2es-input-invalid-tag-octets,property changed,leaf,leaf,units,[],"[""octets""]"
26.2.1,26.1.1,Oper,Cisco-IOS-XE-qfp-stats-oper.yang,grouping content,datapath-qfp-stats,,/l2mc-invalid-replica-record-octets,property changed,leaf,leaf,units,[],"[""octets""]"
26.2.1,26.1.1,Oper,Cisco-IOS-XE-qfp-stats-oper.yang,grouping content,datapath-qfp-stats,,/l2tp-bad-udp-chksum-octets,property changed,leaf,leaf,units,[],"[""octets""]"
26.2.1,26.1.1,Oper,Cisco-IOS-XE-qfp-stats-oper.yang,grouping content,datapath-qfp-stats,,/l2tp-cxt-missed-octets,property changed,leaf,leaf,units,[],"[""octets""]"
26.2.1,26.1.1,Oper,Cisco-IOS-XE-qfp-stats-oper.yang,grouping content,datapath-qfp-stats,,/l2tp-exceed-tx-mtu-octets,property changed,leaf,leaf,units,[],"[""octets""]"
26.2.1,26.1.1,Oper,Cisco-IOS-XE-qfp-stats-oper.yang,grouping content,datapath-qfp-stats,,/l2tp-no-session-octets,property changed,leaf,leaf,units,[],"[""octets""]"
26.2.1,26.1.1,Oper,Cisco-IOS-XE-qfp-stats-oper.yang,grouping content,datapath-qfp-stats,,/l2tp-ooo-rx-pkt-octets,property changed,leaf,leaf,units,[],"[""octets""]"
26.2.1,26.1.1,Oper,Cisco-IOS-XE-qfp-stats-oper.yang,grouping content,datapath-qfp-stats,,/l2tp-pkt-bad-len-octets,property changed,leaf,leaf,units,[],"[""octets""]"
26.2.1,26.1.1,Oper,Cisco-IOS-XE-qfp-stats-oper.yang,grouping content,datapath-qfp-stats,,/l2tp-pkt-inv-hdr-octets,property changed,leaf,leaf,units,[],"[""octets""]"
26.2.1,26.1.1,Oper,Cisco-IOS-XE-qfp-stats-oper.yang,grouping content,datapath-qfp-stats,,/l2tp-pktsb-missed-octets,property changed,leaf,leaf,units,[],"[""octets""]"
26.2.1,26.1.1,Oper,Cisco-IOS-XE-qfp-stats-oper.yang,grouping content,datapath-qfp-stats,,/l2tp-security-check-octets,property changed,leaf,leaf,units,[],"[""octets""]"
26.2.1,26.1.1,Oper,Cisco-IOS-XE-qfp-stats-oper.yang,grouping content,datapath-qfp-stats,,/l2tp-tx-seq-missed-octets,property changed,leaf,leaf,units,[],"[""octets""]"
26.2.1,26.1.1,Oper,Cisco-IOS-XE-qfp-stats-oper.yang,grouping content,datapath-qfp-stats,,/l2tp-unconfigured-octets,property changed,leaf,leaf,units,[],"[""octets""]"
26.2.1,26.1.1,Oper,Cisco-IOS-XE-qfp-stats-oper.yang,grouping content,datapath-qfp-stats,,/l2v4mc-invalid-replica-record-octets,property changed,leaf,leaf,units,[],"[""octets""]"
26.2.1,26.1.1,Oper,Cisco-IOS-XE-qfp-stats-oper.yang,grouping content,datapath-qfp-stats,,/l2v6mc-invalid-replica-record-octets,property changed,leaf,leaf,units,[],"[""octets""]"
26.2.1,26.1.1,Oper,Cisco-IOS-XE-qfp-stats-oper.yang,grouping content,datapath-qfp-stats,,/label-pop-unsupport-linktype-octets,property changed,leaf,leaf,units,[],"[""octets""]"
26.2.1,26.1.1,Oper,Cisco-IOS-XE-qfp-stats-oper.yang,grouping content,datapath-qfp-stats,,/layer2-no-route-octets,property changed,leaf,leaf,units,[],"[""octets""]"
26.2.1,26.1.1,Oper,Cisco-IOS-XE-qfp-stats-oper.yang,grouping content,datapath-qfp-stats,,/layer2-switching-octets,property changed,leaf,leaf,units,[],"[""octets""]"
26.2.1,26.1.1,Oper,Cisco-IOS-XE-qfp-stats-oper.yang,grouping content,datapath-qfp-stats,,/lisp-decap-failed-octets,property changed,leaf,leaf,units,[],"[""octets""]"
26.2.1,26.1.1,Oper,Cisco-IOS-XE-qfp-stats-oper.yang,grouping content,datapath-qfp-stats,,/lisp-disabled-octets,property changed,leaf,leaf,units,[],"[""octets""]"
26.2.1,26.1.1,Oper,Cisco-IOS-XE-qfp-stats-oper.yang,grouping content,datapath-qfp-stats,,/lisp-elig-oce-octets,property changed,leaf,leaf,units,[],"[""octets""]"
26.2.1,26.1.1,Oper,Cisco-IOS-XE-qfp-stats-oper.yang,grouping content,datapath-qfp-stats,,/lisp-failed-to-punt-dynmaic-eid-config-octets,property changed,leaf,leaf,units,[],"[""octets""]"
26.2.1,26.1.1,Oper,Cisco-IOS-XE-qfp-stats-oper.yang,grouping content,datapath-qfp-stats,,/lisp-failed-to-punt-gsmr-enabled-octets,property changed,leaf,leaf,units,[],"[""octets""]"
26.2.1,26.1.1,Oper,Cisco-IOS-XE-qfp-stats-oper.yang,grouping content,datapath-qfp-stats,,/lisp-failed-to-punt-lsb-mismatch-octets,property changed,leaf,leaf,units,[],"[""octets""]"
26.2.1,26.1.1,Oper,Cisco-IOS-XE-qfp-stats-oper.yang,grouping content,datapath-qfp-stats,,/lisp-hash-lkup-failed-octets,property changed,leaf,leaf,units,[],"[""octets""]"
26.2.1,26.1.1,Oper,Cisco-IOS-XE-qfp-stats-oper.yang,grouping content,datapath-qfp-stats,,/lisp-misconfiguration-octets,property changed,leaf,leaf,units,[],"[""octets""]"
26.2.1,26.1.1,Oper,Cisco-IOS-XE-qfp-stats-oper.yang,grouping content,datapath-qfp-stats,,/lisp-sfltr-octets,property changed,leaf,leaf,units,[],"[""octets""]"
26.2.1,26.1.1,Oper,Cisco-IOS-XE-qfp-stats-oper.yang,grouping content,datapath-qfp-stats,,/loadbalance-null0-octets,property changed,leaf,leaf,units,[],"[""octets""]"
26.2.1,26.1.1,Oper,Cisco-IOS-XE-qfp-stats-oper.yang,grouping content,datapath-qfp-stats,,/lookup-oce-should-drop-octets,property changed,leaf,leaf,units,[],"[""octets""]"
26.2.1,26.1.1,Oper,Cisco-IOS-XE-qfp-stats-oper.yang,grouping content,datapath-qfp-stats,,/lookup-oce-unsupport-linktype-octets,property changed,leaf,leaf,units,[],"[""octets""]"
26.2.1,26.1.1,Oper,Cisco-IOS-XE-qfp-stats-oper.yang,grouping content,datapath-qfp-stats,,/lsm-invalid-replica-record-octets,property changed,leaf,leaf,units,[],"[""octets""]"
26.2.1,26.1.1,Oper,Cisco-IOS-XE-qfp-stats-oper.yang,grouping content,datapath-qfp-stats,,/mac-acl-lookup-miss-octets,property changed,leaf,leaf,units,[],"[""octets""]"
26.2.1,26.1.1,Oper,Cisco-IOS-XE-qfp-stats-oper.yang,grouping content,datapath-qfp-stats,,/mac-acl-octets,property changed,leaf,leaf,units,[],"[""octets""]"
26.2.1,26.1.1,Oper,Cisco-IOS-XE-qfp-stats-oper.yang,grouping content,datapath-qfp-stats,,/mac-mcast-ip-nonmcast-octets,property changed,leaf,leaf,units,[],"[""octets""]"
26.2.1,26.1.1,Oper,Cisco-IOS-XE-qfp-stats-oper.yang,grouping content,datapath-qfp-stats,,/max-indirect-exceeded-octets,property changed,leaf,leaf,units,[],"[""octets""]"
26.2.1,26.1.1,Oper,Cisco-IOS-XE-qfp-stats-oper.yang,grouping content,datapath-qfp-stats,,/max-tu-octets,property changed,leaf,leaf,units,[],"[""octets""]"
26.2.1,26.1.1,Oper,Cisco-IOS-XE-qfp-stats-oper.yang,grouping content,datapath-qfp-stats,,/memory-intf-octets,property changed,leaf,leaf,units,[],"[""octets""]"
26.2.1,26.1.1,Oper,Cisco-IOS-XE-qfp-stats-oper.yang,grouping content,datapath-qfp-stats,,/mfr-octets,property changed,leaf,leaf,units,[],"[""octets""]"
26.2.1,26.1.1,Oper,Cisco-IOS-XE-qfp-stats-oper.yang,grouping content,datapath-qfp-stats,,/min-tu-octets,property changed,leaf,leaf,units,[],"[""octets""]"
26.2.1,26.1.1,Oper,Cisco-IOS-XE-qfp-stats-oper.yang,grouping content,datapath-qfp-stats,,/mlp-octets,property changed,leaf,leaf,units,[],"[""octets""]"
26.2.1,26.1.1,Oper,Cisco-IOS-XE-qfp-stats-oper.yang,grouping content,datapath-qfp-stats,,/mpass-err-octets,property changed,leaf,leaf,units,[],"[""octets""]"
26.2.1,26.1.1,Oper,Cisco-IOS-XE-qfp-stats-oper.yang,grouping content,datapath-qfp-stats,,/mpass-invalid-fs-vector-octets,property changed,leaf,leaf,units,[],"[""octets""]"
26.2.1,26.1.1,Oper,Cisco-IOS-XE-qfp-stats-oper.yang,grouping content,datapath-qfp-stats,,/mpls-adj-drop-octets,property changed,leaf,leaf,units,[],"[""octets""]"
26.2.1,26.1.1,Oper,Cisco-IOS-XE-qfp-stats-oper.yang,grouping content,datapath-qfp-stats,,/mpls-csc-drop-octets,property changed,leaf,leaf,units,[],"[""octets""]"
26.2.1,26.1.1,Oper,Cisco-IOS-XE-qfp-stats-oper.yang,grouping content,datapath-qfp-stats,,/mpls-el-invalid-tag-octets,property changed,leaf,leaf,units,[],"[""octets""]"
26.2.1,26.1.1,Oper,Cisco-IOS-XE-qfp-stats-oper.yang,grouping content,datapath-qfp-stats,,/mpls-eos-invalid-octets,property changed,leaf,leaf,units,[],"[""octets""]"
26.2.1,26.1.1,Oper,Cisco-IOS-XE-qfp-stats-oper.yang,grouping content,datapath-qfp-stats,,/mpls-frag-req-octets,property changed,leaf,leaf,units,[],"[""octets""]"
26.2.1,26.1.1,Oper,Cisco-IOS-XE-qfp-stats-oper.yang,grouping content,datapath-qfp-stats,,/mpls-gal-check-invalid-octets,property changed,leaf,leaf,units,[],"[""octets""]"
26.2.1,26.1.1,Oper,Cisco-IOS-XE-qfp-stats-oper.yang,grouping content,datapath-qfp-stats,,/mpls-gal-check-non-eos-dropped-octets,property changed,leaf,leaf,units,[],"[""octets""]"
26.2.1,26.1.1,Oper,Cisco-IOS-XE-qfp-stats-oper.yang,grouping content,datapath-qfp-stats,,/mpls-gal-check-non-gal-dropped-octets,property changed,leaf,leaf,units,[],"[""octets""]"
26.2.1,26.1.1,Oper,Cisco-IOS-XE-qfp-stats-oper.yang,grouping content,datapath-qfp-stats,,/mpls-gal-exception-non-eos-dropped-octets,property changed,leaf,leaf,units,[],"[""octets""]"
26.2.1,26.1.1,Oper,Cisco-IOS-XE-qfp-stats-oper.yang,grouping content,datapath-qfp-stats,,/mpls-gal-exception-non-gach-dropped-octets,property changed,leaf,leaf,units,[],"[""octets""]"
26.2.1,26.1.1,Oper,Cisco-IOS-XE-qfp-stats-oper.yang,grouping content,datapath-qfp-stats,,/mpls-icmp-invalid-hdr-octets,property changed,leaf,leaf,units,[],"[""octets""]"
26.2.1,26.1.1,Oper,Cisco-IOS-XE-qfp-stats-oper.yang,grouping content,datapath-qfp-stats,,/mpls-ipv6-frag-req-octets,property changed,leaf,leaf,units,[],"[""octets""]"
26.2.1,26.1.1,Oper,Cisco-IOS-XE-qfp-stats-oper.yang,grouping content,datapath-qfp-stats,,/mpls-label-oce-invalid-label-octets,property changed,leaf,leaf,units,[],"[""octets""]"
26.2.1,26.1.1,Oper,Cisco-IOS-XE-qfp-stats-oper.yang,grouping content,datapath-qfp-stats,,/mpls-label-oce-ptr-null-octets,property changed,leaf,leaf,units,[],"[""octets""]"
26.2.1,26.1.1,Oper,Cisco-IOS-XE-qfp-stats-oper.yang,grouping content,datapath-qfp-stats,,/mpls-label-oce-unsupport-linktype-octets,property changed,leaf,leaf,units,[],"[""octets""]"
26.2.1,26.1.1,Oper,Cisco-IOS-XE-qfp-stats-oper.yang,grouping content,datapath-qfp-stats,,/mpls-mismatch-linktype-octets,property changed,leaf,leaf,units,[],"[""octets""]"
26.2.1,26.1.1,Oper,Cisco-IOS-XE-qfp-stats-oper.yang,grouping content,datapath-qfp-stats,,/mpls-no-adj-octets,property changed,leaf,leaf,units,[],"[""octets""]"
26.2.1,26.1.1,Oper,Cisco-IOS-XE-qfp-stats-oper.yang,grouping content,datapath-qfp-stats,,/mpls-no-route-octets,property changed,leaf,leaf,units,[],"[""octets""]"
26.2.1,26.1.1,Oper,Cisco-IOS-XE-qfp-stats-oper.yang,grouping content,datapath-qfp-stats,,/mpls-octets,property changed,leaf,leaf,units,[],"[""octets""]"
26.2.1,26.1.1,Oper,Cisco-IOS-XE-qfp-stats-oper.yang,grouping content,datapath-qfp-stats,,/mpls-pop-pipe-ttl-expire-octets,property changed,leaf,leaf,units,[],"[""octets""]"
26.2.1,26.1.1,Oper,Cisco-IOS-XE-qfp-stats-oper.yang,grouping content,datapath-qfp-stats,,/mpls-pop-unf-php-ttl-expire-octets,property changed,leaf,leaf,units,[],"[""octets""]"
26.2.1,26.1.1,Oper,Cisco-IOS-XE-qfp-stats-oper.yang,grouping content,datapath-qfp-stats,,/mpls-pop-unf-uhp-ttl-expire-octets,property changed,leaf,leaf,units,[],"[""octets""]"
26.2.1,26.1.1,Oper,Cisco-IOS-XE-qfp-stats-oper.yang,grouping content,datapath-qfp-stats,,/mpls-sanity-drop-octets,property changed,leaf,leaf,units,[],"[""octets""]"
26.2.1,26.1.1,Oper,Cisco-IOS-XE-qfp-stats-oper.yang,grouping content,datapath-qfp-stats,,/mpls-sanity-echo-req-octets,property changed,leaf,leaf,units,[],"[""octets""]"
26.2.1,26.1.1,Oper,Cisco-IOS-XE-qfp-stats-oper.yang,grouping content,datapath-qfp-stats,,/mpls-unclassified-octets,property changed,leaf,leaf,units,[],"[""octets""]"
26.2.1,26.1.1,Oper,Cisco-IOS-XE-qfp-stats-oper.yang,grouping content,datapath-qfp-stats,,/multilink-cfg-octets,property changed,leaf,leaf,units,[],"[""octets""]"
26.2.1,26.1.1,Oper,Cisco-IOS-XE-qfp-stats-oper.yang,grouping content,datapath-qfp-stats,,/nat-in2out-octets,property changed,leaf,leaf,units,[],"[""octets""]"
26.2.1,26.1.1,Oper,Cisco-IOS-XE-qfp-stats-oper.yang,grouping content,datapath-qfp-stats,,/nat-out2in-octets,property changed,leaf,leaf,units,[],"[""octets""]"
26.2.1,26.1.1,Oper,Cisco-IOS-XE-qfp-stats-oper.yang,grouping content,datapath-qfp-stats,,/nat64-v4tov6-octets,property changed,leaf,leaf,units,[],"[""octets""]"
26.2.1,26.1.1,Oper,Cisco-IOS-XE-qfp-stats-oper.yang,grouping content,datapath-qfp-stats,,/nat64-v6tov4-octets,property changed,leaf,leaf,units,[],"[""octets""]"
26.2.1,26.1.1,Oper,Cisco-IOS-XE-qfp-stats-oper.yang,grouping content,datapath-qfp-stats,,/nat66-in2out-octets,property changed,leaf,leaf,units,[],"[""octets""]"
26.2.1,26.1.1,Oper,Cisco-IOS-XE-qfp-stats-oper.yang,grouping content,datapath-qfp-stats,,/nat66-out2in-octets,property changed,leaf,leaf,units,[],"[""octets""]"
26.2.1,26.1.1,Oper,Cisco-IOS-XE-qfp-stats-oper.yang,grouping content,datapath-qfp-stats,,/ngfw-divert-octets,property changed,leaf,leaf,units,[],"[""octets""]"
26.2.1,26.1.1,Oper,Cisco-IOS-XE-qfp-stats-oper.yang,grouping content,datapath-qfp-stats,,/ngfw-policy-octets,property changed,leaf,leaf,units,[],"[""octets""]"
26.2.1,26.1.1,Oper,Cisco-IOS-XE-qfp-stats-oper.yang,grouping content,datapath-qfp-stats,,/nid-vlan-mismatch-octets,property changed,leaf,leaf,units,[],"[""octets""]"
26.2.1,26.1.1,Oper,Cisco-IOS-XE-qfp-stats-oper.yang,grouping content,datapath-qfp-stats,,/no-def-jib-octets,property changed,leaf,leaf,units,[],"[""octets""]"
26.2.1,26.1.1,Oper,Cisco-IOS-XE-qfp-stats-oper.yang,grouping content,datapath-qfp-stats,,/no-gpm-memory-err-octets,property changed,leaf,leaf,units,[],"[""octets""]"
26.2.1,26.1.1,Oper,Cisco-IOS-XE-qfp-stats-oper.yang,grouping content,datapath-qfp-stats,,/no-inj-jib-octets,property changed,leaf,leaf,units,[],"[""octets""]"
26.2.1,26.1.1,Oper,Cisco-IOS-XE-qfp-stats-oper.yang,grouping content,datapath-qfp-stats,,/no-intf-res-octets,property changed,leaf,leaf,units,[],"[""octets""]"
26.2.1,26.1.1,Oper,Cisco-IOS-XE-qfp-stats-oper.yang,grouping content,datapath-qfp-stats,,/no-mem-octets,property changed,leaf,leaf,units,[],"[""octets""]"
26.2.1,26.1.1,Oper,Cisco-IOS-XE-qfp-stats-oper.yang,grouping content,datapath-qfp-stats,,/not-enabled-octets,property changed,leaf,leaf,units,[],"[""octets""]"
26.2.1,26.1.1,Oper,Cisco-IOS-XE-qfp-stats-oper.yang,grouping content,datapath-qfp-stats,,/null-jib-hdr-tbl-octets,property changed,leaf,leaf,units,[],"[""octets""]"
26.2.1,26.1.1,Oper,Cisco-IOS-XE-qfp-stats-oper.yang,grouping content,datapath-qfp-stats,,/oam-loopback-octets,property changed,leaf,leaf,units,[],"[""octets""]"
26.2.1,26.1.1,Oper,Cisco-IOS-XE-qfp-stats-oper.yang,grouping content,datapath-qfp-stats,,/oce-drop-adj-octets,property changed,leaf,leaf,units,[],"[""octets""]"
26.2.1,26.1.1,Oper,Cisco-IOS-XE-qfp-stats-oper.yang,grouping content,datapath-qfp-stats,,/onefw-octets,property changed,leaf,leaf,units,[],"[""octets""]"
26.2.1,26.1.1,Oper,Cisco-IOS-XE-qfp-stats-oper.yang,grouping content,datapath-qfp-stats,,/opendns-octets,property changed,leaf,leaf,units,[],"[""octets""]"
26.2.1,26.1.1,Oper,Cisco-IOS-XE-qfp-stats-oper.yang,grouping content,datapath-qfp-stats,,/ovl-bad-pkt-octets,property changed,leaf,leaf,units,[],"[""octets""]"
26.2.1,26.1.1,Oper,Cisco-IOS-XE-qfp-stats-oper.yang,grouping content,datapath-qfp-stats,,/ovl-l2-filter-octets,property changed,leaf,leaf,units,[],"[""octets""]"
26.2.1,26.1.1,Oper,Cisco-IOS-XE-qfp-stats-oper.yang,grouping content,datapath-qfp-stats,,/pa-pkt-not-suppt-octets,property changed,leaf,leaf,units,[],"[""octets""]"
26.2.1,26.1.1,Oper,Cisco-IOS-XE-qfp-stats-oper.yang,grouping content,datapath-qfp-stats,,/pa-walk-err-octets,property changed,leaf,leaf,units,[],"[""octets""]"
26.2.1,26.1.1,Oper,Cisco-IOS-XE-qfp-stats-oper.yang,grouping content,datapath-qfp-stats,,/pathmgr-measurement-err-octets,property changed,leaf,leaf,units,[],"[""octets""]"
26.2.1,26.1.1,Oper,Cisco-IOS-XE-qfp-stats-oper.yang,grouping content,datapath-qfp-stats,,/pathmgr-select-err-octets,property changed,leaf,leaf,units,[],"[""octets""]"
26.2.1,26.1.1,Oper,Cisco-IOS-XE-qfp-stats-oper.yang,grouping content,datapath-qfp-stats,,/pcacl-octets,property changed,leaf,leaf,units,[],"[""octets""]"
26.2.1,26.1.1,Oper,Cisco-IOS-XE-qfp-stats-oper.yang,grouping content,datapath-qfp-stats,,/pcgw-gtpu-err-octets,property changed,leaf,leaf,units,[],"[""octets""]"
26.2.1,26.1.1,Oper,Cisco-IOS-XE-qfp-stats-oper.yang,grouping content,datapath-qfp-stats,,/pcgw-pdu-sess-err-octets,property changed,leaf,leaf,units,[],"[""octets""]"
26.2.1,26.1.1,Oper,Cisco-IOS-XE-qfp-stats-oper.yang,grouping content,datapath-qfp-stats,,/pcgw-punt-inj-err-octets,property changed,leaf,leaf,units,[],"[""octets""]"
26.2.1,26.1.1,Oper,Cisco-IOS-XE-qfp-stats-oper.yang,grouping content,datapath-qfp-stats,,/perf-lic-policer-hi-octets,property changed,leaf,leaf,units,[],"[""octets""]"
26.2.1,26.1.1,Oper,Cisco-IOS-XE-qfp-stats-oper.yang,grouping content,datapath-qfp-stats,,/perf-lic-policer-lo-octets,property changed,leaf,leaf,units,[],"[""octets""]"
26.2.1,26.1.1,Oper,Cisco-IOS-XE-qfp-stats-oper.yang,grouping content,datapath-qfp-stats,,/pfrv3-at-failure-octets,property changed,leaf,leaf,units,[],"[""octets""]"
26.2.1,26.1.1,Oper,Cisco-IOS-XE-qfp-stats-oper.yang,grouping content,datapath-qfp-stats,,/pfrv3-blackhole-octets,property changed,leaf,leaf,units,[],"[""octets""]"
26.2.1,26.1.1,Oper,Cisco-IOS-XE-qfp-stats-oper.yang,grouping content,datapath-qfp-stats,,/pfrv3-loop-octets,property changed,leaf,leaf,units,[],"[""octets""]"
26.2.1,26.1.1,Oper,Cisco-IOS-XE-qfp-stats-oper.yang,grouping content,datapath-qfp-stats,,/pfrv3-probe-err-octets,property changed,leaf,leaf,units,[],"[""octets""]"
26.2.1,26.1.1,Oper,Cisco-IOS-XE-qfp-stats-oper.yang,grouping content,datapath-qfp-stats,,/pfrv3-stickiness-octets,property changed,leaf,leaf,units,[],"[""octets""]"
26.2.1,26.1.1,Oper,Cisco-IOS-XE-qfp-stats-oper.yang,grouping content,datapath-qfp-stats,,/ppe-exception-octets,property changed,leaf,leaf,units,[],"[""octets""]"
26.2.1,26.1.1,Oper,Cisco-IOS-XE-qfp-stats-oper.yang,grouping content,datapath-qfp-stats,,/ppp-cxt-missed-octets,property changed,leaf,leaf,units,[],"[""octets""]"
26.2.1,26.1.1,Oper,Cisco-IOS-XE-qfp-stats-oper.yang,grouping content,datapath-qfp-stats,,/pppoe-fctl-octets,property changed,leaf,leaf,units,[],"[""octets""]"
26.2.1,26.1.1,Oper,Cisco-IOS-XE-qfp-stats-oper.yang,grouping content,datapath-qfp-stats,,/pppoe-inv-encap-info-octets,property changed,leaf,leaf,units,[],"[""octets""]"
26.2.1,26.1.1,Oper,Cisco-IOS-XE-qfp-stats-oper.yang,grouping content,datapath-qfp-stats,,/pppoe-no-session-octets,property changed,leaf,leaf,units,[],"[""octets""]"
26.2.1,26.1.1,Oper,Cisco-IOS-XE-qfp-stats-oper.yang,grouping content,datapath-qfp-stats,,/pppoe-pkt-bad-len-octets,property changed,leaf,leaf,units,[],"[""octets""]"
26.2.1,26.1.1,Oper,Cisco-IOS-XE-qfp-stats-oper.yang,grouping content,datapath-qfp-stats,,/pppoe-pkt-inv-hdr-octets,property changed,leaf,leaf,units,[],"[""octets""]"
26.2.1,26.1.1,Oper,Cisco-IOS-XE-qfp-stats-oper.yang,grouping content,datapath-qfp-stats,,/pppox-unconfigured-octets,property changed,leaf,leaf,units,[],"[""octets""]"
26.2.1,26.1.1,Oper,Cisco-IOS-XE-qfp-stats-oper.yang,grouping content,datapath-qfp-stats,,/pprl-sbrl-drop-octets,property changed,leaf,leaf,units,[],"[""octets""]"
26.2.1,26.1.1,Oper,Cisco-IOS-XE-qfp-stats-oper.yang,grouping content,datapath-qfp-stats,,/punt-err-octets,property changed,leaf,leaf,units,[],"[""octets""]"
26.2.1,26.1.1,Oper,Cisco-IOS-XE-qfp-stats-oper.yang,grouping content,datapath-qfp-stats,,/punt-global-policer-drop-octets,property changed,leaf,leaf,units,[],"[""octets""]"
26.2.1,26.1.1,Oper,Cisco-IOS-XE-qfp-stats-oper.yang,grouping content,datapath-qfp-stats,,/punt-intf-drop-octets,property changed,leaf,leaf,units,[],"[""octets""]"
26.2.1,26.1.1,Oper,Cisco-IOS-XE-qfp-stats-oper.yang,grouping content,datapath-qfp-stats,,/punt-policer-drop-octets,property changed,leaf,leaf,units,[],"[""octets""]"
26.2.1,26.1.1,Oper,Cisco-IOS-XE-qfp-stats-oper.yang,grouping content,datapath-qfp-stats,,/qos-actions-octets,property changed,leaf,leaf,units,[],"[""octets""]"
26.2.1,26.1.1,Oper,Cisco-IOS-XE-qfp-stats-oper.yang,grouping content,datapath-qfp-stats,,/qos-policing-octets,property changed,leaf,leaf,units,[],"[""octets""]"
26.2.1,26.1.1,Oper,Cisco-IOS-XE-qfp-stats-oper.yang,grouping content,datapath-qfp-stats,,/queue-trans-drop-octets,property changed,leaf,leaf,units,[],"[""octets""]"
26.2.1,26.1.1,Oper,Cisco-IOS-XE-qfp-stats-oper.yang,grouping content,datapath-qfp-stats,,/reass-bad-len-octets,property changed,leaf,leaf,units,[],"[""octets""]"
26.2.1,26.1.1,Oper,Cisco-IOS-XE-qfp-stats-oper.yang,grouping content,datapath-qfp-stats,,/reass-drop-octets,property changed,leaf,leaf,units,[],"[""octets""]"
26.2.1,26.1.1,Oper,Cisco-IOS-XE-qfp-stats-oper.yang,grouping content,datapath-qfp-stats,,/reass-frag-too-big-octets,property changed,leaf,leaf,units,[],"[""octets""]"
26.2.1,26.1.1,Oper,Cisco-IOS-XE-qfp-stats-oper.yang,grouping content,datapath-qfp-stats,,/reass-no-frag-info-low-octets,property changed,leaf,leaf,units,[],"[""octets""]"
26.2.1,26.1.1,Oper,Cisco-IOS-XE-qfp-stats-oper.yang,grouping content,datapath-qfp-stats,,/reass-no-frag-info-octets,property changed,leaf,leaf,units,[],"[""octets""]"
26.2.1,26.1.1,Oper,Cisco-IOS-XE-qfp-stats-oper.yang,grouping content,datapath-qfp-stats,,/reass-no-frags-left-octets,property changed,leaf,leaf,units,[],"[""octets""]"
26.2.1,26.1.1,Oper,Cisco-IOS-XE-qfp-stats-oper.yang,grouping content,datapath-qfp-stats,,/reass-overlap-octets,property changed,leaf,leaf,units,[],"[""octets""]"
26.2.1,26.1.1,Oper,Cisco-IOS-XE-qfp-stats-oper.yang,grouping content,datapath-qfp-stats,,/reass-timeout-octets,property changed,leaf,leaf,units,[],"[""octets""]"
26.2.1,26.1.1,Oper,Cisco-IOS-XE-qfp-stats-oper.yang,grouping content,datapath-qfp-stats,,/reass-too-many-frags-octets,property changed,leaf,leaf,units,[],"[""octets""]"
26.2.1,26.1.1,Oper,Cisco-IOS-XE-qfp-stats-oper.yang,grouping content,datapath-qfp-stats,,/redistrib-err-bad-dst-octets,property changed,leaf,leaf,units,[],"[""octets""]"
26.2.1,26.1.1,Oper,Cisco-IOS-XE-qfp-stats-oper.yang,grouping content,datapath-qfp-stats,,/redistrib-err-not-sup-octets,property changed,leaf,leaf,units,[],"[""octets""]"
26.2.1,26.1.1,Oper,Cisco-IOS-XE-qfp-stats-oper.yang,grouping content,datapath-qfp-stats,,/redistrib-err-ph-alc-fail-octets,property changed,leaf,leaf,units,[],"[""octets""]"
26.2.1,26.1.1,Oper,Cisco-IOS-XE-qfp-stats-oper.yang,grouping content,datapath-qfp-stats,,/redistrib-err-sb-trans-fail-octets,property changed,leaf,leaf,units,[],"[""octets""]"
26.2.1,26.1.1,Oper,Cisco-IOS-XE-qfp-stats-oper.yang,grouping content,datapath-qfp-stats,,/redistrib-fifo-tail-drop-octets,property changed,leaf,leaf,units,[],"[""octets""]"
26.2.1,26.1.1,Oper,Cisco-IOS-XE-qfp-stats-oper.yang,grouping content,datapath-qfp-stats,,/redistrib-no-credits-octets,property changed,leaf,leaf,units,[],"[""octets""]"
26.2.1,26.1.1,Oper,Cisco-IOS-XE-qfp-stats-oper.yang,grouping content,datapath-qfp-stats,,/rl2gp-non-tcb-octets,property changed,leaf,leaf,units,[],"[""octets""]"
26.2.1,26.1.1,Oper,Cisco-IOS-XE-qfp-stats-oper.yang,grouping content,datapath-qfp-stats,,/sbc-mmoh-invalid-replica-record-octets,property changed,leaf,leaf,units,[],"[""octets""]"
26.2.1,26.1.1,Oper,Cisco-IOS-XE-qfp-stats-oper.yang,grouping content,datapath-qfp-stats,,/sbc-police-punt-octets,property changed,leaf,leaf,units,[],"[""octets""]"
26.2.1,26.1.1,Oper,Cisco-IOS-XE-qfp-stats-oper.yang,grouping content,datapath-qfp-stats,,/sbc-sess-octets,property changed,leaf,leaf,units,[],"[""octets""]"
26.2.1,26.1.1,Oper,Cisco-IOS-XE-qfp-stats-oper.yang,grouping content,datapath-qfp-stats,,/sbc-uidb-octets,property changed,leaf,leaf,units,[],"[""octets""]"
26.2.1,26.1.1,Oper,Cisco-IOS-XE-qfp-stats-oper.yang,grouping content,datapath-qfp-stats,,/schain-flow-action-octets,property changed,leaf,leaf,units,[],"[""octets""]"
26.2.1,26.1.1,Oper,Cisco-IOS-XE-qfp-stats-oper.yang,grouping content,datapath-qfp-stats,,/sdvt-octets,property changed,leaf,leaf,units,[],"[""octets""]"
26.2.1,26.1.1,Oper,Cisco-IOS-XE-qfp-stats-oper.yang,grouping content,datapath-qfp-stats,,/sdvt-sn-octets,property changed,leaf,leaf,units,[],"[""octets""]"
26.2.1,26.1.1,Oper,Cisco-IOS-XE-qfp-stats-oper.yang,grouping content,datapath-qfp-stats,,/sdwan-acl-octets,property changed,leaf,leaf,units,[],"[""octets""]"
26.2.1,26.1.1,Oper,Cisco-IOS-XE-qfp-stats-oper.yang,grouping content,datapath-qfp-stats,,/sdwan-app-route-policy-octets,property changed,leaf,leaf,units,[],"[""octets""]"
26.2.1,26.1.1,Oper,Cisco-IOS-XE-qfp-stats-oper.yang,grouping content,datapath-qfp-stats,,/sdwan-bfd-octets,property changed,leaf,leaf,units,[],"[""octets""]"
26.2.1,26.1.1,Oper,Cisco-IOS-XE-qfp-stats-oper.yang,grouping content,datapath-qfp-stats,,/sdwan-data-policy-octets,property changed,leaf,leaf,units,[],"[""octets""]"
26.2.1,26.1.1,Oper,Cisco-IOS-XE-qfp-stats-oper.yang,grouping content,datapath-qfp-stats,,/sdwan-generic-octets,property changed,leaf,leaf,units,[],"[""octets""]"
26.2.1,26.1.1,Oper,Cisco-IOS-XE-qfp-stats-oper.yang,grouping content,datapath-qfp-stats,,/sdwan-implicit-acl-octets,property changed,leaf,leaf,units,[],"[""octets""]"
26.2.1,26.1.1,Oper,Cisco-IOS-XE-qfp-stats-oper.yang,grouping content,datapath-qfp-stats,,/sdwan-interface-policy-octets,property changed,leaf,leaf,units,[],"[""octets""]"
26.2.1,26.1.1,Oper,Cisco-IOS-XE-qfp-stats-oper.yang,grouping content,datapath-qfp-stats,,/sdwan-octets,property changed,leaf,leaf,units,[],"[""octets""]"
26.2.1,26.1.1,Oper,Cisco-IOS-XE-qfp-stats-oper.yang,grouping content,datapath-qfp-stats,,/sdwan-tloc-ext-octets,property changed,leaf,leaf,units,[],"[""octets""]"
26.2.1,26.1.1,Oper,Cisco-IOS-XE-qfp-stats-oper.yang,grouping content,datapath-qfp-stats,,/sdwan-tunnel-lkup-octets,property changed,leaf,leaf,units,[],"[""octets""]"
26.2.1,26.1.1,Oper,Cisco-IOS-XE-qfp-stats-oper.yang,grouping content,datapath-qfp-stats,,/servicewire-hdr-err-octets,property changed,leaf,leaf,units,[],"[""octets""]"
26.2.1,26.1.1,Oper,Cisco-IOS-XE-qfp-stats-oper.yang,grouping content,datapath-qfp-stats,,/servicewire-hop-limit-exceeded-octets,property changed,leaf,leaf,units,[],"[""octets""]"
26.2.1,26.1.1,Oper,Cisco-IOS-XE-qfp-stats-oper.yang,grouping content,datapath-qfp-stats,,/servicewire-processing-err-octets,property changed,leaf,leaf,units,[],"[""octets""]"
26.2.1,26.1.1,Oper,Cisco-IOS-XE-qfp-stats-oper.yang,grouping content,datapath-qfp-stats,,/smi-disabled-octets,property changed,leaf,leaf,units,[],"[""octets""]"
26.2.1,26.1.1,Oper,Cisco-IOS-XE-qfp-stats-oper.yang,grouping content,datapath-qfp-stats,,/special-multicast-obj-octets,property changed,leaf,leaf,units,[],"[""octets""]"
26.2.1,26.1.1,Oper,Cisco-IOS-XE-qfp-stats-oper.yang,grouping content,datapath-qfp-stats,,/sr-te-remote-error-octets,property changed,leaf,leaf,units,[],"[""octets""]"
26.2.1,26.1.1,Oper,Cisco-IOS-XE-qfp-stats-oper.yang,grouping content,datapath-qfp-stats,,/srh-invalid-extension-octets,property changed,leaf,leaf,units,[],"[""octets""]"
26.2.1,26.1.1,Oper,Cisco-IOS-XE-qfp-stats-oper.yang,grouping content,datapath-qfp-stats,,/srh-pkt-truncated-in-gpm-octets,property changed,leaf,leaf,units,[],"[""octets""]"
26.2.1,26.1.1,Oper,Cisco-IOS-XE-qfp-stats-oper.yang,grouping content,datapath-qfp-stats,,/sslvpn-add-ssl-rec-hdr-err-octets,property changed,leaf,leaf,units,[],"[""octets""]"
26.2.1,26.1.1,Oper,Cisco-IOS-XE-qfp-stats-oper.yang,grouping content,datapath-qfp-stats,,/sslvpn-coprocessor-err-octets,property changed,leaf,leaf,units,[],"[""octets""]"
26.2.1,26.1.1,Oper,Cisco-IOS-XE-qfp-stats-oper.yang,grouping content,datapath-qfp-stats,,/sslvpn-coprocessor-state-not-set-octets,property changed,leaf,leaf,units,[],"[""octets""]"
26.2.1,26.1.1,Oper,Cisco-IOS-XE-qfp-stats-oper.yang,grouping content,datapath-qfp-stats,,/sslvpn-coprocessor-state-reply-not-set-octets,property changed,leaf,leaf,units,[],"[""octets""]"
26.2.1,26.1.1,Oper,Cisco-IOS-XE-qfp-stats-oper.yang,grouping content,datapath-qfp-stats,,/sslvpn-ctx-not-alive-octets,property changed,leaf,leaf,units,[],"[""octets""]"
26.2.1,26.1.1,Oper,Cisco-IOS-XE-qfp-stats-oper.yang,grouping content,datapath-qfp-stats,,/sslvpn-ctx-null-octets,property changed,leaf,leaf,units,[],"[""octets""]"
26.2.1,26.1.1,Oper,Cisco-IOS-XE-qfp-stats-oper.yang,grouping content,datapath-qfp-stats,,/sslvpn-empty-pkt-octets,property changed,leaf,leaf,units,[],"[""octets""]"
26.2.1,26.1.1,Oper,Cisco-IOS-XE-qfp-stats-oper.yang,grouping content,datapath-qfp-stats,,/sslvpn-inv-ssl-rec-octets,property changed,leaf,leaf,units,[],"[""octets""]"
26.2.1,26.1.1,Oper,Cisco-IOS-XE-qfp-stats-oper.yang,grouping content,datapath-qfp-stats,,/sslvpn-invalid-pkt-octets,property changed,leaf,leaf,units,[],"[""octets""]"
26.2.1,26.1.1,Oper,Cisco-IOS-XE-qfp-stats-oper.yang,grouping content,datapath-qfp-stats,,/sslvpn-invalid-session-octets,property changed,leaf,leaf,units,[],"[""octets""]"
26.2.1,26.1.1,Oper,Cisco-IOS-XE-qfp-stats-oper.yang,grouping content,datapath-qfp-stats,,/sslvpn-neg-ssl-rec-pad-len-octets,property changed,leaf,leaf,units,[],"[""octets""]"
26.2.1,26.1.1,Oper,Cisco-IOS-XE-qfp-stats-oper.yang,grouping content,datapath-qfp-stats,,/sslvpn-not-ssl-rec-rc-octets,property changed,leaf,leaf,units,[],"[""octets""]"
26.2.1,26.1.1,Oper,Cisco-IOS-XE-qfp-stats-oper.yang,grouping content,datapath-qfp-stats,,/sslvpn-not-ssl-record-octets,property changed,leaf,leaf,units,[],"[""octets""]"
26.2.1,26.1.1,Oper,Cisco-IOS-XE-qfp-stats-oper.yang,grouping content,datapath-qfp-stats,,/sslvpn-null-rc-octets,property changed,leaf,leaf,units,[],"[""octets""]"
26.2.1,26.1.1,Oper,Cisco-IOS-XE-qfp-stats-oper.yang,grouping content,datapath-qfp-stats,,/sslvpn-null-session-octets,property changed,leaf,leaf,units,[],"[""octets""]"
26.2.1,26.1.1,Oper,Cisco-IOS-XE-qfp-stats-oper.yang,grouping content,datapath-qfp-stats,,/sslvpn-pkt-rc-err-octets,property changed,leaf,leaf,units,[],"[""octets""]"
26.2.1,26.1.1,Oper,Cisco-IOS-XE-qfp-stats-oper.yang,grouping content,datapath-qfp-stats,,/sslvpn-socket-wr-err-octets,property changed,leaf,leaf,units,[],"[""octets""]"
26.2.1,26.1.1,Oper,Cisco-IOS-XE-qfp-stats-oper.yang,grouping content,datapath-qfp-stats,,/sslvpn-ssl-rec-not-pkt-octets,property changed,leaf,leaf,units,[],"[""octets""]"
26.2.1,26.1.1,Oper,Cisco-IOS-XE-qfp-stats-oper.yang,grouping content,datapath-qfp-stats,,/sslvpn-svi-if-err-octets,property changed,leaf,leaf,units,[],"[""octets""]"
26.2.1,26.1.1,Oper,Cisco-IOS-XE-qfp-stats-oper.yang,grouping content,datapath-qfp-stats,,/sslvpn-svi-invalid-h-octets,property changed,leaf,leaf,units,[],"[""octets""]"
26.2.1,26.1.1,Oper,Cisco-IOS-XE-qfp-stats-oper.yang,grouping content,datapath-qfp-stats,,/sslvpn-tail-drop-octets,property changed,leaf,leaf,units,[],"[""octets""]"
26.2.1,26.1.1,Oper,Cisco-IOS-XE-qfp-stats-oper.yang,grouping content,datapath-qfp-stats,,/sslvpn-wrong-pkt-type-octets,property changed,leaf,leaf,units,[],"[""octets""]"
26.2.1,26.1.1,Oper,Cisco-IOS-XE-qfp-stats-oper.yang,grouping content,datapath-qfp-stats,,/sv-match-fail-octets,property changed,leaf,leaf,units,[],"[""octets""]"
26.2.1,26.1.1,Oper,Cisco-IOS-XE-qfp-stats-oper.yang,grouping content,datapath-qfp-stats,,/svi-input-invalid-mac-octets,property changed,leaf,leaf,units,[],"[""octets""]"
26.2.1,26.1.1,Oper,Cisco-IOS-XE-qfp-stats-oper.yang,grouping content,datapath-qfp-stats,,/svi-output-invalid-l2sb-octets,property changed,leaf,leaf,units,[],"[""octets""]"
26.2.1,26.1.1,Oper,Cisco-IOS-XE-qfp-stats-oper.yang,grouping content,datapath-qfp-stats,,/svi-output-recycle-tail-octets,property changed,leaf,leaf,units,[],"[""octets""]"
26.2.1,26.1.1,Oper,Cisco-IOS-XE-qfp-stats-oper.yang,grouping content,datapath-qfp-stats,,/svi-output-repl-octets,property changed,leaf,leaf,units,[],"[""octets""]"
26.2.1,26.1.1,Oper,Cisco-IOS-XE-qfp-stats-oper.yang,grouping content,datapath-qfp-stats,,/svi-repl-end-octets,property changed,leaf,leaf,units,[],"[""octets""]"
26.2.1,26.1.1,Oper,Cisco-IOS-XE-qfp-stats-oper.yang,grouping content,datapath-qfp-stats,,/sw-mac-filter-octets,property changed,leaf,leaf,units,[],"[""octets""]"
26.2.1,26.1.1,Oper,Cisco-IOS-XE-qfp-stats-oper.yang,grouping content,datapath-qfp-stats,,/switch-l2m-igmp-octets,property changed,leaf,leaf,units,[],"[""octets""]"
26.2.1,26.1.1,Oper,Cisco-IOS-XE-qfp-stats-oper.yang,grouping content,datapath-qfp-stats,,/switch-l2m-lookup-miss-octets,property changed,leaf,leaf,units,[],"[""octets""]"
26.2.1,26.1.1,Oper,Cisco-IOS-XE-qfp-stats-oper.yang,grouping content,datapath-qfp-stats,,/switch-l2m-mld-octets,property changed,leaf,leaf,units,[],"[""octets""]"
26.2.1,26.1.1,Oper,Cisco-IOS-XE-qfp-stats-oper.yang,grouping content,datapath-qfp-stats,,/switch-l2m-octets,property changed,leaf,leaf,units,[],"[""octets""]"
26.2.1,26.1.1,Oper,Cisco-IOS-XE-qfp-stats-oper.yang,grouping content,datapath-qfp-stats,,/switch-l2m-sanity-check-octets,property changed,leaf,leaf,units,[],"[""octets""]"
26.2.1,26.1.1,Oper,Cisco-IOS-XE-qfp-stats-oper.yang,grouping content,datapath-qfp-stats,,/swport-disabled-octets,property changed,leaf,leaf,units,[],"[""octets""]"
26.2.1,26.1.1,Oper,Cisco-IOS-XE-qfp-stats-oper.yang,grouping content,datapath-qfp-stats,,/swport-mac-conflict-octets,property changed,leaf,leaf,units,[],"[""octets""]"
26.2.1,26.1.1,Oper,Cisco-IOS-XE-qfp-stats-oper.yang,grouping content,datapath-qfp-stats,,/swport-octets,property changed,leaf,leaf,units,[],"[""octets""]"
26.2.1,26.1.1,Oper,Cisco-IOS-XE-qfp-stats-oper.yang,grouping content,datapath-qfp-stats,,/swport-sanity-check-octets,property changed,leaf,leaf,units,[],"[""octets""]"
26.2.1,26.1.1,Oper,Cisco-IOS-XE-qfp-stats-oper.yang,grouping content,datapath-qfp-stats,,/swport-stby-octets,property changed,leaf,leaf,units,[],"[""octets""]"
26.2.1,26.1.1,Oper,Cisco-IOS-XE-qfp-stats-oper.yang,grouping content,datapath-qfp-stats,,/swport-tx-stby-octets,property changed,leaf,leaf,units,[],"[""octets""]"
26.2.1,26.1.1,Oper,Cisco-IOS-XE-qfp-stats-oper.yang,grouping content,datapath-qfp-stats,,/swport-vp-state-octets,property changed,leaf,leaf,units,[],"[""octets""]"
26.2.1,26.1.1,Oper,Cisco-IOS-XE-qfp-stats-oper.yang,grouping content,datapath-qfp-stats,,/tail-drop-octets,property changed,leaf,leaf,units,[],"[""octets""]"
26.2.1,26.1.1,Oper,Cisco-IOS-XE-qfp-stats-oper.yang,grouping content,datapath-qfp-stats,,/tcp-badfrag-octets,property changed,leaf,leaf,units,[],"[""octets""]"
26.2.1,26.1.1,Oper,Cisco-IOS-XE-qfp-stats-oper.yang,grouping content,datapath-qfp-stats,,/tcp-bp-sslvpn-octets,property changed,leaf,leaf,units,[],"[""octets""]"
26.2.1,26.1.1,Oper,Cisco-IOS-XE-qfp-stats-oper.yang,grouping content,datapath-qfp-stats,,/tcp-octets,property changed,leaf,leaf,units,[],"[""octets""]"
26.2.1,26.1.1,Oper,Cisco-IOS-XE-qfp-stats-oper.yang,grouping content,datapath-qfp-stats,,/too-many-mpls-lookup-oce-octets,property changed,leaf,leaf,units,[],"[""octets""]"
26.2.1,26.1.1,Oper,Cisco-IOS-XE-qfp-stats-oper.yang,grouping content,datapath-qfp-stats,,/tunnel-bad-gre-checksum-octets,property changed,leaf,leaf,units,[],"[""octets""]"
26.2.1,26.1.1,Oper,Cisco-IOS-XE-qfp-stats-oper.yang,grouping content,datapath-qfp-stats,,/tunnel-bad-pim-checksum-octets,property changed,leaf,leaf,units,[],"[""octets""]"
26.2.1,26.1.1,Oper,Cisco-IOS-XE-qfp-stats-oper.yang,grouping content,datapath-qfp-stats,,/tunnel-decap-too-many-times-octets,property changed,leaf,leaf,units,[],"[""octets""]"
26.2.1,26.1.1,Oper,Cisco-IOS-XE-qfp-stats-oper.yang,grouping content,datapath-qfp-stats,,/tunnel-invalid-protocol-octets,property changed,leaf,leaf,units,[],"[""octets""]"
26.2.1,26.1.1,Oper,Cisco-IOS-XE-qfp-stats-oper.yang,grouping content,datapath-qfp-stats,,/tunnel-l2tpv3oipv6-cookie-mismatch-octets,property changed,leaf,leaf,units,[],"[""octets""]"
26.2.1,26.1.1,Oper,Cisco-IOS-XE-qfp-stats-oper.yang,grouping content,datapath-qfp-stats,,/tunnel-l2tpv3oipv6-cookieflag-error-octets,property changed,leaf,leaf,units,[],"[""octets""]"
26.2.1,26.1.1,Oper,Cisco-IOS-XE-qfp-stats-oper.yang,grouping content,datapath-qfp-stats,,/tunnel-l2tpv3oipv6-mac-mismatch-octets,property changed,leaf,leaf,units,[],"[""octets""]"
26.2.1,26.1.1,Oper,Cisco-IOS-XE-qfp-stats-oper.yang,grouping content,datapath-qfp-stats,,/tunnel-l2tpv3oipv6-minmtu-error-octets,property changed,leaf,leaf,units,[],"[""octets""]"
26.2.1,26.1.1,Oper,Cisco-IOS-XE-qfp-stats-oper.yang,grouping content,datapath-qfp-stats,,/tunnel-l2tpv3oipv6-unsupported-proto-octets,property changed,leaf,leaf,units,[],"[""octets""]"
26.2.1,26.1.1,Oper,Cisco-IOS-XE-qfp-stats-oper.yang,grouping content,datapath-qfp-stats,,/tunnel-l2tpv3oipv6-vlanid-mismatch-octets,property changed,leaf,leaf,units,[],"[""octets""]"
26.2.1,26.1.1,Oper,Cisco-IOS-XE-qfp-stats-oper.yang,grouping content,datapath-qfp-stats,,/tunnel-misconfiguration-octets,property changed,leaf,leaf,units,[],"[""octets""]"
26.2.1,26.1.1,Oper,Cisco-IOS-XE-qfp-stats-oper.yang,grouping content,datapath-qfp-stats,,/tunnel-pkt-sb-missed-octets,property changed,leaf,leaf,units,[],"[""octets""]"
26.2.1,26.1.1,Oper,Cisco-IOS-XE-qfp-stats-oper.yang,grouping content,datapath-qfp-stats,,/tunnel-sec-chk-fail-octets,property changed,leaf,leaf,units,[],"[""octets""]"
26.2.1,26.1.1,Oper,Cisco-IOS-XE-qfp-stats-oper.yang,grouping content,datapath-qfp-stats,,/tunnel-sgre-unsupported-proto-octets,property changed,leaf,leaf,units,[],"[""octets""]"
26.2.1,26.1.1,Oper,Cisco-IOS-XE-qfp-stats-oper.yang,grouping content,datapath-qfp-stats,,/tunnel-sgre-virtual-mac-mismatch-octets,property changed,leaf,leaf,units,[],"[""octets""]"
26.2.1,26.1.1,Oper,Cisco-IOS-XE-qfp-stats-oper.yang,grouping content,datapath-qfp-stats,,/tunnel-unsupported-config-octets,property changed,leaf,leaf,units,[],"[""octets""]"
26.2.1,26.1.1,Oper,Cisco-IOS-XE-qfp-stats-oper.yang,grouping content,datapath-qfp-stats,,/tunnel-vrf-demux-octets,property changed,leaf,leaf,units,[],"[""octets""]"
26.2.1,26.1.1,Oper,Cisco-IOS-XE-qfp-stats-oper.yang,grouping content,datapath-qfp-stats,,/tunnel-vrf-mux-octets,property changed,leaf,leaf,units,[],"[""octets""]"
26.2.1,26.1.1,Oper,Cisco-IOS-XE-qfp-stats-oper.yang,grouping content,datapath-qfp-stats,,/tunnel-vxlan-mismatch-octets,property changed,leaf,leaf,units,[],"[""octets""]"
26.2.1,26.1.1,Oper,Cisco-IOS-XE-qfp-stats-oper.yang,grouping content,datapath-qfp-stats,,/tunnel-vxlan-policer-octets,property changed,leaf,leaf,units,[],"[""octets""]"
26.2.1,26.1.1,Oper,Cisco-IOS-XE-qfp-stats-oper.yang,grouping content,datapath-qfp-stats,,/udp-octets,property changed,leaf,leaf,units,[],"[""octets""]"
26.2.1,26.1.1,Oper,Cisco-IOS-XE-qfp-stats-oper.yang,grouping content,datapath-qfp-stats,,/uidb-not-cfgd-octets,property changed,leaf,leaf,units,[],"[""octets""]"
26.2.1,26.1.1,Oper,Cisco-IOS-XE-qfp-stats-oper.yang,grouping content,datapath-qfp-stats,,/unconfigured-fia-octets,property changed,leaf,leaf,units,[],"[""octets""]"
26.2.1,26.1.1,Oper,Cisco-IOS-XE-qfp-stats-oper.yang,grouping content,datapath-qfp-stats,,/unconfigured-ipv4-fia-octets,property changed,leaf,leaf,units,[],"[""octets""]"
26.2.1,26.1.1,Oper,Cisco-IOS-XE-qfp-stats-oper.yang,grouping content,datapath-qfp-stats,,/unconfigured-ipv6-fia-octets,property changed,leaf,leaf,units,[],"[""octets""]"
26.2.1,26.1.1,Oper,Cisco-IOS-XE-qfp-stats-oper.yang,grouping content,datapath-qfp-stats,,/unconfigured-mpls-fia-octets,property changed,leaf,leaf,units,[],"[""octets""]"
26.2.1,26.1.1,Oper,Cisco-IOS-XE-qfp-stats-oper.yang,grouping content,datapath-qfp-stats,,/unisr-no-match-octets,property changed,leaf,leaf,units,[],"[""octets""]"
26.2.1,26.1.1,Oper,Cisco-IOS-XE-qfp-stats-oper.yang,grouping content,datapath-qfp-stats,,/unisr-src-fltrd-octets,property changed,leaf,leaf,units,[],"[""octets""]"
26.2.1,26.1.1,Oper,Cisco-IOS-XE-qfp-stats-oper.yang,grouping content,datapath-qfp-stats,,/unknown-encap-octets,property changed,leaf,leaf,units,[],"[""octets""]"
26.2.1,26.1.1,Oper,Cisco-IOS-XE-qfp-stats-oper.yang,grouping content,datapath-qfp-stats,,/unknown-ext-header-octets,property changed,leaf,leaf,units,[],"[""octets""]"
26.2.1,26.1.1,Oper,Cisco-IOS-XE-qfp-stats-oper.yang,grouping content,datapath-qfp-stats,,/unknown-mcast-pkt-type-octets,property changed,leaf,leaf,units,[],"[""octets""]"
26.2.1,26.1.1,Oper,Cisco-IOS-XE-qfp-stats-oper.yang,grouping content,datapath-qfp-stats,,/unresolved-octets,property changed,leaf,leaf,units,[],"[""octets""]"
26.2.1,26.1.1,Oper,Cisco-IOS-XE-qfp-stats-oper.yang,grouping content,datapath-qfp-stats,,/unsupport-linktype-no-route-octets,property changed,leaf,leaf,units,[],"[""octets""]"
26.2.1,26.1.1,Oper,Cisco-IOS-XE-qfp-stats-oper.yang,grouping content,datapath-qfp-stats,,/unsupport-linktype-null0-octets,property changed,leaf,leaf,units,[],"[""octets""]"
26.2.1,26.1.1,Oper,Cisco-IOS-XE-qfp-stats-oper.yang,grouping content,datapath-qfp-stats,,/unsupported-oce-octets,property changed,leaf,leaf,units,[],"[""octets""]"
26.2.1,26.1.1,Oper,Cisco-IOS-XE-qfp-stats-oper.yang,grouping content,datapath-qfp-stats,,/utd-octets,property changed,leaf,leaf,units,[],"[""octets""]"
26.2.1,26.1.1,Oper,Cisco-IOS-XE-qfp-stats-oper.yang,grouping content,datapath-qfp-stats,,/utd-sn-octets,property changed,leaf,leaf,units,[],"[""octets""]"
26.2.1,26.1.1,Oper,Cisco-IOS-XE-qfp-stats-oper.yang,grouping content,datapath-qfp-stats,,/vfr-err-octets,property changed,leaf,leaf,units,[],"[""octets""]"
26.2.1,26.1.1,Oper,Cisco-IOS-XE-qfp-stats-oper.yang,grouping content,datapath-qfp-stats,,/vfr-tail-drop-octets,property changed,leaf,leaf,units,[],"[""octets""]"
26.2.1,26.1.1,Oper,Cisco-IOS-XE-qfp-stats-oper.yang,grouping content,datapath-qfp-stats,,/vtcp-err-octets,property changed,leaf,leaf,units,[],"[""octets""]"
26.2.1,26.1.1,Oper,Cisco-IOS-XE-qfp-stats-oper.yang,grouping content,datapath-qfp-stats,,/vtcp-inv-tx-octets,property changed,leaf,leaf,units,[],"[""octets""]"
26.2.1,26.1.1,Oper,Cisco-IOS-XE-qfp-stats-oper.yang,grouping content,datapath-qfp-stats,,/vtcp-mem-err-octets,property changed,leaf,leaf,units,[],"[""octets""]"
26.2.1,26.1.1,Oper,Cisco-IOS-XE-qfp-stats-oper.yang,grouping content,datapath-qfp-stats,,/vtcp-pa-err-octets,property changed,leaf,leaf,units,[],"[""octets""]"
26.2.1,26.1.1,Oper,Cisco-IOS-XE-qfp-stats-oper.yang,grouping content,datapath-qfp-stats,,/vtcp-punt-err-octets,property changed,leaf,leaf,units,[],"[""octets""]"
26.2.1,26.1.1,Oper,Cisco-IOS-XE-qfp-stats-oper.yang,grouping content,datapath-qfp-stats,,/wlclnt-err-octets,property changed,leaf,leaf,units,[],"[""octets""]"
26.2.1,26.1.1,Oper,Cisco-IOS-XE-qfp-stats-oper.yang,grouping content,datapath-qfp-stats,,/wlclnt-fnf-v9-err-octets,property changed,leaf,leaf,units,[],"[""octets""]"
26.2.1,26.1.1,Oper,Cisco-IOS-XE-qfp-stats-oper.yang,grouping content,datapath-qfp-stats,,/wlclnt-fnf-v9-report-octets,property changed,leaf,leaf,units,[],"[""octets""]"
26.2.1,26.1.1,Oper,Cisco-IOS-XE-qfp-stats-oper.yang,grouping content,datapath-qfp-stats,,/wpan-octets,property changed,leaf,leaf,units,[],"[""octets""]"
26.2.1,26.1.1,Oper,Cisco-IOS-XE-qfp-stats-oper.yang,grouping content,datapath-qfp-stats,,/wred-octets,property changed,leaf,leaf,units,[],"[""octets""]"
26.2.1,26.1.1,Oper,Cisco-IOS-XE-rawsocket-oper.yang,grouping content,connection-stats,,/tcp-in-bytes,property changed,leaf,leaf,units,[],"[""bytes""]"
26.2.1,26.1.1,Oper,Cisco-IOS-XE-rawsocket-oper.yang,grouping content,connection-stats,,/tcp-out-bytes,property changed,leaf,leaf,units,[],"[""bytes""]"
26.2.1,26.1.1,Oper,Cisco-IOS-XE-rawsocket-oper.yang,grouping content,connection-stats,,/tcp-to-tty-frames,property changed,leaf,leaf,units,[],"[""frames""]"
26.2.1,26.1.1,Oper,Cisco-IOS-XE-sd-vxlan-oper.yang,grouping content,per-vni-vrf-policer,,/cir,property changed,leaf,leaf,units,"[""bits per seconds""]","[""bps""]"
26.2.1,26.1.1,Config,Cisco-IOS-XE-site-manager.yang,grouping content,config-password,,/password/enryption-type,property changed,leaf,leaf,type,"[""enumeration {enum 0; enum 6; enum 7}""]","[""enumeration {enum 0; enum 7; enum 6}""]"
26.2.1,26.1.1,Config,Cisco-IOS-XE-snmp.yang,grouping content,config-snmp-server-grouping,,/allow,added data node,,container,,,
26.2.1,26.1.1,Config,Cisco-IOS-XE-snmp.yang,grouping content,config-snmp-server-grouping,,/allow/vrf,added data node,,list,,,
26.2.1,26.1.1,Config,Cisco-IOS-XE-snmp.yang,grouping content,config-snmp-server-grouping,,/allow/vrf/vrf-name,added data node,,leaf,,,
26.2.1,26.1.1,Config,Cisco-IOS-XE-snmp.yang,grouping content,config-snmp-server-grouping,,/file-transfer/access-group-with-protocol/protocol,property changed,leaf,leaf,type,"[""enumeration {enum tftp; enum rcp; enum scp; enum ftp; enum sftp}""]","[""enumeration {enum tftp [value 0, status deprecated]; enum rcp [value 1, status deprecated]; enum scp [value 2]; enum ftp [value 3, status deprecated]; enum sftp [value 4]}""]"
26.2.1,26.1.1,Config,Cisco-IOS-XE-spanning-tree.yang,grouping content,config-interface-spanning-tree,,/spanning-tree/mst/mst-instance-v2,added data node,,list,,,
26.2.1,26.1.1,Config,Cisco-IOS-XE-spanning-tree.yang,grouping content,config-interface-spanning-tree,,/spanning-tree/mst/mst-instance-v2/cost,added data node,,leaf,,,
26.2.1,26.1.1,Config,Cisco-IOS-XE-spanning-tree.yang,grouping content,config-interface-spanning-tree,,/spanning-tree/mst/mst-instance-v2/instance,added data node,,leaf,,,
26.2.1,26.1.1,Config,Cisco-IOS-XE-spanning-tree.yang,grouping content,config-interface-spanning-tree,,/spanning-tree/mst/mst-instance-v2/port-priority,added data node,,leaf,,,
26.2.1,26.1.1,Config,Cisco-IOS-XE-spanning-tree.yang,grouping content,config-interface-spanning-tree,,/spanning-tree/mst/simulate,added data node,,container,,,
26.2.1,26.1.1,Config,Cisco-IOS-XE-spanning-tree.yang,grouping content,config-interface-spanning-tree,,/spanning-tree/mst/simulate/pvst,added data node,,container,,,
26.2.1,26.1.1,Config,Cisco-IOS-XE-spanning-tree.yang,grouping content,config-interface-spanning-tree,,/spanning-tree/mst/simulate/pvst/disable,added data node,,leaf,,,
26.2.1,26.1.1,Config,Cisco-IOS-XE-spanning-tree.yang,grouping content,config-interface-spanning-tree,,/spanning-tree/mst/mst-instance,property changed,list,list,status,[],"[""deprecated""]"
26.2.1,26.1.1,Config,Cisco-IOS-XE-spanning-tree.yang,grouping content,config-interface-spanning-tree,,/spanning-tree/mst/mst-instance/cost,property changed,leaf,leaf,status,[],"[""deprecated""]"
26.2.1,26.1.1,Config,Cisco-IOS-XE-spanning-tree.yang,grouping content,config-interface-spanning-tree,,/spanning-tree/mst/mst-instance/instance,property changed,leaf,leaf,status,[],"[""deprecated""]"
26.2.1,26.1.1,Config,Cisco-IOS-XE-spanning-tree.yang,grouping content,config-interface-spanning-tree,,/spanning-tree/mst/mst-instance/port-priority,property changed,leaf,leaf,status,[],"[""deprecated""]"
26.2.1,26.1.1,Config,Cisco-IOS-XE-spanning-tree.yang,grouping content,config-spanning-tree-grouping,,/bridge/mac,added data node,,leaf,,,
26.2.1,26.1.1,Config,Cisco-IOS-XE-spanning-tree.yang,grouping content,config-spanning-tree-grouping,,/queue,added data node,,container,,,
26.2.1,26.1.1,Config,Cisco-IOS-XE-spanning-tree.yang,grouping content,config-spanning-tree-grouping,,/queue/maxsize,added data node,,leaf,,,
26.2.1,26.1.1,Config,Cisco-IOS-XE-spanning-tree.yang,grouping content,config-spanning-tree-grouping,,/sso,added data node,,container,,,
26.2.1,26.1.1,Config,Cisco-IOS-XE-spanning-tree.yang,grouping content,config-spanning-tree-grouping,,/sso/block-tcn,added data node,,leaf,,,
26.2.1,26.1.1,Config,Cisco-IOS-XE-spanning-tree.yang,grouping content,config-spanning-tree-grouping,,/mst/simulate/pvst/global,property changed,leaf,leaf,default,[],"[""true""]"
26.2.1,26.1.1,RPC,Cisco-IOS-XE-sse-actions-rpc.yang,grouping content,sse-root-ca-bdl-upd,,/sse-root-ca-bdl-path,new grouping data node,,leaf,,,
26.2.1,26.1.1,RPC,Cisco-IOS-XE-sse-actions-rpc.yang,grouping content,sse-root-ca-bdl-upd,,/sse-root-ca-bdl-sha256,new grouping data node,,leaf,,,
26.2.1,26.1.1,RPC,Cisco-IOS-XE-sse-actions-rpc.yang,grouping content,sse-root-ca-bdl-upd-rsp,,/status,new grouping data node,,leaf,,,
26.2.1,26.1.1,RPC,Cisco-IOS-XE-sse-actions-rpc.yang,grouping content,sse-root-ca-bdl-upd-rsp,,/reason,new grouping data node,,leaf,,,
26.2.1,26.1.1,RPC,Cisco-IOS-XE-sse-actions-rpc.yang,grouping content,sse-root-ca-bdl-upd-rsp,,/detail,new grouping data node,,leaf,,,
26.2.1,26.1.1,Oper,Cisco-IOS-XE-stack-info-oper.yang,grouping content,bss-stack-adapter-info,,/presence,new grouping data node,,leaf,,,
26.2.1,26.1.1,Oper,Cisco-IOS-XE-stack-info-oper.yang,grouping content,bss-stack-adapter-info,,/auth-status,new grouping data node,,leaf,,,
26.2.1,26.1.1,Oper,Cisco-IOS-XE-stack-info-oper.yang,grouping content,bss-stack-adapter-info,,/serial-num,new grouping data node,,leaf,,,
26.2.1,26.1.1,Oper,Cisco-IOS-XE-stack-info-oper.yang,grouping content,bss-stack-node-info,,/adapter-info,added data node,,container,,,
26.2.1,26.1.1,Oper,Cisco-IOS-XE-stack-info-oper.yang,grouping content,bss-stack-node-info,,/adapter-info/uses::stack-info-ios-xe-oper:bss-stack-adapter-info,added uses reference,,uses,uses,,stack-info-ios-xe-oper:bss-stack-adapter-info
26.2.1,26.1.1,Oper,Cisco-IOS-XE-stack-oper.yang,grouping content,stack-info,,/ring-speed,property changed,leaf,leaf,units,[],"[""Gbps""]"
26.2.1,26.1.1,Oper,Cisco-IOS-XE-switch-ptp-oper.yang,grouping content,ptp-clock-current-data,,/max-offset-from-master,property changed,leaf,leaf,units,[],"[""nanoseconds""]"
26.2.1,26.1.1,Oper,Cisco-IOS-XE-switch-ptp-oper.yang,grouping content,ptp-clock-default-data,,/holdover-timer-value,property changed,leaf,leaf,units,[],"[""seconds""]"
26.2.1,26.1.1,Oper,Cisco-IOS-XE-switch-ptp-oper.yang,grouping content,ptp-oper-time-interval,,/fractional-nano-seconds,property changed,leaf,leaf,units,[],"[""nanoseconds""]"
26.2.1,26.1.1,Oper,Cisco-IOS-XE-switch-ptp-oper.yang,grouping content,ptp-oper-time-interval,,/nano-seconds,property changed,leaf,leaf,units,[],"[""nanoseconds""]"
26.2.1,26.1.1,Config,Cisco-IOS-XE-switch.yang,grouping content,condition-list-grouping,,/condition,new grouping data node,,leaf-list,,,
26.2.1,26.1.1,Config,Cisco-IOS-XE-switch.yang,grouping content,config-device-grouping,,/device/classifier-with-condition/classifier/condition/uses::condition-list-grouping,added uses reference,,uses,uses,,condition-list-grouping
26.2.1,26.1.1,Config,Cisco-IOS-XE-switch.yang,grouping content,config-interface-switch-grouping,,/auto/detection,added data node,,container,,,
26.2.1,26.1.1,Config,Cisco-IOS-XE-switch.yang,grouping content,config-interface-switch-grouping,,/auto/detection/macsec,added data node,,leaf,,,
26.2.1,26.1.1,Config,Cisco-IOS-XE-switch.yang,grouping content,config-interface-switchport-grouping,,/port-security-config/port-security/mac-move,added data node,,container,,,
26.2.1,26.1.1,Config,Cisco-IOS-XE-switch.yang,grouping content,config-interface-switchport-grouping,,/port-security-config/port-security/mac-move/permit,added data node,,container,,,
26.2.1,26.1.1,Config,Cisco-IOS-XE-switch.yang,grouping content,config-interface-switchport-grouping,,/port-security-config/port-security/mac-move/permit/redundancy-protocol,added data node,,leaf,,,
26.2.1,26.1.1,Config,Cisco-IOS-XE-switch.yang,grouping content,config-network-policy-grouping,,/network-policy,property changed,container,container,status,[],"[""obsolete""]"
26.2.1,26.1.1,Config,Cisco-IOS-XE-switch.yang,grouping content,config-network-policy-grouping,,/network-policy/profile,property changed,leaf,leaf,status,[],"[""obsolete""]"
26.2.1,26.1.1,Config,Cisco-IOS-XE-switch.yang,grouping content,config-network-policy-grouping-v2,,/network-policy-v2,new grouping data node,,container,,,
26.2.1,26.1.1,Config,Cisco-IOS-XE-switch.yang,grouping content,config-network-policy-grouping-v2,,/network-policy-v2/profile-v2,new grouping data node,,list,,,
26.2.1,26.1.1,Config,Cisco-IOS-XE-switch.yang,grouping content,config-network-policy-grouping-v2,,/network-policy-v2/profile-v2/profile-id,new grouping data node,,leaf,,,
26.2.1,26.1.1,Config,Cisco-IOS-XE-switch.yang,grouping content,config-network-policy-grouping-v2,,/network-policy-v2/profile-v2/voice,new grouping data node,,container,,,
26.2.1,26.1.1,Config,Cisco-IOS-XE-switch.yang,grouping content,config-network-policy-grouping-v2,,/network-policy-v2/profile-v2/voice/vlan,new grouping data node,,container,,,
26.2.1,26.1.1,Config,Cisco-IOS-XE-switch.yang,grouping content,config-network-policy-grouping-v2,choice vlan-type > case vlan-id-case,/network-policy-v2/profile-v2/voice/vlan/vlan-id-parameters,new grouping data node,,container,,,
26.2.1,26.1.1,Config,Cisco-IOS-XE-switch.yang,grouping content,config-network-policy-grouping-v2,choice vlan-type > case vlan-id-case,/network-policy-v2/profile-v2/voice/vlan/vlan-id-parameters/vlan-id,new grouping data node,,leaf,,,
26.2.1,26.1.1,Config,Cisco-IOS-XE-switch.yang,grouping content,config-network-policy-grouping-v2,choice vlan-type > case vlan-id-case > choice qos-marking,/network-policy-v2/profile-v2/voice/vlan/vlan-id-parameters/cos,new grouping data node,,leaf,,,
26.2.1,26.1.1,Config,Cisco-IOS-XE-switch.yang,grouping content,config-network-policy-grouping-v2,choice vlan-type > case vlan-id-case > choice qos-marking,/network-policy-v2/profile-v2/voice/vlan/vlan-id-parameters/dscp,new grouping data node,,leaf,,,
26.2.1,26.1.1,Config,Cisco-IOS-XE-switch.yang,grouping content,config-network-policy-grouping-v2,choice vlan-type > case dot1p-case,/network-policy-v2/profile-v2/voice/vlan/dot1p,new grouping data node,,container,,,
26.2.1,26.1.1,Config,Cisco-IOS-XE-switch.yang,grouping content,config-network-policy-grouping-v2,choice vlan-type > case dot1p-case,/network-policy-v2/profile-v2/voice/vlan/dot1p/cos,new grouping data node,,leaf,,,
26.2.1,26.1.1,Config,Cisco-IOS-XE-switch.yang,grouping content,config-network-policy-grouping-v2,choice vlan-type > case dot1p-case,/network-policy-v2/profile-v2/voice/vlan/dot1p/dscp,new grouping data node,,leaf,,,
26.2.1,26.1.1,Config,Cisco-IOS-XE-switch.yang,grouping content,config-network-policy-grouping-v2,choice vlan-type > case untagged-case,/network-policy-v2/profile-v2/voice/vlan/untagged,new grouping data node,,leaf,,,
26.2.1,26.1.1,Config,Cisco-IOS-XE-switch.yang,grouping content,config-network-policy-grouping-v2,,/network-policy-v2/profile-v2/voice-signaling,new grouping data node,,container,,,
26.2.1,26.1.1,Config,Cisco-IOS-XE-switch.yang,grouping content,config-network-policy-grouping-v2,,/network-policy-v2/profile-v2/voice-signaling/vlan,new grouping data node,,container,,,
26.2.1,26.1.1,Config,Cisco-IOS-XE-switch.yang,grouping content,config-network-policy-grouping-v2,choice vlan-type > case vlan-id-case,/network-policy-v2/profile-v2/voice-signaling/vlan/vlan-id-parameters,new grouping data node,,container,,,
26.2.1,26.1.1,Config,Cisco-IOS-XE-switch.yang,grouping content,config-network-policy-grouping-v2,choice vlan-type > case vlan-id-case,/network-policy-v2/profile-v2/voice-signaling/vlan/vlan-id-parameters/vlan-id,new grouping data node,,leaf,,,
26.2.1,26.1.1,Config,Cisco-IOS-XE-switch.yang,grouping content,config-network-policy-grouping-v2,choice vlan-type > case vlan-id-case > choice qos-marking,/network-policy-v2/profile-v2/voice-signaling/vlan/vlan-id-parameters/cos,new grouping data node,,leaf,,,
26.2.1,26.1.1,Config,Cisco-IOS-XE-switch.yang,grouping content,config-network-policy-grouping-v2,choice vlan-type > case vlan-id-case > choice qos-marking,/network-policy-v2/profile-v2/voice-signaling/vlan/vlan-id-parameters/dscp,new grouping data node,,leaf,,,
26.2.1,26.1.1,Config,Cisco-IOS-XE-switch.yang,grouping content,config-network-policy-grouping-v2,choice vlan-type > case dot1p-case,/network-policy-v2/profile-v2/voice-signaling/vlan/dot1p,new grouping data node,,container,,,
26.2.1,26.1.1,Config,Cisco-IOS-XE-switch.yang,grouping content,config-network-policy-grouping-v2,choice vlan-type > case dot1p-case,/network-policy-v2/profile-v2/voice-signaling/vlan/dot1p/cos,new grouping data node,,leaf,,,
26.2.1,26.1.1,Config,Cisco-IOS-XE-switch.yang,grouping content,config-network-policy-grouping-v2,choice vlan-type > case dot1p-case,/network-policy-v2/profile-v2/voice-signaling/vlan/dot1p/dscp,new grouping data node,,leaf,,,
26.2.1,26.1.1,Config,Cisco-IOS-XE-switch.yang,grouping content,config-network-policy-grouping-v2,choice vlan-type > case untagged-case,/network-policy-v2/profile-v2/voice-signaling/vlan/untagged,new grouping data node,,leaf,,,
26.2.1,26.1.1,Config,Cisco-IOS-XE-switch.yang,grouping content,config-system-grouping,,/mtu/size,property changed,leaf,leaf,type,"[""uint16 {range 1500..9198}""]","[""uint16 {range 1500..9216}""]"
26.2.1,26.1.1,Config,Cisco-IOS-XE-switch.yang,grouping content,mac-regex-condition-grouping-v2,,/MAC/Regex,property changed,leaf-list,leaf-list,type,"[""string {pattern (([0-9a-fA-F]{4}\\.){2}[0-9a-fA-F]{4}|([0-9a-fA-F]{4}\\.)*([0-9a-fA-F]{0,4})\\*((\\.([0-9a-fA-F]{4}\\.)*|([0-9a-fA-F]{0,4}\\.([0-9a-fA-F]{4}\\.)*)?[0-9a-fA-F]{1,4}|[0-9a-fA-F]{1,4}((\\.[0-9a-fA-F]{4})*\\.))\\*)*([0-9a-fA-F]{0,4})(\\.[0-9a-fA-F]{4})*); length 1..14}""]","[""string {pattern (((([0-9a-fA-F]{4}\\.){2}[0-9a-fA-F]{4}|([0-9a-fA-F]{4}\\.)*([0-9a-fA-F]{0,4})\\*((\\.([0-9a-fA-F]{4}\\.)*|([0-9a-fA-F]{0,4}\\.([0-9a-fA-F]{4}\\.)*)?[0-9a-fA-F]{1,4}|[0-9a-fA-F]{1,4}((\\.[0-9a-fA-F]{4})*\\.))\\*)*([0-9a-fA-F]{0,4})(\\.[0-9a-fA-F]{4})*)\\|)*(([0-9a-fA-F]{4}\\.){2}[0-9a-fA-F]{4}|([0-9a-fA-F]{4}\\.)*([0-9a-fA-F]{0,4})\\*((\\.([0-9a-fA-F]{4}\\.)*|([0-9a-fA-F]{0,4}\\.([0-9a-fA-F]{4}\\.)*)?[0-9a-fA-F]{1,4}|[0-9a-fA-F]{1,4}((\\.[0-9a-fA-F]{4})*\\.))\\*)*([0-9a-fA-F]{0,4})(\\.[0-9a-fA-F]{4})*)); length 1..240}""]"
26.2.1,26.1.1,Config,Cisco-IOS-XE-synce.yang,grouping content,config-synce-grouping,,/external/R0/signal,property changed,leaf,leaf,type,"[""enumeration {enum 10m; enum 2048k; enum 2m; enum e1; enum t1}""]","[""enumeration {enum 10m; enum 2048k; enum 2m; enum e1; enum t1; enum 1hz}""]"
26.2.1,26.1.1,Config,Cisco-IOS-XE-synce.yang,grouping content,config-synce-grouping,,/external/R1/signal,property changed,leaf,leaf,type,"[""enumeration {enum 10m; enum 2048k; enum 2m; enum e1; enum t1}""]","[""enumeration {enum 10m; enum 2048k; enum 2m; enum e1; enum t1; enum 1hz}""]"
26.2.1,26.1.1,Config,Cisco-IOS-XE-synce.yang,grouping content,config-synce-grouping,,/external/slot-port/signal,property changed,leaf,leaf,type,"[""enumeration {enum 10m; enum 2048k; enum 2m; enum e1; enum t1}""]","[""enumeration {enum 10m; enum 2048k; enum 2m; enum e1; enum t1; enum 1hz}""]"
26.2.1,26.1.1,Config,Cisco-IOS-XE-synce.yang,grouping content,config-synce-grouping,choice ext-source-opts,/input-source-synce/External/signal-list/signal,property changed,leaf,leaf,type,"[""enumeration {enum 10m; enum 2048k; enum 2m; enum e1; enum t1}""]","[""enumeration {enum 10m; enum 2048k; enum 2m; enum e1; enum t1; enum 1hz}""]"
26.2.1,26.1.1,Config,Cisco-IOS-XE-synce.yang,grouping content,config-synce-grouping,choice out-source-opts,/output-source/line/interface/interface-list/External/signal-list/signal,property changed,leaf,leaf,type,"[""enumeration {enum 10m; enum 2048k; enum 2m; enum e1; enum t1}""]","[""enumeration {enum 10m; enum 2048k; enum 2m; enum e1; enum t1; enum 1hz}""]"
26.2.1,26.1.1,Config,Cisco-IOS-XE-synce.yang,grouping content,config-synce-grouping,choice out-source-opts,/output-source/line/ptp/domain/External/signal-list/signal,property changed,leaf,leaf,type,"[""enumeration {enum 10m; enum 2048k; enum 2m; enum e1; enum t1}""]","[""enumeration {enum 10m; enum 2048k; enum 2m; enum e1; enum t1; enum 1hz}""]"
26.2.1,26.1.1,Config,Cisco-IOS-XE-synce.yang,grouping content,config-synce-grouping,,/output-source/system/External/signal-list/signal,property changed,leaf,leaf,type,"[""enumeration {enum 10m; enum 2048k; enum 2m; enum e1; enum t1}""]","[""enumeration {enum 10m; enum 2048k; enum 2m; enum e1; enum t1; enum 1hz}""]"
26.2.1,26.1.1,Config,Cisco-IOS-XE-synce.yang,grouping content,config-synce-grouping,choice ext-source-opts,/quality-level/ql-val-list/External/signal-list/signal,property changed,leaf,leaf,type,"[""enumeration {enum 10m; enum 2048k; enum 2m; enum e1; enum t1}""]","[""enumeration {enum 10m; enum 2048k; enum 2m; enum e1; enum t1; enum 1hz}""]"
26.2.1,26.1.1,Config,Cisco-IOS-XE-template.yang,grouping content,template-grouping,,/spanning-tree/bpduguard-v2,added data node,,container,,,
26.2.1,26.1.1,Config,Cisco-IOS-XE-template.yang,grouping content,template-grouping,choice bpduguard-choice > case disable-case,/spanning-tree/bpduguard-v2/disable,added data node,,leaf,,,
26.2.1,26.1.1,Config,Cisco-IOS-XE-template.yang,grouping content,template-grouping,choice bpduguard-choice > case enable-case,/spanning-tree/bpduguard-v2/enable,added data node,,leaf,,,
26.2.1,26.1.1,Config,Cisco-IOS-XE-template.yang,grouping content,template-grouping,,/spanning-tree/bpduguard,property changed,container,container,status,[],"[""deprecated""]"
26.2.1,26.1.1,Config,Cisco-IOS-XE-template.yang,grouping content,template-grouping,,/spanning-tree/bpduguard/disable,property changed,leaf,leaf,status,[],"[""deprecated""]"
26.2.1,26.1.1,Config,Cisco-IOS-XE-template.yang,grouping content,template-grouping,,/spanning-tree/bpduguard/enable,property changed,leaf,leaf,status,[],"[""deprecated""]"
26.2.1,26.1.1,Config,Cisco-IOS-XE-track.yang,grouping content,config-track-grouping,choice track-type > case interface-case,/tracked-object-v2/interface/cloud-tracker,added data node,,leaf,,,
26.2.1,26.1.1,Config,Cisco-IOS-XE-track.yang,grouping content,config-track-grouping,choice track-type > case interface-case,/tracked-object-v2/interface/vrrp,added data node,,leaf,,,
26.2.1,26.1.1,Config,Cisco-IOS-XE-track.yang,grouping content,track-grouping,,/object,property changed,list,list,when,[],"[""../list""]"
26.2.1,26.1.1,Oper,Cisco-IOS-XE-tunnel-oper.yang,grouping content,tunnel-common-interface,,/ip-mtu,property changed,leaf,leaf,units,[],"[""bytes""]"
26.2.1,26.1.1,Oper,Cisco-IOS-XE-tunnel-oper.yang,grouping content,tunnel-common-interface,,/mtu,property changed,leaf,leaf,units,[],"[""bytes""]"
26.2.1,26.1.1,Oper,Cisco-IOS-XE-tunnel-oper.yang,grouping content,tunnel-common-interface,,/transport-mtu,property changed,leaf,leaf,units,[],"[""bytes""]"
26.2.1,26.1.1,Oper,Cisco-IOS-XE-uplink-autoconfig-oper.yang,grouping content,uplink-ipv4-if,,/is-p2p,added data node,,leaf,,,
26.2.1,26.1.1,Oper,Cisco-IOS-XE-uplink-autoconfig-oper.yang,grouping content,uplink-ipv6-if,,/is-p2p,added data node,,leaf,,,
26.2.1,26.1.1,Other,Cisco-IOS-XE-utd-events.yang,grouping content,utd-log-fqdn-dst-status-change,,/severity-level,new grouping data node,,leaf,,,
26.2.1,26.1.1,Other,Cisco-IOS-XE-utd-events.yang,grouping content,utd-log-fqdn-dst-status-change,,/host-name,new grouping data node,,leaf,,,
26.2.1,26.1.1,Other,Cisco-IOS-XE-utd-events.yang,grouping content,utd-log-fqdn-dst-status-change,,/system-ip,new grouping data node,,leaf,,,
26.2.1,26.1.1,Other,Cisco-IOS-XE-utd-events.yang,grouping content,utd-log-fqdn-dst-status-change,,/fqdn,new grouping data node,,leaf,,,
26.2.1,26.1.1,Other,Cisco-IOS-XE-utd-events.yang,grouping content,utd-log-fqdn-dst-status-change,,/ni-type,new grouping data node,,leaf,,,
26.2.1,26.1.1,Other,Cisco-IOS-XE-utd-events.yang,grouping content,utd-log-fqdn-dst-status-change,,/ni-name,new grouping data node,,leaf,,,
26.2.1,26.1.1,Other,Cisco-IOS-XE-utd-events.yang,grouping content,utd-log-fqdn-dst-status-change,,/new-state,new grouping data node,,leaf,,,
26.2.1,26.1.1,Other,Cisco-IOS-XE-utd-events.yang,grouping content,utd-log-fqdn-dst-status-change,,/dst-ip,new grouping data node,,leaf,,,
26.2.1,26.1.1,Other,Cisco-IOS-XE-utd-events.yang,grouping content,utd-log-fqdn-dst-status-change,,/dst-port,new grouping data node,,leaf,,,
26.2.1,26.1.1,Other,Cisco-IOS-XE-utd-events.yang,grouping content,utd-log-fqdn-dst-status-change,,/error-reason,new grouping data node,,leaf,,,
26.2.1,26.1.1,Oper,Cisco-IOS-XE-utd-oper.yang,grouping content,utd-file-analysis-status,,/backoff-interval,property changed,leaf,leaf,units,[],"[""seconds""]"
26.2.1,26.1.1,RPC,Cisco-IOS-XE-utd-rpc.yang,grouping content,utd-refresh-token-grouping,,/refresh-token,new grouping data node,,leaf,,,
26.2.1,26.1.1,Config,Cisco-IOS-XE-utd.yang,grouping content,refresh-token-grouping,,/refresh-token,new grouping data node,,container,,,
26.2.1,26.1.1,Config,Cisco-IOS-XE-utd.yang,grouping content,refresh-token-grouping,,/refresh-token/type,new grouping data node,,leaf,,,
26.2.1,26.1.1,Config,Cisco-IOS-XE-utd.yang,grouping content,refresh-token-grouping,,/refresh-token/secret,new grouping data node,,leaf,,,
26.2.1,26.1.1,Config,Cisco-IOS-XE-utd.yang,grouping content,utd-engine-standard-grouping,,/threat-inspection/signature/update/server/cisco/uses::refresh-token-grouping,added uses reference,,uses,uses,,refresh-token-grouping
26.2.1,26.1.1,Config,Cisco-IOS-XE-utd.yang,grouping content,utd-engine-standard-grouping,,/logging/host/name,property changed,leaf,leaf,type,"[""string {length 1..45}""]","[""union {member inet:ip-address; member inet:domain-name {length 1..118}}""]"
26.2.1,26.1.1,Config,Cisco-IOS-XE-vlan.yang,grouping content,config-interface-vlan-grouping,,/evpn,added data node,,container,,,
26.2.1,26.1.1,Config,Cisco-IOS-XE-vlan.yang,grouping content,config-interface-vlan-grouping,,/evpn/subnet-slicing,added data node,,leaf,,,
26.2.1,26.1.1,Config,Cisco-IOS-XE-vlan.yang,grouping content,config-interface-vlan-grouping,,/host-routing,added data node,,container,,,
26.2.1,26.1.1,Config,Cisco-IOS-XE-voice.yang,grouping content,config-uc-grouping,,/uc/wsapi,property changed,container,container,status,[],"[""deprecated""]"
26.2.1,26.1.1,Config,Cisco-IOS-XE-voice.yang,grouping content,gw-accounting-primary-secondary-grouping,choice file-transfer-choice > case ftp-case,/ftp,property changed,container,container,status,[],"[""deprecated""]"
26.2.1,26.1.1,RPC,Cisco-IOS-XE-wireless-access-point-cfg-rpc.yang,grouping content,clear-ap-country,choice alternative-choice > case ap-identifier-name,/ap-name,new grouping data node,,leaf,,,
26.2.1,26.1.1,RPC,Cisco-IOS-XE-wireless-access-point-cfg-rpc.yang,grouping content,clear-ap-country,choice alternative-choice > case ap-identifier-mac-address,/mac-addr,new grouping data node,,leaf,,,
26.2.1,26.1.1,RPC,Cisco-IOS-XE-wireless-access-point-cfg-rpc.yang,grouping content,clear-ap-floor,choice alternative-choice > case ap-identifier-name,/ap-name,new grouping data node,,leaf,,,
26.2.1,26.1.1,RPC,Cisco-IOS-XE-wireless-access-point-cfg-rpc.yang,grouping content,clear-ap-floor,choice alternative-choice > case ap-identifier-mac-address,/mac-addr,new grouping data node,,leaf,,,
26.2.1,26.1.1,RPC,Cisco-IOS-XE-wireless-access-point-cfg-rpc.yang,grouping content,dual-band-role,,/chan,property changed,leaf,leaf,status,[],"[""deprecated""]"
26.2.1,26.1.1,RPC,Cisco-IOS-XE-wireless-access-point-cfg-rpc.yang,grouping content,dual-band-role,,/ip-addr,property changed,leaf,leaf,status,[],"[""deprecated""]"
26.2.1,26.1.1,RPC,Cisco-IOS-XE-wireless-access-point-cfg-rpc.yang,grouping content,set-ap-urwb-crd-mode,,/nwname,added data node,,leaf,,,
26.2.1,26.1.1,RPC,Cisco-IOS-XE-wireless-access-point-cfg-rpc.yang,grouping content,set-sniffing-request,,/status,new grouping data node,,leaf,,,
26.2.1,26.1.1,RPC,Cisco-IOS-XE-wireless-access-point-cfg-rpc.yang,grouping content,set-sniffing-request,,/chan,new grouping data node,,leaf,,,
26.2.1,26.1.1,RPC,Cisco-IOS-XE-wireless-access-point-cfg-rpc.yang,grouping content,set-sniffing-request,,/server-ip,new grouping data node,,leaf,,,
26.2.1,26.1.1,RPC,Cisco-IOS-XE-wireless-access-point-cfg-rpc.yang,grouping content,set-sniffing-request,,/slot-id,new grouping data node,,leaf,,,
26.2.1,26.1.1,RPC,Cisco-IOS-XE-wireless-access-point-cfg-rpc.yang,grouping content,set-sniffing-request,choice alternative-choice > case ap-identifier-name,/ap-name,new grouping data node,,leaf,,,
26.2.1,26.1.1,RPC,Cisco-IOS-XE-wireless-access-point-cfg-rpc.yang,grouping content,set-sniffing-request,choice alternative-choice > case ap-identifier-mac-address,/mac-addr,new grouping data node,,leaf,,,
26.2.1,26.1.1,Oper,Cisco-IOS-XE-wireless-access-point-oper.yang,grouping content,capwap-wtp-data,,/auto-macsec-enabled,added data node,,leaf,,,
26.2.1,26.1.1,Oper,Cisco-IOS-XE-wireless-access-point-oper.yang,grouping content,capwap-wtp-data,,/prox-res-method,added data node,,leaf,,,
26.2.1,26.1.1,Oper,Cisco-IOS-XE-wireless-access-point-oper.yang,grouping content,cdp-cache-data-op,,/sec,added data node,,leaf,,,
26.2.1,26.1.1,Oper,Cisco-IOS-XE-wireless-access-point-oper.yang,grouping content,ewlc-radio-operation-config,,/sia-serial-num,added data node,,leaf,,,
26.2.1,26.1.1,Oper,Cisco-IOS-XE-wireless-access-point-oper.yang,grouping content,lldp-neigh-data-op,,/auto-macsec-enabled,added data node,,leaf,,,
26.2.1,26.1.1,Other,Cisco-IOS-XE-wireless-afc-types.yang,grouping content,afc-chan-resp,,/max-eirp,property changed,leaf,leaf,units,[],"[""dBm""]"
26.2.1,26.1.1,Other,Cisco-IOS-XE-wireless-afc-types.yang,grouping content,afc-ellipse,,/major-axis,property changed,leaf,leaf,units,[],"[""meters""]"
26.2.1,26.1.1,Other,Cisco-IOS-XE-wireless-afc-types.yang,grouping content,afc-ellipse,,/minor-axis,property changed,leaf,leaf,units,[],"[""meters""]"
26.2.1,26.1.1,Other,Cisco-IOS-XE-wireless-afc-types.yang,grouping content,afc-ellipse,,/orientation,property changed,leaf,leaf,units,[],"[""degrees""]"
26.2.1,26.1.1,Other,Cisco-IOS-XE-wireless-afc-types.yang,grouping content,afc-point,,/latitude,property changed,leaf,leaf,units,[],"[""degrees""]"
26.2.1,26.1.1,Other,Cisco-IOS-XE-wireless-afc-types.yang,grouping content,afc-point,,/longitude,property changed,leaf,leaf,units,[],"[""degrees""]"
26.2.1,26.1.1,Other,Cisco-IOS-XE-wireless-afc-types.yang,grouping content,afc-request-data,,/min-desired-power,property changed,leaf,leaf,units,[],"[""dBm""]"
26.2.1,26.1.1,Config,Cisco-IOS-XE-wireless-ap-cfg.yang,grouping content,ap-tag,,/wat-profile-name,added data node,,leaf,,,
26.2.1,26.1.1,Config,Cisco-IOS-XE-wireless-ap-cfg.yang,grouping content,st-ap-filter-config,,/wat-profile-name,added data node,,leaf,,,
26.2.1,26.1.1,Other,Cisco-IOS-XE-wireless-ap-types.yang,grouping content,st-ap-macsec,,/auto-macsec,added data node,,leaf,,,
26.2.1,26.1.1,Other,Cisco-IOS-XE-wireless-ap-types.yang,grouping content,st-ap-macsec,,/macsec-enabled,property changed,leaf,leaf,must,[],"[""(current() = 'false') or (../../dot1x-eap-type-info/dot1x-eap-type != 'dot1x-eap-peap')""]"
26.2.1,26.1.1,Other,Cisco-IOS-XE-wireless-ap-types.yang,grouping content,st-ap-macsec,,/psk-chain,property changed,leaf,leaf,type,"[""string {length 0..32; pattern [!-~]([ -~]*[!-~])?}""]","[""string {length 0..32; pattern ([!-~]([ -~]*[!-~])?)?}""]"
26.2.1,26.1.1,Other,Cisco-IOS-XE-wireless-ap-types.yang,grouping content,st-dot1x-eap-auth-info,,/dot1x-eap-type,property changed,leaf,leaf,must,[],"[""not(../../macsec/macsec-enabled = 'true') or (current() != 'dot1x-eap-peap')""]"
26.2.1,26.1.1,Other,Cisco-IOS-XE-wireless-ap-types.yang,grouping content,st-hyperlocation,,/pak-rssi-threshold-detection,property changed,leaf,leaf,units,[],"[""dBm""]"
26.2.1,26.1.1,Other,Cisco-IOS-XE-wireless-ap-types.yang,grouping content,st-hyperlocation,,/pak-rssi-threshold-reset,property changed,leaf,leaf,units,[],"[""dBm""]"
26.2.1,26.1.1,Other,Cisco-IOS-XE-wireless-ap-types.yang,grouping content,st-hyperlocation,,/pak-rssi-threshold-trigger,property changed,leaf,leaf,units,[],"[""dBm""]"
26.2.1,26.1.1,Other,Cisco-IOS-XE-wireless-ap-types.yang,grouping content,st-ntp-server-info-cfg,,/trust-key,property changed,leaf,leaf,must,[],"[""((../key-format != 'ap-ntp-key-format-ascii') or (../trust-key-type != 'clear') or (string-length(current()) <= 20))"", ""((../key-format != 'ap-ntp-key-format-hex') or (../trust-key-type != 'clear') or (string-length(current()) <= 40))""]"
26.2.1,26.1.1,Other,Cisco-IOS-XE-wireless-ap-types.yang,grouping content,st-tetragon-config,,/status,new grouping data node,,leaf,,,
26.2.1,26.1.1,Other,Cisco-IOS-XE-wireless-ap-types.yang,grouping content,st-tetragon-config,,/ddn-status,new grouping data node,,leaf,,,
26.2.1,26.1.1,Oper,Cisco-IOS-XE-wireless-ble-ltx-oper.yang,grouping content,ble-ltx-scan-config,,/scan-disc-mode,added data node,,leaf,,,
26.2.1,26.1.1,Oper,Cisco-IOS-XE-wireless-ble-ltx-oper.yang,grouping content,ble-ltx-scan-config,,/scan-mode,added data node,,leaf,,,
26.2.1,26.1.1,Oper,Cisco-IOS-XE-wireless-ble-ltx-oper.yang,grouping content,ble-ltx-scan-config,,/scan-phy,added data node,,leaf,,,
26.2.1,26.1.1,Oper,Cisco-IOS-XE-wireless-ble-ltx-oper.yang,grouping content,ble-ltx-scan-config-feedback,,/scan-disc-mode-status,added data node,,leaf,,,
26.2.1,26.1.1,Oper,Cisco-IOS-XE-wireless-ble-ltx-oper.yang,grouping content,ble-ltx-scan-config-feedback,,/scan-mode-status,added data node,,leaf,,,
26.2.1,26.1.1,Oper,Cisco-IOS-XE-wireless-ble-ltx-oper.yang,grouping content,ble-ltx-scan-config-feedback,,/scan-phy-status,added data node,,leaf,,,
26.2.1,26.1.1,Oper,Cisco-IOS-XE-wireless-cisco-spaces-oper.yang,grouping content,st-ewlc-caf-app,,/app-name,new grouping data node,,leaf,,,
26.2.1,26.1.1,Oper,Cisco-IOS-XE-wireless-cisco-spaces-oper.yang,grouping content,st-ewlc-caf-app,,/app-img,new grouping data node,,leaf,,,
26.2.1,26.1.1,Oper,Cisco-IOS-XE-wireless-cisco-spaces-oper.yang,grouping content,st-ewlc-caf-app,,/app-ip,new grouping data node,,leaf,,,
26.2.1,26.1.1,Oper,Cisco-IOS-XE-wireless-cisco-spaces-oper.yang,grouping content,st-ewlc-caf-app,,/app-netmask,new grouping data node,,leaf,,,
26.2.1,26.1.1,Oper,Cisco-IOS-XE-wireless-cisco-spaces-oper.yang,grouping content,st-ewlc-caf-app,,/app-gw,new grouping data node,,leaf,,,
26.2.1,26.1.1,Oper,Cisco-IOS-XE-wireless-cisco-spaces-oper.yang,grouping content,st-ewlc-caf-app,,/curr-state,new grouping data node,,leaf,,,
26.2.1,26.1.1,Oper,Cisco-IOS-XE-wireless-cisco-spaces-oper.yang,grouping content,st-ewlc-caf-app,,/app-natip,new grouping data node,,leaf,,,
26.2.1,26.1.1,Oper,Cisco-IOS-XE-wireless-cisco-spaces-oper.yang,grouping content,st-iot-auto-cfg-params,,/reason-code,added data node,,leaf,,,
26.2.1,26.1.1,Oper,Cisco-IOS-XE-wireless-client-global-oper.yang,grouping content,ap-emltd-by-list,,/data-usage,property changed,leaf,leaf,units,[],"[""bytes""]"
26.2.1,26.1.1,Oper,Cisco-IOS-XE-wireless-client-global-oper.yang,grouping content,ap-emltd-by-list,,/through-put,property changed,leaf,leaf,units,[],"[""bps""]"
26.2.1,26.1.1,Oper,Cisco-IOS-XE-wireless-client-global-oper.yang,grouping content,client-statistics,,/anchor-request-received,added data node,,leaf,,,
26.2.1,26.1.1,Oper,Cisco-IOS-XE-wireless-client-global-oper.yang,grouping content,client-statistics,,/pmk-r0-lookup-fail,added data node,,leaf,,,
26.2.1,26.1.1,Oper,Cisco-IOS-XE-wireless-client-global-oper.yang,grouping content,client-statistics,,/pmk-r0-lookup-requests,added data node,,leaf,,,
26.2.1,26.1.1,Oper,Cisco-IOS-XE-wireless-client-global-oper.yang,grouping content,client-statistics,,/pmk-r0-lookup-responses,added data node,,leaf,,,
26.2.1,26.1.1,Oper,Cisco-IOS-XE-wireless-client-global-oper.yang,grouping content,client-statistics,,/pmk-sa-lookup-fail,added data node,,leaf,,,
26.2.1,26.1.1,Oper,Cisco-IOS-XE-wireless-client-global-oper.yang,grouping content,client-statistics,,/pmk-sa-lookup-requests,added data node,,leaf,,,
26.2.1,26.1.1,Oper,Cisco-IOS-XE-wireless-client-global-oper.yang,grouping content,client-statistics,,/pmk-sa-lookup-responses,added data node,,leaf,,,
26.2.1,26.1.1,Oper,Cisco-IOS-XE-wireless-client-global-oper.yang,grouping content,client-statistics,,/sta-lookup-allow-sent,added data node,,leaf,,,
26.2.1,26.1.1,Oper,Cisco-IOS-XE-wireless-client-global-oper.yang,grouping content,client-statistics,,/sta-lookup-deny-sent,added data node,,leaf,,,
26.2.1,26.1.1,Oper,Cisco-IOS-XE-wireless-client-global-oper.yang,grouping content,client-statistics,,/sta-lookup-exclude-sent,added data node,,leaf,,,
26.2.1,26.1.1,Oper,Cisco-IOS-XE-wireless-client-global-oper.yang,grouping content,client-statistics,,/sta-lookup-requests,added data node,,leaf,,,
26.2.1,26.1.1,Oper,Cisco-IOS-XE-wireless-client-global-oper.yang,grouping content,client-statistics,,/sta-lookup-responses,added data node,,leaf,,,
26.2.1,26.1.1,Oper,Cisco-IOS-XE-wireless-client-global-oper.yang,grouping content,rssi-sample,,/rssi-value-a,property changed,leaf,leaf,units,[],"[""dBm""]"
26.2.1,26.1.1,Oper,Cisco-IOS-XE-wireless-client-global-oper.yang,grouping content,rssi-sample,,/rssi-value-b,property changed,leaf,leaf,units,[],"[""dBm""]"
26.2.1,26.1.1,Oper,Cisco-IOS-XE-wireless-client-global-oper.yang,grouping content,wlan-emltd-by-list,,/data-usage,property changed,leaf,leaf,units,[],"[""bytes""]"
26.2.1,26.1.1,Config,Cisco-IOS-XE-wireless-cts-sxp-cfg.yang,grouping content,cts-sxp-config-profile,,/listener-maximum-holdtime,property changed,leaf,leaf,units,[],"[""seconds""]"
26.2.1,26.1.1,Config,Cisco-IOS-XE-wireless-cts-sxp-cfg.yang,grouping content,cts-sxp-config-profile,,/listener-minimum-holdtime,property changed,leaf,leaf,units,[],"[""seconds""]"
26.2.1,26.1.1,Config,Cisco-IOS-XE-wireless-cts-sxp-cfg.yang,grouping content,cts-sxp-config-profile,,/reconcile-period,property changed,leaf,leaf,units,[],"[""seconds""]"
26.2.1,26.1.1,Config,Cisco-IOS-XE-wireless-cts-sxp-cfg.yang,grouping content,cts-sxp-config-profile,,/retry-period,property changed,leaf,leaf,units,[],"[""seconds""]"
26.2.1,26.1.1,Config,Cisco-IOS-XE-wireless-cts-sxp-cfg.yang,grouping content,cts-sxp-config-profile,,/speaker-holdtime,property changed,leaf,leaf,units,[],"[""seconds""]"
26.2.1,26.1.1,Config,Cisco-IOS-XE-wireless-dot11-cfg.yang,grouping content,dot11-80211-qos-pm-config,,/def-11ac,property changed,leaf,leaf,units,[],"[""bps""]"
26.2.1,26.1.1,Config,Cisco-IOS-XE-wireless-dot11-cfg.yang,grouping content,dot11-80211-qos-pm-config,,/def-11an,property changed,leaf,leaf,units,[],"[""bps""]"
26.2.1,26.1.1,Config,Cisco-IOS-XE-wireless-dot11-cfg.yang,grouping content,dot11-80211-qos-pm-config,,/def-11gn,property changed,leaf,leaf,units,[],"[""bps""]"
26.2.1,26.1.1,Config,Cisco-IOS-XE-wireless-dot11-cfg.yang,grouping content,spectrum-cfg,,/aq-polling-period,property changed,leaf,leaf,units,[],"[""minutes""]"
26.2.1,26.1.1,Config,Cisco-IOS-XE-wireless-dot11-cfg.yang,grouping content,spectrum-cfg,,/idrv-period,property changed,leaf,leaf,units,[],"[""seconds""]"
26.2.1,26.1.1,Config,Cisco-IOS-XE-wireless-general-cfg.yang,grouping content,st-ap-loc-ranging-cfg,,/derive-geolocation,property changed,leaf,leaf,default,"[""false""]","[""true""]"
26.2.1,26.1.1,Config,Cisco-IOS-XE-wireless-mesh-cfg.yang,grouping content,st-mesh-profile,,/bridgegroupname,property changed,leaf,leaf,type,"[""string {pattern ()|[!-~]([ -~]*[!-~])?}""]","[""string {length 0..10; pattern ()|[!-~]([ -~]*[!-~])?}""]"
26.2.1,26.1.1,Config,Cisco-IOS-XE-wireless-mesh-cfg.yang,grouping content,st-mesh-profile,,/description,property changed,leaf,leaf,type,"[""string""]","[""string {length 0..64}""]"
26.2.1,26.1.1,Oper,Cisco-IOS-XE-wireless-mesh-global-oper.yang,grouping content,st-emltd-mesh-path-info,,/rate,property changed,leaf,leaf,units,"[""Mbps""]",[]
26.2.1,26.1.1,Oper,Cisco-IOS-XE-wireless-mesh-oper.yang,grouping content,mesh-link-test-config,,/data-rate,property changed,leaf,leaf,units,[],"[""Mbps""]"
26.2.1,26.1.1,Oper,Cisco-IOS-XE-wireless-mesh-oper.yang,grouping content,mesh-link-test-config,,/pkts-per-sec,property changed,leaf,leaf,units,[],"[""pps""]"
26.2.1,26.1.1,Oper,Cisco-IOS-XE-wireless-mesh-oper.yang,grouping content,mesh-link-test-rssi-profile,,/buffer-rssi,property changed,leaf-list,leaf-list,units,[],"[""dBm""]"
26.2.1,26.1.1,Oper,Cisco-IOS-XE-wireless-mesh-oper.yang,grouping content,st-dca-result,,/next-best-chan-width,property changed,leaf,leaf,units,[],"[""MHz""]"
26.2.1,26.1.1,Oper,Cisco-IOS-XE-wireless-mesh-oper.yang,grouping content,st-mesh-wmm-data,,/mean-data-rate,property changed,leaf,leaf,units,[],"[""kbps""]"
26.2.1,26.1.1,Config,Cisco-IOS-XE-wireless-mstream-cfg.yang,grouping content,mstreamgrp,,/end-ip-addr,property changed,leaf,leaf,must,"[""starts-with(../end-ip-addr, '224.') or starts-with(../end-ip-addr, '225.') or\n            starts-with(../end-ip-addr, '226.') or starts-with(../end-ip-addr, '227.') or\n            starts-with(../end-ip-addr, '228.') or starts-with(../end-ip-addr, '229.') or\n            starts-with(../end-ip-addr, '230.') or starts-with(../end-ip-addr, '231.') or\n            starts-with(../end-ip-addr, '232.') or starts-with(../end-ip-addr, '233.') or\n            starts-with(../end-ip-addr, '234.') or starts-with(../end-ip-addr, '235.') or\n            starts-with(../end-ip-addr, '236.') or starts-with(../end-ip-addr, '237.') or\n            starts-with(../end-ip-addr, '238.') or starts-with(../end-ip-addr, '239.') or\n            contains(substring(../end-ip-addr, 1, 2), 'ff')""]","[""((starts-with(../end-ip-addr, '224.') or starts-with(../end-ip-addr, '225.') or\n            starts-with(../end-ip-addr, '226.') or starts-with(../end-ip-addr, '227.') or\n            starts-with(../end-ip-addr, '228.') or starts-with(../end-ip-addr, '229.') or\n            starts-with(../end-ip-addr, '230.') or starts-with(../end-ip-addr, '231.') or\n            starts-with(../end-ip-addr, '232.') or starts-with(../end-ip-addr, '233.') or\n            starts-with(../end-ip-addr, '234.') or starts-with(../end-ip-addr, '235.') or\n            starts-with(../end-ip-addr, '236.') or starts-with(../end-ip-addr, '237.') or\n            starts-with(../end-ip-addr, '238.') or starts-with(../end-ip-addr, '239.')) and (not(contains(substring(../start-ip-addr, 1, 2), 'ff')))) or\n            (contains(substring(../end-ip-addr, 1, 2), 'ff') and (contains(substring(../start-ip-addr, 1, 2), 'ff')))""]"
26.2.1,26.1.1,Config,Cisco-IOS-XE-wireless-rf-cfg.yang,grouping content,rfprofile,,/airtime-allocation,property changed,leaf,leaf,status,[],"[""obsolete""]"
26.2.1,26.1.1,Config,Cisco-IOS-XE-wireless-rf-cfg.yang,grouping content,rfprofile,,/atf-oper-mode,property changed,leaf,leaf,status,[],"[""obsolete""]"
26.2.1,26.1.1,Config,Cisco-IOS-XE-wireless-rf-cfg.yang,grouping content,rfprofile,,/atf-optimization,property changed,leaf,leaf,status,[],"[""obsolete""]"
26.2.1,26.1.1,Config,Cisco-IOS-XE-wireless-rf-cfg.yang,grouping content,rfprofile,,/bridge-client-access,property changed,leaf,leaf,status,[],"[""obsolete""]"
26.2.1,26.1.1,Config,Cisco-IOS-XE-wireless-rf-cfg.yang,grouping content,rfprofile,,/channel-width-max,property changed,leaf,leaf,default,"[""dca-ewlc-chan-width-cap-max""]","[""dca-ewlc-chan-width-cap-band-default""]"
26.2.1,26.1.1,Config,Cisco-IOS-XE-wireless-rf-cfg.yang,grouping content,rfprofile,,/channel-width-max,property changed,leaf,leaf,must,[],"[""((../band != 'dot11-2-dot-4-ghz-band') or\n            (current() = 'dca-ewlc-chan-width-cap-band-default'))"", ""((../band != 'dot11-5-ghz-band') or\n            ((current() != 'dca-ewlc-chan-width-cap-320-mhz') and\n             (current() != 'dca-ewlc-chan-width-cap-max')))"", ""((../band = 'dot11-2-dot-4-ghz-band') or\n            (../band = 'dot11-5-ghz-band' and (current() = 'dca-ewlc-chan-width-cap-320-mhz' or current() = 'dca-ewlc-chan-width-cap-max')) or\n            ((current() != 'dca-ewlc-chan-width-cap-band-default') or\n              (../band = 'dot11-5-ghz-band' and\n                ../channel-width-min != 'dca-ewlc-chan-width-cap-80-mhz' and\n                ../channel-width-min != 'dca-ewlc-chan-width-cap-160-mhz') or\n              (../band = 'dot11-6-ghz-band' and\n                ../channel-width-min != 'dca-ewlc-chan-width-cap-160-mhz' and\n                ../channel-width-min != 'dca-ewlc-chan-width-cap-max' and\n                ../channel-width-min != 'dca-ewlc-chan-width-cap-320-mhz')))"", ""((../band = 'dot11-2-dot-4-ghz-band') or\n            (current() = ../channel-width-min) or\n            (current() = 'dca-ewlc-chan-width-cap-band-default') or\n            (current() = 'dca-ewlc-chan-width-cap-320-mhz') or\n            (current() = 'dca-ewlc-chan-width-cap-max') or\n            (current() = 'dca-ewlc-chan-width-cap-40-mhz' and\n              ((../channel-width-min = 'dca-ewlc-chan-width-cap-20-mhz') or\n                (../band = 'dot11-5-ghz-band' and ../channel-width-min = 'dca-ewlc-chan-width-cap-band-default'))) or\n            (current() = 'dca-ewlc-chan-width-cap-80-mhz' and\n              ../channel-width-min != 'dca-ewlc-chan-width-cap-160-mhz' and\n              ../channel-width-min != 'dca-ewlc-chan-width-cap-320-mhz' and\n              ../channel-width-min != 'dca-ewlc-chan-width-cap-max') or\n            (current() = 'dca-ewlc-chan-width-cap-160-mhz' and\n              ../channel-width-min != 'dca-ewlc-chan-width-cap-320-mhz'))""]"
26.2.1,26.1.1,Config,Cisco-IOS-XE-wireless-rf-cfg.yang,grouping content,rfprofile,,/channel-width-min,property changed,leaf,leaf,default,"[""dca-ewlc-chan-width-cap-20-mhz""]","[""dca-ewlc-chan-width-cap-band-default""]"
26.2.1,26.1.1,Config,Cisco-IOS-XE-wireless-rf-cfg.yang,grouping content,rfprofile,,/channel-width-min,property changed,leaf,leaf,must,"[""(current() = 'dca-ewlc-chan-width-cap-40-mhz' and (../channel-width-max != 'dca-ewlc-chan-width-cap-20-mhz')) or\n            (current() = 'dca-ewlc-chan-width-cap-80-mhz' and (../channel-width-max != 'dca-ewlc-chan-width-cap-20-mhz' and ../channel-width-max != 'dca-ewlc-chan-width-cap-40-mhz')) or\n            (current() = 'dca-ewlc-chan-width-cap-160-mhz' and (../channel-width-max != 'dca-ewlc-chan-width-cap-20-mhz' and ../channel-width-max != 'dca-ewlc-chan-width-cap-40-mhz' and ../channel-width-max != 'dca-ewlc-chan-width-cap-80-mhz')) or\n            (current() = 'dca-ewlc-chan-width-cap-320-mhz' and (../channel-width-max != 'dca-ewlc-chan-width-cap-20-mhz' and ../channel-width-max != 'dca-ewlc-chan-width-cap-40-mhz' and ../channel-width-max != 'dca-ewlc-chan-width-cap-80-mhz' and ../channel-width-max != 'dca-ewlc-chan-width-cap-160-mhz')) or\n            (current() = 'dca-ewlc-chan-width-cap-max' and (../channel-width-max != 'dca-ewlc-chan-width-cap-20-mhz' and ../channel-width-max != 'dca-ewlc-chan-width-cap-40-mhz' and ../channel-width-max != 'dca-ewlc-chan-width-cap-80-mhz' and ../channel-width-max != 'dca-ewlc-chan-width-cap-160-mhz' and ../channel-width-max != 'dca-ewlc-chan-width-cap-320-mhz')) or\n            (current() = ../channel-width-max) or\n            (current() = 'dca-ewlc-chan-width-cap-20-mhz')""]","[""((../band != 'dot11-2-dot-4-ghz-band') or\n            (current() = 'dca-ewlc-chan-width-cap-band-default'))"", ""((../band != 'dot11-5-ghz-band') or\n            ((current() != 'dca-ewlc-chan-width-cap-320-mhz') and\n             (current() != 'dca-ewlc-chan-width-cap-max')))"", ""((../band = 'dot11-2-dot-4-ghz-band') or\n            (../band = 'dot11-5-ghz-band' and (current() = 'dca-ewlc-chan-width-cap-320-mhz' or current() = 'dca-ewlc-chan-width-cap-max')) or\n            ((current() != 'dca-ewlc-chan-width-cap-band-default') or\n              (../band = 'dot11-5-ghz-band' and\n                ../channel-width-max != 'dca-ewlc-chan-width-cap-20-mhz') or\n              (../band = 'dot11-6-ghz-band' and\n                ../channel-width-max != 'dca-ewlc-chan-width-cap-20-mhz' and\n                ../channel-width-max != 'dca-ewlc-chan-width-cap-40-mhz')))"", ""((../band = 'dot11-2-dot-4-ghz-band') or\n            (current() = ../channel-width-max) or\n            (current() = 'dca-ewlc-chan-width-cap-band-default') or\n            (current() = 'dca-ewlc-chan-width-cap-20-mhz') or\n            (../band = 'dot11-5-ghz-band' and (current() = 'dca-ewlc-chan-width-cap-320-mhz') or current() = 'dca-ewlc-chan-width-cap-max') or\n            (current() = 'dca-ewlc-chan-width-cap-40-mhz' and ../channel-width-max != 'dca-ewlc-chan-width-cap-20-mhz') or\n            (current() = 'dca-ewlc-chan-width-cap-80-mhz' and ../band = 'dot11-5-ghz-band' and\n              ../channel-width-max != 'dca-ewlc-chan-width-cap-20-mhz' and ../channel-width-max != 'dca-ewlc-chan-width-cap-40-mhz' and\n              ../channel-width-max != 'dca-ewlc-chan-width-cap-band-default') or\n            (current() = 'dca-ewlc-chan-width-cap-80-mhz' and ../band = 'dot11-6-ghz-band' and\n              ../channel-width-max != 'dca-ewlc-chan-width-cap-20-mhz' and ../channel-width-max != 'dca-ewlc-chan-width-cap-40-mhz') or\n            (current() = 'dca-ewlc-chan-width-cap-160-mhz' and\n              (../channel-width-max != 'dca-ewlc-chan-width-cap-20-mhz' and ../channel-width-max != 'dca-ewlc-chan-width-cap-40-mhz' and\n              ../channel-width-max != 'dca-ewlc-chan-width-cap-80-mhz' and ../channel-width-max != 'dca-ewlc-chan-width-cap-band-default')) or\n            (current() = 'dca-ewlc-chan-width-cap-max' and\n              (../channel-width-max = 'dca-ewlc-chan-width-cap-160-mhz' or\n               ../channel-width-max = 'dca-ewlc-chan-width-cap-320-mhz')))""]"
26.2.1,26.1.1,Config,Cisco-IOS-XE-wireless-rf-cfg.yang,grouping content,rfprofile,,/client-select-threshold,property changed,leaf,leaf,units,[],"[""percent""]"
26.2.1,26.1.1,Config,Cisco-IOS-XE-wireless-rf-cfg.yang,grouping content,rfprofile,,/rf-dca-chan-width,property changed,leaf,leaf,status,[],"[""deprecated""]"
26.2.1,26.1.1,Config,Cisco-IOS-XE-wireless-rf-cfg.yang,grouping content,rfprofile-default,,/channel-width-max,added data node,,leaf,,,
26.2.1,26.1.1,Config,Cisco-IOS-XE-wireless-rf-cfg.yang,grouping content,rfprofile-default,,/channel-width-min,added data node,,leaf,,,
26.2.1,26.1.1,Config,Cisco-IOS-XE-wireless-rf-cfg.yang,grouping content,rfprofile-default,,/airtime-allocation,property changed,leaf,leaf,status,[],"[""obsolete""]"
26.2.1,26.1.1,Config,Cisco-IOS-XE-wireless-rf-cfg.yang,grouping content,rfprofile-default,,/atf-oper-mode,property changed,leaf,leaf,status,[],"[""obsolete""]"
26.2.1,26.1.1,Config,Cisco-IOS-XE-wireless-rf-cfg.yang,grouping content,rfprofile-default,,/atf-optimization,property changed,leaf,leaf,status,[],"[""obsolete""]"
26.2.1,26.1.1,Config,Cisco-IOS-XE-wireless-rf-cfg.yang,grouping content,rfprofile-default,,/bridge-client-access,property changed,leaf,leaf,status,[],"[""obsolete""]"
26.2.1,26.1.1,Config,Cisco-IOS-XE-wireless-rf-cfg.yang,grouping content,rfprofile-default,,/client-select-threshold,property changed,leaf,leaf,units,[],"[""percent""]"
26.2.1,26.1.1,Config,Cisco-IOS-XE-wireless-rf-cfg.yang,grouping content,rfprofile-default,,/rf-dca-chan-width,property changed,leaf,leaf,status,[],"[""deprecated""]"
26.2.1,26.1.1,Config,Cisco-IOS-XE-wireless-rlan-cfg.yang,grouping content,st-flow-monitor,,/egress-enable,property changed,leaf,leaf,status,[],"[""deprecated""]"
26.2.1,26.1.1,Config,Cisco-IOS-XE-wireless-rlan-cfg.yang,grouping content,st-flow-monitor,,/flow-monitor-egress-name,property changed,leaf,leaf,status,[],"[""deprecated""]"
26.2.1,26.1.1,Config,Cisco-IOS-XE-wireless-rlan-cfg.yang,grouping content,st-flow-monitor,,/flow-monitor-ingress-name,property changed,leaf,leaf,status,[],"[""deprecated""]"
26.2.1,26.1.1,Config,Cisco-IOS-XE-wireless-rlan-cfg.yang,grouping content,st-flow-monitor,,/ingress-enable,property changed,leaf,leaf,status,[],"[""deprecated""]"
26.2.1,26.1.1,Config,Cisco-IOS-XE-wireless-rlan-cfg.yang,grouping content,st-rlan-policy-profile-config,,/flow-monitor-ipv4,property changed,container,container,status,[],"[""deprecated""]"
26.2.1,26.1.1,Config,Cisco-IOS-XE-wireless-rlan-cfg.yang,grouping content,st-rlan-policy-profile-config,,/flow-monitor-ipv6,property changed,container,container,status,[],"[""deprecated""]"
26.2.1,26.1.1,Config,Cisco-IOS-XE-wireless-rlan-cfg.yang,grouping content,st-split-tunnel,,/split-tunnel-gateway,property changed,leaf,leaf,status,[],"[""deprecated""]"
26.2.1,26.1.1,Config,Cisco-IOS-XE-wireless-rlan-cfg.yang,grouping content,st-split-tunnel,,/split-tunnel-netmask,property changed,leaf,leaf,status,[],"[""deprecated""]"
26.2.1,26.1.1,Config,Cisco-IOS-XE-wireless-rlan-cfg.yang,grouping content,st-split-tunnel,,/split-tunnel-override,property changed,leaf,leaf,status,[],"[""deprecated""]"
26.2.1,26.1.1,Config,Cisco-IOS-XE-wireless-rogue-cfg.yang,grouping content,rogue-global,,/rogue-cleanup-timer,property changed,leaf,leaf,units,[],"[""seconds""]"
26.2.1,26.1.1,Config,Cisco-IOS-XE-wireless-rogue-cfg.yang,grouping content,rogue-global,,/rogue-init-timer,property changed,leaf,leaf,units,[],"[""seconds""]"
26.2.1,26.1.1,Config,Cisco-IOS-XE-wireless-rogue-cfg.yang,grouping content,rogue-global,,/rogue-polling-interval,property changed,leaf,leaf,units,[],"[""seconds""]"
26.2.1,26.1.1,Oper,Cisco-IOS-XE-wireless-rogue-oper.yang,grouping content,st-rldp-stats,,/assoc-timeout,property changed,leaf,leaf,units,[],"[""seconds""]"
26.2.1,26.1.1,Oper,Cisco-IOS-XE-wireless-rogue-oper.yang,grouping content,st-rldp-stats,,/auth-timeout,property changed,leaf,leaf,units,[],"[""seconds""]"
26.2.1,26.1.1,Oper,Cisco-IOS-XE-wireless-rogue-oper.yang,grouping content,st-rldp-stats,,/dhcp-timeout,property changed,leaf,leaf,units,[],"[""seconds""]"
26.2.1,26.1.1,Oper,Cisco-IOS-XE-wireless-rogue-oper.yang,grouping content,st-rogue-data-per-band,,/chan-width,property changed,leaf,leaf,units,[],"[""MHz""]"
26.2.1,26.1.1,Config,Cisco-IOS-XE-wireless-rrm-cfg.yang,grouping content,rrm-rrm-config,,/chan-width-cap,property changed,leaf,leaf,must,[],"[""(. = 'dca-ewlc-chan-width-cap-40-mhz')""]"
26.2.1,26.1.1,Oper,Cisco-IOS-XE-wireless-rrm-oper.yang,grouping content,st-reg-blob-ap-data,,/ap-mac,new grouping data node,,leaf,,,
26.2.1,26.1.1,Oper,Cisco-IOS-XE-wireless-rrm-oper.yang,grouping content,st-reg-blob-ap-data,,/serial-num,new grouping data node,,leaf,,,
26.2.1,26.1.1,Oper,Cisco-IOS-XE-wireless-rrm-oper.yang,grouping content,st-reg-blob-ap-data,,/country-code,new grouping data node,,leaf,,,
26.2.1,26.1.1,Oper,Cisco-IOS-XE-wireless-rrm-oper.yang,grouping content,st-reg-blob-meta,,/created-by,new grouping data node,,leaf,,,
26.2.1,26.1.1,Oper,Cisco-IOS-XE-wireless-rrm-oper.yang,grouping content,st-reg-blob-meta,,/record-count,new grouping data node,,leaf,,,
26.2.1,26.1.1,Oper,Cisco-IOS-XE-wireless-rrm-oper.yang,grouping content,st-reg-blob-meta,,/org-id,new grouping data node,,leaf,,,
26.2.1,26.1.1,Oper,Cisco-IOS-XE-wireless-rrm-oper.yang,grouping content,st-reg-blob-meta,,/create-ts,new grouping data node,,leaf,,,
26.2.1,26.1.1,Oper,Cisco-IOS-XE-wireless-rrm-oper.yang,grouping content,st-reg-blob-meta,,/raf-name,new grouping data node,,leaf,,,
26.2.1,26.1.1,Config,Cisco-IOS-XE-wireless-site-cfg.yang,grouping content,ap-cfg-profile,,/tetragon-cfg,added data node,,container,,,
26.2.1,26.1.1,Config,Cisco-IOS-XE-wireless-site-cfg.yang,grouping content,ap-cfg-profile,,/tetragon-cfg/uses::wireless-ap-types:st-tetragon-config,added uses reference,,uses,uses,,wireless-ap-types:st-tetragon-config
26.2.1,26.1.1,Config,Cisco-IOS-XE-wireless-site-cfg.yang,grouping content,site-tag-config,,/wat-profile-name,added data node,,leaf,,,
26.2.1,26.1.1,Other,Cisco-IOS-XE-wireless-types.yang,grouping content,st-ap-proxy-cfg,,/hostname,property changed,leaf,leaf,type,"[""string""]","[""string {length 0..224; pattern ((https?://)?(([A-Za-z][A-Za-z0-9@.\\-]*|[0-9][A-Za-z0-9@.\\-]*[A-Za-z@\\-][A-Za-z0-9@.\\-]*)|((25[0-5]|2[0-4][0-9]|1[0-9]{2}|[1-9]?[0-9])\\.(25[0-5]|2[0-4][0-9]|1[0-9]{2}|[1-9]?[0-9])\\.(25[0-5]|2[0-4][0-9]|1[0-9]{2}|[1-9]?[0-9])\\.(25[0-5]|2[0-4][0-9]|1[0-9]{2}|[1-9]?[0-9]))|(\\[[a-fA-F0-9:]+\\])))?}""]"
26.2.1,26.1.1,Other,Cisco-IOS-XE-wireless-types.yang,grouping content,st-ap-proxy-cfg,,/no-proxy-list,property changed,leaf,leaf,type,"[""string""]","[""string {length 0..224; pattern ((([A-Za-z0-9@.:/?=%,&-]+)|(((([0-1]?[0-9]{1,2})|([2]?[0-5]{1,2})|([2]?[0-4][0-9]))[.]){3}(([0-1]?[0-9]{1,2})|([2]?[0-5]{1,2})|([2]?[0-4][1-9]))))*)*}""]"
26.2.1,26.1.1,Other,Cisco-IOS-XE-wireless-types.yang,grouping content,st-ap-proxy-cfg,,/password-type,property changed,leaf,leaf,default,[],"[""clear""]"
26.2.1,26.1.1,Config,Cisco-IOS-XE-wireless-urwb-cfg.yang,grouping content,st-urwb-nat-rule-list,,/inside-ip,new grouping data node,,leaf,,,
26.2.1,26.1.1,Config,Cisco-IOS-XE-wireless-urwb-cfg.yang,grouping content,st-urwb-nat-rule-list,,/in-port,new grouping data node,,leaf,,,
26.2.1,26.1.1,Config,Cisco-IOS-XE-wireless-urwb-cfg.yang,grouping content,urwb-profile,,/eth,added data node,,container,,,
26.2.1,26.1.1,Config,Cisco-IOS-XE-wireless-urwb-cfg.yang,grouping content,urwb-profile,,/eth/uses::wireless-urwb-common-types:st-urwb-eth,added uses reference,,uses,uses,,wireless-urwb-common-types:st-urwb-eth
26.2.1,26.1.1,Config,Cisco-IOS-XE-wireless-urwb-cfg.yang,grouping content,urwb-profile,,/nat,added data node,,container,,,
26.2.1,26.1.1,Config,Cisco-IOS-XE-wireless-urwb-cfg.yang,grouping content,urwb-profile,,/nat-rule-lists,added data node,,container,,,
26.2.1,26.1.1,Config,Cisco-IOS-XE-wireless-urwb-cfg.yang,grouping content,urwb-profile,,/nat-rule-lists/nat-rule-list,added data node,,list,,,
26.2.1,26.1.1,Config,Cisco-IOS-XE-wireless-urwb-cfg.yang,grouping content,urwb-profile,,/nat-rule-lists/nat-rule-list/uses::wireless-urwb-cfg:st-urwb-nat-rule-list,added uses reference,,uses,uses,,wireless-urwb-cfg:st-urwb-nat-rule-list
26.2.1,26.1.1,Config,Cisco-IOS-XE-wireless-urwb-cfg.yang,grouping content,urwb-profile,,/nat-rule-lists/nat-rule-list/uses::wireless-urwb-common-types:st-urwb-nat-rule-key,added uses reference,,uses,uses,,wireless-urwb-common-types:st-urwb-nat-rule-key
26.2.1,26.1.1,Config,Cisco-IOS-XE-wireless-urwb-cfg.yang,grouping content,urwb-profile,,/nat/uses::wireless-urwb-common-types:st-urwb-nat,added uses reference,,uses,uses,,wireless-urwb-common-types:st-urwb-nat
26.2.1,26.1.1,Config,Cisco-IOS-XE-wireless-urwb-cfg.yang,grouping content,urwb-profile,,/rad-srv-grp,added data node,,leaf,,,
26.2.1,26.1.1,Config,Cisco-IOS-XE-wireless-urwb-cfg.yang,grouping content,urwb-profile,,/passphr,property changed,leaf,leaf,must,[],"[""../passphr-type = 'aes' or translate(., '|;$<>&^~`?\\', '') = .""]"
26.2.1,26.1.1,Config,Cisco-IOS-XE-wireless-urwb-cfg.yang,grouping content,urwb-profile,,/passphr,property changed,leaf,leaf,type,"[""string {length 0..64; pattern [0-9a-zA-Z\\-_`^]*}""]","[""string {length 0..64; pattern [\t -~]*}""]"
26.2.1,26.1.1,Other,Cisco-IOS-XE-wireless-urwb-common-types.yang,grouping content,st-urwb-chan-list-entry,,/chan,property changed,leaf,leaf,type,"[""uint16 {range 1..233}""]","[""uint16 {range 1 .. 233}""]"
26.2.1,26.1.1,Other,Cisco-IOS-XE-wireless-urwb-common-types.yang,grouping content,st-urwb-eth,,/lan-id,new grouping data node,,leaf,,,
26.2.1,26.1.1,Other,Cisco-IOS-XE-wireless-urwb-common-types.yang,grouping content,st-urwb-eth,,/lan-poe,new grouping data node,,leaf,,,
26.2.1,26.1.1,Other,Cisco-IOS-XE-wireless-urwb-common-types.yang,grouping content,st-urwb-mob,,/egress-point,added data node,,leaf,,,
26.2.1,26.1.1,Other,Cisco-IOS-XE-wireless-urwb-common-types.yang,grouping content,st-urwb-mpls,,/ha-timeout,property changed,leaf,leaf,units,[],"[""milliseconds""]"
26.2.1,26.1.1,Other,Cisco-IOS-XE-wireless-urwb-common-types.yang,grouping content,st-urwb-nat,,/enable,new grouping data node,,leaf,,,
26.2.1,26.1.1,Other,Cisco-IOS-XE-wireless-urwb-common-types.yang,grouping content,st-urwb-nat,,/nat-addr,new grouping data node,,leaf,,,
26.2.1,26.1.1,Other,Cisco-IOS-XE-wireless-urwb-common-types.yang,grouping content,st-urwb-nat,,/net-mask,new grouping data node,,leaf,,,
26.2.1,26.1.1,Other,Cisco-IOS-XE-wireless-urwb-common-types.yang,grouping content,st-urwb-nat,,/out-port-min,new grouping data node,,leaf,,,
26.2.1,26.1.1,Other,Cisco-IOS-XE-wireless-urwb-common-types.yang,grouping content,st-urwb-nat,,/out-port-max,new grouping data node,,leaf,,,
26.2.1,26.1.1,Other,Cisco-IOS-XE-wireless-urwb-common-types.yang,grouping content,st-urwb-nat-rule-key,,/outside-port,new grouping data node,,leaf,,,
26.2.1,26.1.1,Other,Cisco-IOS-XE-wireless-urwb-common-types.yang,grouping content,st-urwb-nat-rule-key,,/proto,new grouping data node,,leaf,,,
26.2.1,26.1.1,Oper,Cisco-IOS-XE-wireless-urwb-oper.yang,grouping content,st-urwb-nat-rule-oper,,/proto,new grouping data node,,leaf,,,
26.2.1,26.1.1,Oper,Cisco-IOS-XE-wireless-urwb-oper.yang,grouping content,st-urwb-nat-rule-oper,,/outside-port,new grouping data node,,leaf,,,
26.2.1,26.1.1,Oper,Cisco-IOS-XE-wireless-urwb-oper.yang,grouping content,st-urwb-nat-rule-oper,,/inside-ip,new grouping data node,,leaf,,,
26.2.1,26.1.1,Oper,Cisco-IOS-XE-wireless-urwb-oper.yang,grouping content,st-urwb-nat-rule-oper,,/in-port,new grouping data node,,leaf,,,
26.2.1,26.1.1,Oper,Cisco-IOS-XE-wireless-urwb-oper.yang,grouping content,st-urwb-oper-data,,/cfg-nw-name,added data node,,leaf,,,
26.2.1,26.1.1,Oper,Cisco-IOS-XE-wireless-urwb-oper.yang,grouping content,st-urwb-oper-data,,/eth,added data node,,container,,,
26.2.1,26.1.1,Oper,Cisco-IOS-XE-wireless-urwb-oper.yang,grouping content,st-urwb-oper-data,,/eth/uses::wireless-urwb-common-types:st-urwb-eth,added uses reference,,uses,uses,,wireless-urwb-common-types:st-urwb-eth
26.2.1,26.1.1,Oper,Cisco-IOS-XE-wireless-urwb-oper.yang,grouping content,st-urwb-oper-data,,/nat,added data node,,container,,,
26.2.1,26.1.1,Oper,Cisco-IOS-XE-wireless-urwb-oper.yang,grouping content,st-urwb-oper-data,,/nat-rule-list,added data node,,list,,,
26.2.1,26.1.1,Oper,Cisco-IOS-XE-wireless-urwb-oper.yang,grouping content,st-urwb-oper-data,,/nat-rule-list/uses::wireless-urwb-oper:st-urwb-nat-rule-oper,added uses reference,,uses,uses,,wireless-urwb-oper:st-urwb-nat-rule-oper
26.2.1,26.1.1,Oper,Cisco-IOS-XE-wireless-urwb-oper.yang,grouping content,st-urwb-oper-data,,/nat/uses::wireless-urwb-common-types:st-urwb-nat,added uses reference,,uses,uses,,wireless-urwb-common-types:st-urwb-nat
26.2.1,26.1.1,Oper,Cisco-IOS-XE-wireless-urwb-oper.yang,grouping content,st-urwb-oper-data,,/nw-name,added data node,,leaf,,,
26.2.1,26.1.1,Oper,Cisco-IOS-XE-wireless-urwb-oper.yang,grouping content,st-urwb-oper-data,,/rad-srv,added data node,,list,,,
26.2.1,26.1.1,Oper,Cisco-IOS-XE-wireless-urwb-oper.yang,grouping content,st-urwb-oper-data,,/rad-srv/uses::wireless-urwb-oper:st-urwb-radius-server,added uses reference,,uses,uses,,wireless-urwb-oper:st-urwb-radius-server
26.2.1,26.1.1,Oper,Cisco-IOS-XE-wireless-urwb-oper.yang,grouping content,st-urwb-radius-server,,/ip-address,new grouping data node,,leaf,,,
26.2.1,26.1.1,Oper,Cisco-IOS-XE-wireless-urwb-oper.yang,grouping content,st-urwb-radius-server,,/auth-port,new grouping data node,,leaf,,,
26.2.1,26.1.1,Oper,Cisco-IOS-XE-wireless-urwbnet-oper.yang,grouping content,st-urwbnet-conn-dev,,/last-update,added data node,,leaf,,,
26.2.1,26.1.1,Oper,Cisco-IOS-XE-wireless-urwbnet-oper.yang,grouping content,st-urwbnet-coord-rt,,/nw-info,added data node,,container,,,
26.2.1,26.1.1,Oper,Cisco-IOS-XE-wireless-urwbnet-oper.yang,grouping content,st-urwbnet-coord-rt,,/nw-info/uses::wireless-oper-urwbnet:st-urwbnet-nw-name,added uses reference,,uses,uses,,wireless-oper-urwbnet:st-urwbnet-nw-name
26.2.1,26.1.1,Oper,Cisco-IOS-XE-wireless-urwbnet-oper.yang,grouping content,st-urwbnet-fix-lnk,,/nw-info,added data node,,container,,,
26.2.1,26.1.1,Oper,Cisco-IOS-XE-wireless-urwbnet-oper.yang,grouping content,st-urwbnet-fix-lnk,,/nw-info/uses::wireless-oper-urwbnet:st-urwbnet-nw-name,added uses reference,,uses,uses,,wireless-oper-urwbnet:st-urwbnet-nw-name
26.2.1,26.1.1,Oper,Cisco-IOS-XE-wireless-urwbnet-oper.yang,grouping content,st-urwbnet-mob-link,,/nw-info,added data node,,container,,,
26.2.1,26.1.1,Oper,Cisco-IOS-XE-wireless-urwbnet-oper.yang,grouping content,st-urwbnet-mob-link,,/nw-info/uses::wireless-oper-urwbnet:st-urwbnet-nw-name,added uses reference,,uses,uses,,wireless-oper-urwbnet:st-urwbnet-nw-name
26.2.1,26.1.1,Oper,Cisco-IOS-XE-wireless-urwbnet-oper.yang,grouping content,st-urwbnet-node,,/eth-mac,added data node,,leaf,,,
26.2.1,26.1.1,Oper,Cisco-IOS-XE-wireless-urwbnet-oper.yang,grouping content,st-urwbnet-node,,/nw-info,added data node,,container,,,
26.2.1,26.1.1,Oper,Cisco-IOS-XE-wireless-urwbnet-oper.yang,grouping content,st-urwbnet-node,,/nw-info/uses::wireless-oper-urwbnet:st-urwbnet-nw-name,added uses reference,,uses,uses,,wireless-oper-urwbnet:st-urwbnet-nw-name
26.2.1,26.1.1,Oper,Cisco-IOS-XE-wireless-urwbnet-oper.yang,grouping content,st-urwbnet-node-intf,,/band,added data node,,leaf,,,
26.2.1,26.1.1,Oper,Cisco-IOS-XE-wireless-urwbnet-oper.yang,grouping content,st-urwbnet-node-intf,,/radio-prof-name,added data node,,leaf,,,
26.2.1,26.1.1,Oper,Cisco-IOS-XE-wireless-urwbnet-oper.yang,grouping content,st-urwbnet-node-intf,,/slot-id,added data node,,leaf,,,
26.2.1,26.1.1,Oper,Cisco-IOS-XE-wireless-urwbnet-oper.yang,grouping content,st-urwbnet-nw-name,,/nw-id,new grouping data node,,leaf,,,
26.2.1,26.1.1,Oper,Cisco-IOS-XE-wireless-urwbnet-oper.yang,grouping content,st-urwbnet-nw-name,,/nw-name,new grouping data node,,leaf,,,
26.2.1,26.1.1,Oper,Cisco-IOS-XE-wireless-urwbnet-oper.yang,grouping content,st-urwbnet-nw-name,,/coord-mac,new grouping data node,,leaf,,,
26.2.1,26.1.1,Oper,Cisco-IOS-XE-wireless-urwbnet-oper.yang,grouping content,st-urwbnet-nw-name,,/coord-id,new grouping data node,,container,,,
26.2.1,26.1.1,Oper,Cisco-IOS-XE-wireless-urwbnet-oper.yang,grouping content,st-urwbnet-nw-name,,/coord-id/uses::wireless-oper-urwbnet:st-urwbnet-mesh-id,new uses reference,,uses,uses,,wireless-oper-urwbnet:st-urwbnet-mesh-id
26.2.1,26.1.1,Oper,Cisco-IOS-XE-wireless-urwbnet-oper.yang,grouping content,st-urwbnet-nw-name,,/last-update,new grouping data node,,leaf,,,
26.2.1,26.1.1,Oper,Cisco-IOS-XE-wireless-urwbnet-oper.yang,grouping content,st-urwbnet-subnet,,/last-update,added data node,,leaf,,,
26.2.1,26.1.1,Oper,Cisco-IOS-XE-wireless-urwbnet-oper.yang,grouping content,st-urwbnet-subnet,,/nw-id,added data node,,leaf,,,
26.2.1,26.1.1,Oper,Cisco-IOS-XE-wireless-urwbnet-oper.yang,grouping content,st-urwbnet-subnet,,/nw-name,added data node,,leaf,,,
26.2.1,26.1.1,Oper,Cisco-IOS-XE-wireless-urwbnet-oper.yang,grouping content,st-urwbnet-wfm,,/gi,property changed,leaf,leaf,units,"[""nanoseconds/microseconds""]","[""microseconds""]"
26.2.1,26.1.1,Oper,Cisco-IOS-XE-wireless-urwbnet-oper.yang,grouping content,st-urwbnet-wlink-stats,,/dl-mcs-rate,added data node,,leaf,,,
26.2.1,26.1.1,Oper,Cisco-IOS-XE-wireless-urwbnet-oper.yang,grouping content,st-urwbnet-wlink-stats,,/dl-rate,added data node,,leaf,,,
26.2.1,26.1.1,Oper,Cisco-IOS-XE-wireless-urwbnet-oper.yang,grouping content,st-urwbnet-wlink-stats,,/nw-info,added data node,,container,,,
26.2.1,26.1.1,Oper,Cisco-IOS-XE-wireless-urwbnet-oper.yang,grouping content,st-urwbnet-wlink-stats,,/nw-info/uses::wireless-oper-urwbnet:st-urwbnet-nw-name,added uses reference,,uses,uses,,wireless-oper-urwbnet:st-urwbnet-nw-name
26.2.1,26.1.1,Oper,Cisco-IOS-XE-wireless-urwbnet-oper.yang,grouping content,st-urwbnet-wlink-stats,,/ul-mcs-rate,added data node,,leaf,,,
26.2.1,26.1.1,Oper,Cisco-IOS-XE-wireless-urwbnet-oper.yang,grouping content,st-urwbnet-wlink-stats,,/ul-rate,added data node,,leaf,,,
26.2.1,26.1.1,Config,Cisco-IOS-XE-wireless-wat-cfg.yang,grouping content,wat-config,,/wat-wired-enable,added data node,,leaf,,,
26.2.1,26.1.1,Config,Cisco-IOS-XE-wireless-wat-cfg.yang,grouping content,wat-profile,,/profile-name,new grouping data node,,leaf,,,
26.2.1,26.1.1,Config,Cisco-IOS-XE-wireless-wat-cfg.yang,grouping content,wat-profile,,/desc,new grouping data node,,leaf,,,
26.2.1,26.1.1,Config,Cisco-IOS-XE-wireless-wat-cfg.yang,grouping content,wat-profile,,/enable,new grouping data node,,leaf,,,
26.2.1,26.1.1,Config,Cisco-IOS-XE-wireless-wat-cfg.yang,grouping content,wat-profile,,/test-wired,new grouping data node,,leaf,,,
26.2.1,26.1.1,Config,Cisco-IOS-XE-wireless-wat-cfg.yang,grouping content,wat-profile,,/test-wireless,new grouping data node,,leaf,,,
26.2.1,26.1.1,Config,Cisco-IOS-XE-wireless-wlan-cfg.yang,grouping content,st-dhcpv6-params,,/server-addr,new grouping data node,,leaf,,,
26.2.1,26.1.1,Config,Cisco-IOS-XE-wireless-wlan-cfg.yang,grouping content,st-dhcpv6-params,,/server-vrf-name,new grouping data node,,leaf,,,
26.2.1,26.1.1,Config,Cisco-IOS-XE-wireless-wlan-cfg.yang,grouping content,st-dhcpv6-params,,/relay-opt-vpn,new grouping data node,,leaf,,,
26.2.1,26.1.1,Config,Cisco-IOS-XE-wireless-wlan-cfg.yang,grouping content,st-wlan-policies,,/dhcpv6-params,added data node,,container,,,
26.2.1,26.1.1,Config,Cisco-IOS-XE-wireless-wlan-cfg.yang,grouping content,st-wlan-policies,,/dhcpv6-params/uses::wireless-wlan-cfg:st-dhcpv6-params,added uses reference,,uses,uses,,wireless-wlan-cfg:st-dhcpv6-params
26.2.1,26.1.1,Config,Cisco-IOS-XE-wireless-wlan-cfg.yang,grouping content,st-wlan-policies,,/urwb-params,added data node,,container,,,
26.2.1,26.1.1,Config,Cisco-IOS-XE-wireless-wlan-cfg.yang,grouping content,st-wlan-policies,,/urwb-params/uses::wireless-wlan-cfg:urwb-access-cfg,added uses reference,,uses,uses,,wireless-wlan-cfg:urwb-access-cfg
26.2.1,26.1.1,Config,Cisco-IOS-XE-wireless-wlan-cfg.yang,grouping content,st-wlan-policies,,/atf-policy-map-entries,property changed,container,container,status,[],"[""obsolete""]"
26.2.1,26.1.1,Config,Cisco-IOS-XE-wireless-wlan-cfg.yang,grouping content,urwb-access-cfg,,/urwb-access,new grouping data node,,leaf,,,
26.2.1,26.1.1,Config,Cisco-IOS-XE-wireless-wlan-cfg.yang,grouping content,wlan-data-config-file,,/wlan-status,property changed,leaf,leaf,must,"[""(../wlan-status = 'false') or (../../ft-mode = 'dot11r-disabled') or ((../../auth-key-mgmt-dot1x = 'true') or (../../auth-key-mgmt-psk = 'true')\n            or (../../auth-key-mgmt-psk-sha256 = 'true') or (../../auth-key-mgmt-dot1x-sha256 = 'true')\n            or (../../auth-key-mgmt-ft-psk = 'true') or (../../auth-key-mgmt-ft-dot1x = 'true')\n            or (../../auth-key-mgmt-sae = 'true') or (../../auth-key-mgmt-ft-sae = 'true')\n            or (../../akm-sae-ext-key = 'true') or (../../akm-ft-sae-ext-key = 'true'))"", ""(../wlan-status = 'false') or (../../wpa2-enabled = 'false') or ((../../auth-key-mgmt-dot1x = 'true') or (../../auth-key-mgmt-psk = 'true')\n            or (../../auth-key-mgmt-psk-sha256 = 'true') or (../../auth-key-mgmt-dot1x-sha256 = 'true') or (../../auth-key-mgmt-cckm = 'true')\n            or (../../auth-key-mgmt-ft-psk = 'true') or (../../auth-key-mgmt-ft-dot1x = 'true') or (../../auth-key-mgmt-suite-b = 'true')\n            or (../../auth-key-mgmt-suite-b-192 = 'true'))"", ""(../wlan-status = 'false') or (../../wpa2-enabled = 'false') or (../../wpa2-aes = 'false')\n            or ((../../auth-key-mgmt-dot1x = 'true') or (../../auth-key-mgmt-psk = 'true') or\n            (../../auth-key-mgmt-psk-sha256 = 'true') or (../../auth-key-mgmt-dot1x-sha256 = 'true') or\n            (../../auth-key-mgmt-cckm = 'true') or (../../auth-key-mgmt-ft-psk = 'true') or\n            (../../auth-key-mgmt-ft-dot1x = 'true') or (../../auth-key-mgmt-sae = 'true') or\n            (../../auth-key-mgmt-ft-sae = 'true') or (../../akm-owe = 'true') or\n            (../../akm-sae-ext-key = 'true') or (../../akm-ft-sae-ext-key = 'true'))"", ""(../wlan-status = 'false') or (../../wpa2-enabled = 'false') or (../../wpa2-aes = 'true')\n            or ((../../auth-key-mgmt-dot1x = 'false') and (../../auth-key-mgmt-psk = 'false') and\n            (../../auth-key-mgmt-psk-sha256 = 'false') and (../../auth-key-mgmt-dot1x-sha256 = 'false') and\n            (../../auth-key-mgmt-cckm = 'false') and (../../auth-key-mgmt-ft-psk = 'false') and\n            (../../auth-key-mgmt-ft-dot1x = 'false') and (../../auth-key-mgmt-sae = 'false') and\n            (../../auth-key-mgmt-ft-sae = 'false'))"", ""(../wlan-status = 'false')\n            or (../../wpa3-enabled = 'false')\n            or ( (../../auth-key-mgmt-suite-b = 'true')\n                 and (../../rsn-cipher-suite-gcmp128 = 'true') )\n            or ( (../../auth-key-mgmt-suite-b-192 = 'true')\n                 and ( (../../rsn-cipher-suite-gcmp256 = 'true')\n                       or (../../rsn-cipher-suite-ccmp256 = 'true') ) )\n            or ( (../../wpa2-aes = 'true')\n                 and ( (../../auth-key-mgmt-dot1x-sha256 = 'true')\n                       or (../../auth-key-mgmt-ft-dot1x = 'true')\n                       or (../../auth-key-mgmt-sae = 'true')\n                       or (../../auth-key-mgmt-ft-sae = 'true')\n                       or (../../akm-owe = 'true') ) )\n            or ( ( (../../rsn-cipher-suite-gcmp256 = 'true')\n                   or (../../wpa2-aes = 'true') )\n                 and ( (../../akm-sae-ext-key = 'true')\n                       or (../../akm-ft-sae-ext-key = 'true')\n                       or (../../akm-owe = 'true') ) )"", ""(../wlan-status = 'false')\n            or (../../wpa3-enabled = 'false')\n            or (../../wpa2-enabled = 'true')\n            or ( (../../auth-key-mgmt-sae = 'false')\n                 and (../../akm-sae-ext-key = 'false') )\n            or (../../ft-mode = 'dot11r-disabled')\n            or ( (../../ft-mode = 'dot11r-enabled')\n                 and ( (../../auth-key-mgmt-ft-sae = 'true')\n                       or (../../akm-ft-sae-ext-key = 'true') ) )"", ""(../wlan-status = 'false') or (../../wpa3-enabled = 'false') or (../../akm-owe = 'false') or (../../ft-mode = 'dot11r-disabled')"", ""(../wlan-status = 'false') or (../../wpa3-enabled = 'false') or (../../wpa2-enabled = 'true') or (../../auth-key-mgmt-dot1x = 'false')"", ""(../wlan-status = 'false')\n            or (../../wpa3-enabled = 'true')\n            or ( (../../auth-key-mgmt-sae = 'false')\n                 and (../../auth-key-mgmt-ft-sae = 'false')\n                 and (../../akm-sae-ext-key = 'false')\n                 and (../../akm-ft-sae-ext-key = 'false')\n                 and (../../akm-owe = 'false') )"", ""(../wlan-status = 'false') or (../../wpa3-enabled = 'false') or (../../pmf-options = 'apf-vap-pmf-required') or ((../../wpa2-enabled = 'true') and (../../pmf-options = 'apf-vap-pmf-optional'))"", ""(../wlan-status = 'false') or (../../wpa3-enabled = 'false') or (../../wpa2-enabled = 'true') or ((../../auth-key-mgmt-psk = 'false') and (../../auth-key-mgmt-psk-sha256 = 'false') and (../../auth-key-mgmt-ft-psk = 'false'))"", ""(../wlan-status = 'false')\n            or (../../wpa3-enabled = 'false')\n            or (../../wpa2-enabled = 'false')\n            or ( (../../auth-key-mgmt-sae = 'false')\n                 and (../../auth-key-mgmt-ft-sae = 'false') )\n            or (../../auth-key-mgmt-psk = 'true')\n            or (../../auth-key-mgmt-psk-sha256 = 'true')\n            or (../../auth-key-mgmt-ft-psk = 'true')""]","[""(../wlan-status = 'false') or (../../ft-mode = 'dot11r-disabled') or ((../../auth-key-mgmt-dot1x = 'true') or (../../auth-key-mgmt-psk = 'true')\n            or (../../auth-key-mgmt-psk-sha256 = 'true') or (../../auth-key-mgmt-dot1x-sha256 = 'true')\n            or (../../auth-key-mgmt-ft-psk = 'true') or (../../auth-key-mgmt-ft-dot1x = 'true')\n            or (../../auth-key-mgmt-sae = 'true') or (../../auth-key-mgmt-ft-sae = 'true')\n            or (../../akm-sae-ext-key = 'true') or (../../akm-ft-sae-ext-key = 'true'))"", ""(../wlan-status = 'false') or (../../wpa2-enabled = 'false') or ((../../auth-key-mgmt-dot1x = 'true') or (../../auth-key-mgmt-psk = 'true')\n            or (../../auth-key-mgmt-psk-sha256 = 'true') or (../../auth-key-mgmt-dot1x-sha256 = 'true')\n            or (../../auth-key-mgmt-ft-psk = 'true') or (../../auth-key-mgmt-ft-dot1x = 'true') or (../../auth-key-mgmt-suite-b = 'true')\n            or (../../auth-key-mgmt-suite-b-192 = 'true'))"", ""(../wlan-status = 'false') or (../../wpa2-enabled = 'false') or (../../wpa2-aes = 'false')\n            or ((../../auth-key-mgmt-dot1x = 'true') or (../../auth-key-mgmt-psk = 'true') or\n            (../../auth-key-mgmt-psk-sha256 = 'true') or (../../auth-key-mgmt-dot1x-sha256 = 'true') or\n            (../../auth-key-mgmt-ft-psk = 'true') or\n            (../../auth-key-mgmt-ft-dot1x = 'true') or (../../auth-key-mgmt-sae = 'true') or\n            (../../auth-key-mgmt-ft-sae = 'true') or (../../akm-owe = 'true') or\n            (../../akm-sae-ext-key = 'true') or (../../akm-ft-sae-ext-key = 'true'))"", ""(../wlan-status = 'false') or (../../wpa2-enabled = 'false') or (../../wpa2-aes = 'true')\n            or ((../../auth-key-mgmt-dot1x = 'false') and (../../auth-key-mgmt-psk = 'false')\n                and (../../auth-key-mgmt-psk-sha256 = 'false') and (../../auth-key-mgmt-dot1x-sha256 = 'false')\n                and (../../auth-key-mgmt-ft-psk = 'false')\n                and (../../auth-key-mgmt-ft-dot1x = 'false') and (../../auth-key-mgmt-sae = 'false')\n                and (../../auth-key-mgmt-ft-sae = 'false'))\n            or ( (../../rsn-cipher-suite-gcmp256 = 'true')\n                 and ( (../../auth-key-mgmt-ft-dot1x = 'true') or (../../auth-key-mgmt-dot1x-sha256 = 'true') ) )"", ""(../wlan-status = 'false')\n            or (../../wpa3-enabled = 'false')\n            or ( (../../auth-key-mgmt-suite-b = 'true')\n                 and (../../rsn-cipher-suite-gcmp128 = 'true') )\n            or ( (../../auth-key-mgmt-suite-b-192 = 'true')\n                 and ( (../../rsn-cipher-suite-gcmp256 = 'true')\n                       or (../../rsn-cipher-suite-ccmp256 = 'true') ) )\n            or ( (../../wpa2-aes = 'true')\n                 and ( (../../auth-key-mgmt-dot1x-sha256 = 'true')\n                       or (../../auth-key-mgmt-ft-dot1x = 'true')\n                       or (../../auth-key-mgmt-sae = 'true')\n                       or (../../auth-key-mgmt-ft-sae = 'true')\n                       or (../../akm-owe = 'true') ) )\n            or ( ( (../../rsn-cipher-suite-gcmp256 = 'true')\n                   or (../../wpa2-aes = 'true') )\n                 and ( (../../akm-sae-ext-key = 'true')\n                       or (../../akm-ft-sae-ext-key = 'true')\n                       or (../../akm-owe = 'true')\n                       or (../../auth-key-mgmt-dot1x-sha256 = 'true')\n                       or (../../auth-key-mgmt-ft-dot1x = 'true') ) )"", ""(../wlan-status = 'false')\n            or (../../wpa3-enabled = 'false')\n            or (../../wpa2-enabled = 'true')\n            or ( (../../auth-key-mgmt-sae = 'false')\n                 and (../../akm-sae-ext-key = 'false') )\n            or (../../ft-mode = 'dot11r-disabled')\n            or ( (../../ft-mode = 'dot11r-enabled')\n                 and ( (../../auth-key-mgmt-ft-sae = 'true')\n                       or (../../akm-ft-sae-ext-key = 'true') ) )"", ""(../wlan-status = 'false') or (../../wpa3-enabled = 'false') or (../../akm-owe = 'false') or (../../ft-mode = 'dot11r-disabled')"", ""(../wlan-status = 'false') or (../../wpa3-enabled = 'false') or (../../wpa2-enabled = 'true') or (../../auth-key-mgmt-dot1x = 'false')"", ""(../wlan-status = 'false')\n            or (../../wpa3-enabled = 'true')\n            or ( (../../auth-key-mgmt-sae = 'false')\n                 and (../../auth-key-mgmt-ft-sae = 'false')\n                 and (../../akm-sae-ext-key = 'false')\n                 and (../../akm-ft-sae-ext-key = 'false')\n                 and (../../akm-owe = 'false') )"", ""(../wlan-status = 'false') or (../../wpa3-enabled = 'false') or (../../pmf-options = 'apf-vap-pmf-required') or ((../../wpa2-enabled = 'true') and (../../pmf-options = 'apf-vap-pmf-optional'))"", ""(../wlan-status = 'false') or (../../wpa3-enabled = 'false') or (../../wpa2-enabled = 'true') or ((../../auth-key-mgmt-psk = 'false') and (../../auth-key-mgmt-psk-sha256 = 'false') and (../../auth-key-mgmt-ft-psk = 'false'))"", ""(../wlan-status = 'false')\n            or (../../wpa3-enabled = 'false')\n            or (../../wpa2-enabled = 'false')\n            or ( (../../auth-key-mgmt-sae = 'false')\n                 and (../../auth-key-mgmt-ft-sae = 'false') )\n            or (../../auth-key-mgmt-psk = 'true')\n            or (../../auth-key-mgmt-psk-sha256 = 'true')\n            or (../../auth-key-mgmt-ft-psk = 'true')""]"
26.2.1,26.1.1,Config,Cisco-IOS-XE-wireless-wlan-cfg.yang,grouping content,wlan-profile,,/akm-ft-sae-ext-key,property changed,leaf,leaf,must,"[""(../akm-ft-sae-ext-key = 'false') or (string-length(../psk) > 0)"", ""(../akm-ft-sae-ext-key = 'false')\n            or ( (../wpa1-tkip = 'false')\n                 and (../wpa1-aes = 'false')\n                 and (../auth-key-mgmt-dot1x = 'false')\n                 and (../auth-key-mgmt-dot1x-sha256 = 'false')\n                 and (../auth-key-mgmt-ft-dot1x = 'false')\n                 and (../auth-key-mgmt-cckm = 'false') )"", ""(../akm-ft-sae-ext-key = 'false') or (../ft-mode = 'dot11r-enabled')"", ""(../akm-ft-sae-ext-key = 'false') or (../auth-key-mgmt-ft-dot1x = 'false')"", ""(../apf-vap-id-data/wlan-status = 'false')\n            or (../wpa3-enabled = 'false')\n            or (../wpa2-enabled = 'false')\n            or (../akm-ft-sae-ext-key = 'false')\n            or (../auth-key-mgmt-psk = 'true')\n            or (../auth-key-mgmt-psk-sha256 = 'true')\n            or (../auth-key-mgmt-ft-psk = 'true')"", ""(../apf-vap-id-data/wlan-status = 'false')\n            or (../akm-ft-sae-ext-key = 'false')\n            or (../sae-pwe-mode != 'hunting-and-pecking-only')"", ""(../apf-vap-id-data/wlan-status = 'false')\n            or (../akm-ft-sae-ext-key = 'false')\n            or (../wpa2-aes = 'true')\n            or (../rsn-cipher-suite-gcmp256 = 'true')""]","[""(../akm-ft-sae-ext-key = 'false') or (string-length(../psk) > 0)"", ""(../akm-ft-sae-ext-key = 'false')\n            or ( (../wpa1-tkip = 'false')\n                 and (../wpa1-aes = 'false')\n                 and (../auth-key-mgmt-dot1x = 'false')\n                 and (../auth-key-mgmt-dot1x-sha256 = 'false')\n                 and (../auth-key-mgmt-ft-dot1x = 'false'))"", ""(../akm-ft-sae-ext-key = 'false') or (../ft-mode = 'dot11r-enabled')"", ""(../akm-ft-sae-ext-key = 'false') or (../auth-key-mgmt-ft-dot1x = 'false')"", ""(../apf-vap-id-data/wlan-status = 'false')\n            or (../wpa3-enabled = 'false')\n            or (../wpa2-enabled = 'false')\n            or (../akm-ft-sae-ext-key = 'false')\n            or (../auth-key-mgmt-psk = 'true')\n            or (../auth-key-mgmt-psk-sha256 = 'true')\n            or (../auth-key-mgmt-ft-psk = 'true')"", ""(../apf-vap-id-data/wlan-status = 'false')\n            or (../akm-ft-sae-ext-key = 'false')\n            or (../sae-pwe-mode != 'hunting-and-pecking-only')"", ""(../apf-vap-id-data/wlan-status = 'false')\n            or (../akm-ft-sae-ext-key = 'false')\n            or (../wpa2-aes = 'true')\n            or (../rsn-cipher-suite-gcmp256 = 'true')""]"
26.2.1,26.1.1,Config,Cisco-IOS-XE-wireless-wlan-cfg.yang,grouping content,wlan-profile,,/akm-owe,property changed,leaf,leaf,must,"[""(../akm-owe = 'false')\n            or ( (../auth-key-mgmt-sae = 'false')\n                 and (../auth-key-mgmt-ft-sae = 'false')\n                 and (../akm-sae-ext-key = 'false')\n                 and (../akm-ft-sae-ext-key = 'false') )"", ""(../akm-owe = 'false') or ((../akm-owe = 'true') and (../wpa1-tkip = 'false') and (../wpa1-aes = 'false') and (../auth-key-mgmt-psk = 'false') and (../auth-key-mgmt-psk-sha256 = 'false') and (../auth-key-mgmt-ft-psk = 'false') and (../auth-key-mgmt-dot1x = 'false') and (../auth-key-mgmt-dot1x-sha256 = 'false') and (../auth-key-mgmt-ft-dot1x = 'false') and (../auth-key-mgmt-cckm = 'false') and (../auth-key-mgmt-suite-b-192='false') and (../auth-key-mgmt-suite-b='false'))"", ""(../akm-owe = 'false') or ((../akm-owe = 'true') and (../wpa2-enabled = 'false'))"", ""(../apf-vap-id-data/wlan-status = 'false')\n            or (../akm-owe = 'false')\n            or (../wpa2-aes = 'true')\n            or (../rsn-cipher-suite-gcmp256 = 'true')""]","[""(../akm-owe = 'false')\n            or ( (../auth-key-mgmt-sae = 'false')\n                 and (../auth-key-mgmt-ft-sae = 'false')\n                 and (../akm-sae-ext-key = 'false')\n                 and (../akm-ft-sae-ext-key = 'false') )"", ""(../akm-owe = 'false') or ((../akm-owe = 'true') and (../wpa1-tkip = 'false') and (../wpa1-aes = 'false') and (../auth-key-mgmt-psk = 'false') and (../auth-key-mgmt-psk-sha256 = 'false') and (../auth-key-mgmt-ft-psk = 'false') and (../auth-key-mgmt-dot1x = 'false') and (../auth-key-mgmt-dot1x-sha256 = 'false') and (../auth-key-mgmt-ft-dot1x = 'false') and (../auth-key-mgmt-suite-b-192='false') and (../auth-key-mgmt-suite-b='false'))"", ""(../akm-owe = 'false') or ((../akm-owe = 'true') and (../wpa2-enabled = 'false'))"", ""(../apf-vap-id-data/wlan-status = 'false')\n            or (../akm-owe = 'false')\n            or (../wpa2-aes = 'true')\n            or (../rsn-cipher-suite-gcmp256 = 'true')""]"
26.2.1,26.1.1,Config,Cisco-IOS-XE-wireless-wlan-cfg.yang,grouping content,wlan-profile,,/akm-sae-ext-key,property changed,leaf,leaf,must,"[""(../akm-sae-ext-key = 'false') or (string-length(../psk) > 0)"", ""(../akm-sae-ext-key = 'false')\n            or ( (../akm-sae-ext-key = 'true')\n                 and (../wpa1-tkip = 'false')\n                 and (../wpa1-aes = 'false')\n                 and (../auth-key-mgmt-dot1x = 'false')\n                 and (../auth-key-mgmt-dot1x-sha256 = 'false')\n                 and (../auth-key-mgmt-ft-dot1x = 'false')\n                 and (../auth-key-mgmt-cckm = 'false') )"", ""(../apf-vap-id-data/wlan-status = 'false')\n            or (../wpa3-enabled = 'false')\n            or (../wpa2-enabled = 'false')\n            or (../akm-sae-ext-key = 'false')\n            or (../auth-key-mgmt-psk = 'true')\n            or (../auth-key-mgmt-psk-sha256 = 'true')\n            or (../auth-key-mgmt-ft-psk = 'true')"", ""(../apf-vap-id-data/wlan-status = 'false')\n            or (../akm-sae-ext-key = 'false')\n            or (../sae-pwe-mode != 'hunting-and-pecking-only')"", ""(../apf-vap-id-data/wlan-status = 'false')\n            or (../akm-sae-ext-key = 'false')\n            or (../wpa2-aes = 'true')\n            or (../rsn-cipher-suite-gcmp256 = 'true')""]","[""(../akm-sae-ext-key = 'false') or (string-length(../psk) > 0)"", ""(../akm-sae-ext-key = 'false')\n            or ( (../akm-sae-ext-key = 'true')\n                 and (../wpa1-tkip = 'false')\n                 and (../wpa1-aes = 'false')\n                 and (../auth-key-mgmt-dot1x = 'false')\n                 and (../auth-key-mgmt-dot1x-sha256 = 'false')\n                 and (../auth-key-mgmt-ft-dot1x = 'false') )"", ""(../apf-vap-id-data/wlan-status = 'false')\n            or (../wpa3-enabled = 'false')\n            or (../wpa2-enabled = 'false')\n            or (../akm-sae-ext-key = 'false')\n            or (../auth-key-mgmt-psk = 'true')\n            or (../auth-key-mgmt-psk-sha256 = 'true')\n            or (../auth-key-mgmt-ft-psk = 'true')"", ""(../apf-vap-id-data/wlan-status = 'false')\n            or (../akm-sae-ext-key = 'false')\n            or (../sae-pwe-mode != 'hunting-and-pecking-only')"", ""(../apf-vap-id-data/wlan-status = 'false')\n            or (../akm-sae-ext-key = 'false')\n            or (../wpa2-aes = 'true')\n            or (../rsn-cipher-suite-gcmp256 = 'true')""]"
26.2.1,26.1.1,Config,Cisco-IOS-XE-wireless-wlan-cfg.yang,grouping content,wlan-profile,,/auth-key-mgmt-cckm,property changed,leaf,leaf,status,[],"[""obsolete""]"
26.2.1,26.1.1,Config,Cisco-IOS-XE-wireless-wlan-cfg.yang,grouping content,wlan-profile,,/auth-key-mgmt-ft-dot1x,property changed,leaf,leaf,must,[],"[""(../auth-key-mgmt-ft-dot1x = 'false') or (../ft-mode = 'dot11r-enabled')"", ""(../auth-key-mgmt-ft-dot1x = 'false') or\n            ((../auth-key-mgmt-sae = 'false') and\n             (../auth-key-mgmt-ft-sae = 'false') and\n             (../akm-sae-ext-key = 'false') and\n             (../akm-ft-sae-ext-key = 'false'))""]"
26.2.1,26.1.1,Config,Cisco-IOS-XE-wireless-wlan-cfg.yang,grouping content,wlan-profile,,/auth-key-mgmt-ft-psk,property changed,leaf,leaf,must,[],"[""(../auth-key-mgmt-ft-psk = 'false') or (../ft-mode = 'dot11r-enabled')""]"
26.2.1,26.1.1,Config,Cisco-IOS-XE-wireless-wlan-cfg.yang,grouping content,wlan-profile,,/auth-key-mgmt-ft-sae,property changed,leaf,leaf,must,"[""(../auth-key-mgmt-ft-sae = 'false') or (string-length(../psk) > 0)"", ""(../auth-key-mgmt-ft-sae = 'false') or ((../wpa1-tkip = 'false') and (../wpa1-aes = 'false') and (../auth-key-mgmt-dot1x = 'false') and (../auth-key-mgmt-dot1x-sha256 = 'false') and (../auth-key-mgmt-ft-dot1x = 'false') and (../auth-key-mgmt-cckm = 'false') and (../auth-key-mgmt-suite-b-192 = 'false') and (../auth-key-mgmt-suite-b = 'false'))"", ""(../auth-key-mgmt-ft-sae = 'false') or (../ft-mode = 'dot11r-enabled')"", ""(../auth-key-mgmt-ft-sae = 'false') or ((../auth-key-mgmt-suite-b-192 = 'false') and (../auth-key-mgmt-suite-b = 'false'))"", ""(../auth-key-mgmt-ft-sae = 'false') or (../auth-key-mgmt-ft-dot1x = 'false')""]","[""(../auth-key-mgmt-ft-sae = 'false') or (string-length(../psk) > 0)"", ""(../auth-key-mgmt-ft-sae = 'false') or ((../wpa1-tkip = 'false') and (../wpa1-aes = 'false') and (../auth-key-mgmt-dot1x = 'false') and (../auth-key-mgmt-dot1x-sha256 = 'false') and (../auth-key-mgmt-ft-dot1x = 'false') and (../auth-key-mgmt-suite-b-192 = 'false') and (../auth-key-mgmt-suite-b = 'false'))"", ""(../auth-key-mgmt-ft-sae = 'false') or (../ft-mode = 'dot11r-enabled')"", ""(../auth-key-mgmt-ft-sae = 'false') or ((../auth-key-mgmt-suite-b-192 = 'false') and (../auth-key-mgmt-suite-b = 'false'))"", ""(../auth-key-mgmt-ft-sae = 'false') or (../auth-key-mgmt-ft-dot1x = 'false')""]"
26.2.1,26.1.1,Config,Cisco-IOS-XE-wireless-wlan-cfg.yang,grouping content,wlan-profile,,/auth-key-mgmt-psk,property changed,leaf,leaf,must,"[""(../apf-vap-id-data/wlan-status = 'false') or (../auth-key-mgmt-psk = 'false') or ((../auth-key-mgmt-psk = 'true') and ((string-length(../psk) > 0) or (../easy-psk = 'true') or ((../mpsk-enable = 'true') and (count(../mpsk-keys/mpsk-key) > 0))))"", ""(../apf-vap-id-data/wlan-status = 'false') or (../auth-key-mgmt-psk = 'false') or (../auth-key-mgmt-psk = 'true') and ((string-length(../psk) > 0) or (../auth-key-mgmt-cckm = 'false'))""]","[""(../apf-vap-id-data/wlan-status = 'false') or (../auth-key-mgmt-psk = 'false') or ((../auth-key-mgmt-psk = 'true') and ((string-length(../psk) > 0) or (../easy-psk = 'true') or ((../mpsk-enable = 'true') and (count(../mpsk-keys/mpsk-key) > 0))))""]"
26.2.1,26.1.1,Config,Cisco-IOS-XE-wireless-wlan-cfg.yang,grouping content,wlan-profile,,/auth-key-mgmt-sae,property changed,leaf,leaf,must,"[""(../auth-key-mgmt-sae = 'false') or ((../auth-key-mgmt-sae = 'true') and  (string-length(../psk) > 0))"", ""(../auth-key-mgmt-sae = 'false') or ((../auth-key-mgmt-sae = 'true') and (../wpa1-tkip = 'false') and (../wpa1-aes = 'false') and (../auth-key-mgmt-dot1x = 'false') and (../auth-key-mgmt-dot1x-sha256 = 'false') and (../auth-key-mgmt-ft-dot1x = 'false') and (../auth-key-mgmt-cckm = 'false')\n            and (../auth-key-mgmt-suite-b = 'false') and (../auth-key-mgmt-suite-b-192 = 'false'))""]","[""(../auth-key-mgmt-sae = 'false') or ((../auth-key-mgmt-sae = 'true') and  (string-length(../psk) > 0))"", ""(../auth-key-mgmt-sae = 'false') or ((../auth-key-mgmt-sae = 'true') and (../wpa1-tkip = 'false') and (../wpa1-aes = 'false') and (../auth-key-mgmt-dot1x = 'false') and (../auth-key-mgmt-dot1x-sha256 = 'false') and (../auth-key-mgmt-ft-dot1x = 'false')\n            and (../auth-key-mgmt-suite-b = 'false') and (../auth-key-mgmt-suite-b-192 = 'false'))""]"
26.2.1,26.1.1,Config,Cisco-IOS-XE-wireless-wlan-cfg.yang,grouping content,wlan-profile,,/cckm-tsf-tolerance,property changed,leaf,leaf,status,[],"[""obsolete""]"
26.2.1,26.1.1,Config,Cisco-IOS-XE-wireless-wlan-cfg.yang,grouping content,wlan-profile,,/easy-psk,property changed,leaf,leaf,must,"[""(../easy-psk = 'false') or (../easy-psk = 'true' and  ../auth-key-mgmt-cckm = 'false')"", ""(../easy-psk = 'false') or (../easy-psk = 'true' and  ../wpa3-enabled = 'false')"", ""(../easy-psk = 'false') or (../easy-psk = 'true' and  ../mpsk-enable = 'false')"", ""(../easy-psk = 'false') or (../easy-psk = 'true' and  string-length(../psk) = 0)"", ""(../apf-vap-id-data/wlan-status = 'false') or (../easy-psk = 'false') or (../easy-psk = 'true' and  string-length(../mac-filtering-list) > 0)"", ""(../apf-vap-id-data/wlan-status = 'false') or (../easy-psk = 'false') or (../easy-psk = 'true' and  ../auth-key-mgmt-psk = 'true')""]","[""(../easy-psk = 'false') or (../easy-psk = 'true' and  ../wpa3-enabled = 'false')"", ""(../easy-psk = 'false') or (../easy-psk = 'true' and  ../mpsk-enable = 'false')"", ""(../easy-psk = 'false') or (../easy-psk = 'true' and  string-length(../psk) = 0)"", ""(../apf-vap-id-data/wlan-status = 'false') or (../easy-psk = 'false') or (../easy-psk = 'true' and  string-length(../mac-filtering-list) > 0)"", ""(../apf-vap-id-data/wlan-status = 'false') or (../easy-psk = 'false') or (../easy-psk = 'true' and  ../auth-key-mgmt-psk = 'true')""]"
26.2.1,26.1.1,Config,Cisco-IOS-XE-wireless-wlan-cfg.yang,grouping content,wlan-profile,,/gtk-randomize,property changed,leaf,leaf,must,"[""(../gtk-randomize = 'false') or (../gtk-randomize = 'true' and  ../wpa3-enabled = 'false')""]",[]
26.2.1,26.1.1,Config,Cisco-IOS-XE-wireless-wlan-cfg.yang,grouping content,wlan-profile,,/load-balance,property changed,leaf,leaf,status,"[""deprecated""]","[""obsolete""]"
26.2.1,26.1.1,Config,Cisco-IOS-XE-wireless-wlan-cfg.yang,grouping content,wlan-profile,,/min-5ghz-datarate,property changed,leaf,leaf,must,[],"["". = 'rate-6m' or . = 'rate-9m' or . = 'rate-12m' or . = 'rate-18m' or . = 'rate-24m' or . = 'rate-36m' or . = 'rate-48m' or . = 'rate-54m'""]"
26.2.1,26.1.1,Config,Cisco-IOS-XE-wireless-wlan-cfg.yang,grouping content,wlan-profile,,/osen,property changed,leaf,leaf,must,"[""( ( (../wpa1-enabled           = 'false') and\n                (../auth-key-mgmt-cckm     = 'false') and\n                (../dot11-auth-type != 'apf-vap-80211-auth-shared-key')\n              ) or\n              (../osen = 'false')\n            )"", ""( (../wpa1-aes = 'false') or\n              (../osen = 'false') )"", ""( (../wpa3-enabled = 'false') or\n              (../osen = 'false') )"", ""( (../ft-mode = 'dot11r-disabled') or\n              (../osen = 'false') )"", ""( (../auth-key-mgmt-dot1x = 'true') or\n              (../osen = 'false') )"", ""( (../auth-key-mgmt-dot1x-sha256 = 'false') or\n              (../osen = 'false') )""]","[""( ( (../wpa1-enabled           = 'false') and\n                (../dot11-auth-type != 'apf-vap-80211-auth-shared-key')\n              ) or\n              (../osen = 'false')\n            )"", ""( (../wpa1-aes = 'false') or\n              (../osen = 'false') )"", ""( (../wpa3-enabled = 'false') or\n              (../osen = 'false') )"", ""( (../ft-mode = 'dot11r-disabled') or\n              (../osen = 'false') )"", ""( (../auth-key-mgmt-dot1x = 'true') or\n              (../osen = 'false') )"", ""( (../auth-key-mgmt-dot1x-sha256 = 'false') or\n              (../osen = 'false') )""]"
26.2.1,26.1.1,Config,Cisco-IOS-XE-wireless-wlan-cfg.yang,grouping content,wlan-profile,,/osen,property changed,leaf,leaf,status,"[""deprecated""]","[""obsolete""]"
26.2.1,26.1.1,Config,Cisco-IOS-XE-wireless-wlan-cfg.yang,grouping content,wlan-profile,,/rsn-cipher-suite-gcmp256,property changed,leaf,leaf,must,"[""(../apf-vap-id-data/wlan-status = 'false')\n            or (../rsn-cipher-suite-gcmp256 = 'false')\n            or (../auth-key-mgmt-suite-b = 'true')\n            or (../auth-key-mgmt-suite-b-192 = 'true')\n            or (../akm-owe = 'true')\n            or (../akm-sae-ext-key = 'true')\n            or (../akm-ft-sae-ext-key = 'true')""]","[""(../apf-vap-id-data/wlan-status = 'false')\n            or (../rsn-cipher-suite-gcmp256 = 'false')\n            or (../auth-key-mgmt-suite-b = 'true')\n            or (../auth-key-mgmt-suite-b-192 = 'true')\n            or (../akm-owe = 'true')\n            or (../akm-sae-ext-key = 'true')\n            or (../akm-ft-sae-ext-key = 'true')\n            or (../auth-key-mgmt-dot1x-sha256 = 'true')\n            or (../auth-key-mgmt-ft-dot1x = 'true')""]"
26.2.1,26.1.1,Config,Cisco-IOS-XE-wireless-wlan-cfg.yang,grouping content,wlan-profile,,/transition-mode-wlan-id,property changed,leaf,leaf,must,"[""(../transition-mode-wlan-id != ../wlan-id)"", ""(../transition-mode-wlan-id = 0) or\n            ( (../auth-key-mgmt-psk = 'false') and\n              (../auth-key-mgmt-dot1x = 'false') and\n              (../auth-key-mgmt-cckm = 'false') and\n              (../auth-key-mgmt-ft-dot1x = 'false') and\n              (../auth-key-mgmt-ft-psk = 'false') and\n              (../auth-key-mgmt-dot1x-sha256 = 'false') and\n              (../auth-key-mgmt-psk-sha256 = 'false') and\n              (../auth-key-mgmt-suite-b = 'false') and\n              (../auth-key-mgmt-suite-b-192 = 'false') and\n              (../auth-key-mgmt-sae = 'false') and\n              (../auth-key-mgmt-ft-sae = 'false') and\n              (../akm-sae-ext-key = 'false') and\n              (../akm-ft-sae-ext-key = 'false') )""]","[""(../transition-mode-wlan-id != ../wlan-id)"", ""(../transition-mode-wlan-id = 0) or\n            ( (../auth-key-mgmt-psk = 'false') and\n              (../auth-key-mgmt-dot1x = 'false') and\n              (../auth-key-mgmt-ft-dot1x = 'false') and\n              (../auth-key-mgmt-ft-psk = 'false') and\n              (../auth-key-mgmt-dot1x-sha256 = 'false') and\n              (../auth-key-mgmt-psk-sha256 = 'false') and\n              (../auth-key-mgmt-suite-b = 'false') and\n              (../auth-key-mgmt-suite-b-192 = 'false') and\n              (../auth-key-mgmt-sae = 'false') and\n              (../auth-key-mgmt-ft-sae = 'false') and\n              (../akm-sae-ext-key = 'false') and\n              (../akm-ft-sae-ext-key = 'false') )""]"
26.2.1,26.1.1,Config,Cisco-IOS-XE-wireless-wlan-cfg.yang,grouping content,wlan-profile,,/wpa3-enabled,property changed,leaf,leaf,must,"[""(../wpa3-enabled = 'false') or ((../wpa1-enabled= 'false') and ((../auth-key-mgmt-cckm = 'false') or ((../auth-key-mgmt-cckm = 'true') and (../wpa2-enabled = 'true'))))""]","[""(../wpa3-enabled = 'false') or (../wpa1-enabled= 'false')""]"
26.2.1,26.1.1,Config,Cisco-IOS-XE-wsma.yang,grouping content,config-wsma-grouping,,/profile/listener/transport,property changed,leaf,leaf,type,"[""enumeration {enum http; enum https; enum ssh; enum tls}""]","[""enumeration {enum http [status deprecated, value 0]; enum https [value 1]; enum ssh [value 2]; enum tls [value 3]}""]"
26.2.1,26.1.1,Other,Cisco-IOS-XE-xcopy-events.yang,grouping content,xcopy-event-fields,,/file-size,added data node,,leaf,,,
26.2.1,26.1.1,Other,Cisco-IOS-XE-xcopy-events.yang,grouping content,xcopy-event-fields,,/filesize,property changed,leaf,leaf,status,[],"[""deprecated""]"
26.2.1,26.1.1,RPC,Cisco-IOS-XE-xcopy-rpc.yang,grouping content,xcopy,,/destination-path,property changed,leaf,leaf,type,"[""string {length 0..4096; pattern [\\] A-Za-z0-9!\""#%&()*+,\\-./:;<=>^?@\\\\$_`{|}\\[']+}""]","[""string {length 0..4096; pattern [\\] A-Za-z0-9!\""#%&()*+,\\-./:;<=>^~?@\\\\$_`{|}\\[']+}""]"
26.2.1,26.1.1,RPC,Cisco-IOS-XE-xcopy-rpc.yang,grouping content,xcopy,,/source-path,property changed,leaf,leaf,type,"[""string {length 0..4096; pattern [\\] A-Za-z0-9!\""#%&()*+,\\-./:;<=>^?@\\\\$_`{|}\\[']+}""]","[""string {length 0..4096; pattern [\\] A-Za-z0-9!\""#%&()*+,\\-./:;<=>^~?@\\\\$_`{|}\\[']+}""]"
26.2.1,26.1.1,Config,Cisco-IOS-XE-yang-interfaces-cfg.yang,grouping content,dmi-ssh-cipher-algorithms,,/aes128-gcm,added data node,,leaf,,,
26.2.1,26.1.1,Oper,Cisco-IOS-XE-yang-interfaces-oper.yang,grouping content,dmi-ssh-cipher-algorithms-oper,,/aes128-gcm,added data node,,leaf,,,
